length, width, pattern, capture, instantiation, first_launch_api, first_launch_total, repeat_launch_api, repeat_launch_total, first_launch_device, blockingKernelTimeoutDetected, repeat_launch_device, blockingKernelTimeoutDetected, upload_api_time, updoad_device_time, blockingKernelTimeoutDetected, 
1, 4, 0, 10.480, 1576.855, 18.595, 60.033, 7.794, 17.843, 13.946, 1.000, 15.950, 1.000, 1.062, 4.088, 0.000, 
1, 4, 0, 10.179, 1413.909, 27.812, 43.852, 8.446, 18.254, 14.507, 1.000, 16.752, 1.000, 0.551, 10.099, 0.000, 
1, 4, 0, 6.602, 1439.508, 11.572, 27.722, 8.516, 31.960, 23.164, 1.000, 21.561, 1.000, 0.301, 2.605, 1.000, 
1, 4, 0, 5.240, 1426.382, 21.570, 37.250, 7.734, 22.071, 14.787, 1.000, 15.309, 0.000, 0.601, 3.567, 0.000, 
1, 4, 0, 5.531, 1457.671, 11.391, 22.893, 7.324, 33.283, 24.246, 1.000, 17.553, 1.000, 0.371, 6.452, 1.000, 
1, 4, 0, 5.451, 1388.982, 13.034, 24.866, 7.805, 18.024, 30.458, 1.000, 14.067, 0.000, 0.321, 3.006, 0.000, 
1, 4, 0, 5.450, 1391.897, 16.491, 30.778, 8.506, 19.848, 20.719, 1.000, 26.771, 1.000, 0.160, 6.492, 0.000, 
1, 4, 0, 4.248, 1644.102, 12.804, 22.883, 9.207, 19.216, 17.954, 0.000, 18.274, 1.000, 0.410, 11.902, 1.000, 
1, 4, 0, 5.000, 1668.397, 14.528, 70.172, 8.567, 20.599, 12.464, 1.000, 17.232, 0.000, 0.130, 11.542, 1.000, 
1, 4, 0, 4.358, 1553.121, 18.274, 26.309, 9.227, 20.308, 21.921, 1.000, 10.860, 1.000, 0.261, 2.765, 1.000, 
2, 4, 0, 5.901, 1471.608, 19.055, 45.004, 9.698, 21.190, 21.721, 1.000, 21.641, 1.000, 0.160, 10.420, 0.000, 
2, 4, 0, 6.071, 1438.094, 20.419, 32.121, 11.552, 27.371, 27.372, 1.000, 32.020, 1.000, 0.190, 3.166, 0.000, 
2, 4, 0, 4.819, 1406.094, 18.735, 29.295, 9.798, 24.586, 16.631, 1.000, 12.704, 0.000, 0.180, 2.846, 0.000, 
2, 4, 0, 5.370, 1447.752, 20.038, 44.935, 10.219, 21.310, 13.385, 1.000, 12.704, 1.000, 0.120, 4.448, 0.000, 
2, 4, 0, 6.402, 1415.382, 14.798, 29.255, 9.959, 34.264, 23.083, 1.000, 17.673, 0.000, 0.111, 2.765, 0.000, 
2, 4, 0, 5.310, 1441.842, 13.485, 41.077, 8.817, 20.889, 17.553, 1.000, 19.917, 0.000, 0.111, 5.650, 0.000, 
2, 4, 0, 5.119, 1444.497, 17.072, 27.361, 9.408, 23.044, 32.501, 1.000, 28.093, 1.000, 0.130, 2.725, 0.000, 
2, 4, 0, 5.490, 1452.391, 15.489, 36.439, 9.257, 22.001, 21.079, 1.000, 31.339, 0.000, 0.090, 4.769, 1.000, 
2, 4, 0, 6.873, 1511.722, 13.015, 33.373, 9.949, 34.605, 24.886, 1.000, 12.864, 1.000, 0.121, 2.846, 0.000, 
2, 4, 0, 5.310, 1436.021, 21.580, 42.910, 9.358, 22.042, 17.954, 1.000, 20.959, 1.000, 0.230, 7.214, 0.000, 
3, 4, 0, 8.165, 1490.763, 18.074, 35.507, 9.127, 36.158, 32.902, 1.000, 14.026, 0.000, 0.101, 3.606, 0.000, 
3, 4, 0, 6.251, 1452.011, 20.298, 35.116, 9.728, 41.568, 21.360, 1.000, 14.267, 0.000, 0.241, 2.925, 0.000, 
3, 4, 0, 6.122, 1437.884, 22.111, 34.785, 9.769, 40.366, 21.881, 1.000, 23.244, 1.000, 0.181, 2.685, 0.000, 
3, 4, 0, 7.274, 1577.837, 19.005, 40.426, 12.613, 45.826, 54.342, 1.000, 28.694, 0.000, 0.160, 11.341, 0.000, 
3, 4, 0, 6.662, 1465.736, 25.048, 46.318, 10.620, 38.231, 31.139, 1.000, 14.146, 0.000, 0.130, 2.966, 0.000, 
3, 4, 0, 6.613, 1578.839, 23.414, 47.178, 9.669, 24.697, 17.793, 1.000, 15.990, 1.000, 0.181, 12.103, 0.000, 
3, 4, 0, 11.401, 1571.676, 22.232, 46.467, 9.158, 24.687, 28.253, 1.000, 20.478, 0.000, 0.111, 3.085, 0.000, 
3, 4, 0, 6.923, 1415.652, 20.699, 45.796, 8.015, 26.310, 21.040, 0.000, 27.852, 0.000, 0.160, 3.927, 0.000, 
3, 4, 0, 6.963, 1760.351, 16.932, 31.739, 10.390, 25.238, 24.567, 1.000, 14.107, 0.000, 0.100, 2.846, 0.000, 
3, 4, 0, 7.083, 1440.289, 16.862, 31.158, 8.837, 32.922, 22.483, 0.000, 21.159, 1.000, 0.130, 9.297, 0.000, 
4, 4, 0, 8.666, 1606.822, 19.015, 67.076, 10.450, 27.962, 27.932, 0.000, 26.089, 0.000, 0.141, 2.885, 0.000, 
4, 4, 0, 8.105, 1447.732, 19.607, 47.339, 11.372, 39.405, 17.072, 1.000, 16.151, 0.000, 0.121, 3.126, 0.000, 
4, 4, 0, 7.805, 1521.131, 20.097, 43.762, 9.919, 30.077, 23.484, 1.000, 16.031, 0.000, 1.463, 13.836, 1.000, 
4, 4, 0, 37.941, 2554.714, 30.017, 50.876, 13.445, 50.014, 40.917, 1.000, 26.049, 0.000, 1.152, 2.765, 0.000, 
4, 4, 0, 18.495, 2408.990, 23.013, 42.169, 12.694, 30.036, 24.085, 1.000, 34.145, 1.000, 1.052, 2.725, 0.000, 
4, 4, 0, 17.473, 1534.846, 18.956, 40.136, 10.930, 28.283, 29.655, 0.000, 16.070, 0.000, 1.022, 2.805, 0.000, 
4, 4, 0, 27.632, 1609.747, 19.727, 58.821, 10.991, 44.223, 28.694, 0.000, 21.921, 0.000, 0.301, 2.806, 0.000, 
4, 4, 0, 13.215, 1576.294, 19.627, 41.598, 13.376, 31.129, 22.884, 1.000, 25.649, 0.000, 0.290, 3.246, 0.000, 
4, 4, 0, 9.328, 1614.736, 20.649, 43.302, 10.900, 29.846, 27.131, 1.000, 33.983, 0.000, 0.251, 2.725, 0.000, 
4, 4, 0, 8.626, 1453.835, 17.222, 44.303, 11.041, 30.638, 49.413, 0.000, 32.621, 0.000, 0.180, 4.087, 0.000, 
5, 4, 0, 9.327, 1584.480, 19.737, 51.597, 9.889, 36.639, 19.397, 0.000, 23.124, 0.000, 0.170, 4.288, 0.000, 
5, 4, 0, 9.899, 1570.854, 19.918, 42.490, 11.291, 41.057, 31.379, 0.000, 86.723, 0.000, 0.161, 3.967, 0.000, 
5, 4, 0, 20.007, 1617.622, 15.149, 44.624, 9.809, 39.635, 30.457, 0.000, 31.659, 0.000, 0.260, 2.845, 0.000, 
5, 4, 0, 8.957, 1651.125, 13.335, 38.122, 11.411, 44.363, 20.799, 0.000, 29.896, 0.000, 0.321, 2.885, 0.000, 
5, 4, 0, 11.031, 1686.060, 18.675, 54.172, 11.542, 55.515, 28.654, 1.000, 36.949, 0.000, 0.201, 3.487, 0.000, 
5, 4, 0, 8.907, 1569.842, 16.271, 46.137, 9.708, 32.491, 29.576, 0.000, 34.505, 0.000, 0.191, 3.005, 0.000, 
5, 4, 0, 10.189, 1438.615, 19.546, 51.967, 9.077, 34.776, 47.450, 0.000, 49.453, 0.000, 0.140, 2.965, 0.000, 
5, 4, 0, 8.707, 1538.793, 15.299, 49.844, 9.438, 39.725, 23.364, 0.000, 29.977, 0.000, 0.251, 3.006, 0.000, 
5, 4, 0, 10.159, 1631.799, 21.370, 44.654, 11.742, 37.891, 29.095, 0.000, 36.108, 0.000, 0.160, 5.570, 0.000, 
5, 4, 0, 8.857, 1630.856, 20.248, 54.672, 11.422, 48.151, 54.383, 1.000, 49.092, 0.000, 0.170, 2.806, 0.000, 
6, 4, 0, 10.260, 1563.409, 20.458, 62.237, 11.401, 45.104, 32.141, 0.000, 20.318, 0.000, 0.171, 2.846, 0.000, 
6, 4, 0, 10.059, 1606.721, 20.639, 46.317, 9.969, 32.902, 52.258, 0.000, 58.149, 0.000, 0.150, 3.967, 0.000, 
6, 4, 0, 9.989, 1612.602, 21.230, 70.172, 10.400, 40.286, 43.201, 0.000, 46.207, 0.000, 0.280, 4.207, 0.000, 
6, 4, 0, 11.341, 1486.325, 14.868, 64.662, 12.534, 41.328, 39.315, 0.000, 35.668, 0.000, 0.280, 2.805, 0.000, 
6, 4, 0, 21.931, 1603.335, 18.074, 64.601, 10.731, 53.942, 34.705, 0.000, 33.263, 0.000, 0.150, 4.248, 0.000, 
6, 4, 0, 11.412, 1444.356, 31.880, 52.338, 11.953, 35.567, 34.946, 0.000, 32.902, 0.000, 0.300, 3.005, 0.000, 
6, 4, 0, 10.159, 1584.510, 18.314, 72.316, 11.451, 49.623, 32.781, 0.000, 31.579, 0.000, 0.280, 4.208, 0.000, 
6, 4, 0, 10.830, 1514.759, 19.396, 46.277, 11.091, 42.740, 40.837, 0.000, 34.705, 0.000, 0.281, 2.845, 0.000, 
6, 4, 0, 21.700, 1599.478, 14.117, 70.603, 12.323, 63.570, 35.226, 0.000, 41.037, 0.000, 0.311, 4.168, 0.000, 
6, 4, 0, 12.003, 1568.530, 33.923, 119.895, 19.637, 40.977, 42.761, 0.000, 50.696, 1.000, 0.431, 5.771, 0.000, 
7, 4, 0, 13.656, 1510.390, 22.392, 54.833, 11.362, 175.060, 43.001, 0.000, 44.884, 0.000, 0.491, 4.289, 0.000, 
7, 4, 0, 12.944, 1468.832, 17.142, 63.269, 11.031, 46.147, 32.221, 0.000, 38.392, 0.000, 0.591, 5.250, 0.000, 
7, 4, 0, 14.107, 1467.380, 28.403, 72.766, 10.119, 60.413, 33.984, 0.000, 36.829, 0.000, 0.471, 2.765, 0.000, 
7, 4, 0, 16.190, 1631.598, 30.537, 84.809, 12.203, 48.792, 37.911, 0.000, 48.371, 0.000, 0.250, 4.568, 0.000, 
7, 4, 0, 12.463, 1459.174, 15.950, 46.939, 12.764, 50.856, 38.192, 0.000, 48.972, 0.000, 0.371, 3.006, 0.000, 
7, 4, 0, 13.395, 1418.507, 32.752, 70.583, 18.284, 42.330, 61.957, 0.000, 58.951, 0.000, 0.641, 3.807, 0.000, 
7, 4, 0, 12.093, 1759.489, 20.709, 76.474, 11.491, 50.214, 47.489, 0.000, 53.420, 0.000, 0.241, 3.967, 0.000, 
7, 4, 0, 11.913, 1763.967, 20.398, 133.110, 11.211, 42.299, 41.318, 0.000, 30.257, 0.000, 0.411, 3.045, 0.000, 
7, 4, 0, 12.564, 1671.413, 22.813, 71.674, 11.171, 52.599, 43.882, 0.000, 48.051, 0.000, 0.391, 3.727, 0.000, 
7, 4, 0, 11.291, 1410.974, 63.539, 83.447, 11.612, 41.989, 43.923, 0.000, 41.678, 0.000, 0.531, 3.647, 0.000, 
8, 4, 0, 14.257, 1738.810, 20.288, 74.159, 13.325, 50.165, 40.676, 0.000, 39.955, 0.000, 0.350, 3.486, 0.000, 
8, 4, 0, 14.808, 1577.336, 26.380, 77.225, 11.712, 53.039, 42.159, 0.000, 42.520, 0.000, 0.461, 3.246, 0.000, 
8, 4, 0, 18.525, 1583.438, 16.922, 61.135, 16.281, 55.514, 55.264, 0.000, 38.473, 0.000, 0.521, 3.928, 0.000, 
8, 4, 0, 13.064, 1557.239, 21.560, 56.416, 10.971, 46.087, 31.619, 0.000, 22.963, 0.000, 0.461, 3.006, 0.000, 
8, 4, 0, 19.616, 1412.526, 16.310, 62.107, 12.042, 45.726, 44.123, 0.000, 26.290, 0.000, 0.481, 2.925, 0.000, 
8, 4, 0, 12.704, 1413.648, 13.406, 65.985, 10.630, 56.826, 33.903, 0.000, 35.828, 0.000, 0.501, 3.928, 0.000, 
8, 4, 0, 12.774, 1449.546, 15.339, 60.363, 10.390, 45.556, 44.043, 0.000, 42.680, 0.000, 0.481, 3.928, 0.000, 
8, 4, 0, 13.104, 1304.363, 14.508, 46.508, 11.081, 47.960, 41.959, 0.000, 54.582, 0.000, 0.481, 3.807, 0.000, 
8, 4, 0, 12.794, 1539.826, 28.273, 65.293, 12.353, 98.485, 39.675, 0.000, 38.592, 0.000, 0.451, 3.286, 0.000, 
8, 4, 0, 13.325, 1455.657, 13.877, 77.406, 9.979, 187.773, 42.119, 0.000, 48.291, 0.000, 0.471, 3.487, 0.000, 
9, 4, 0, 14.357, 1433.526, 24.867, 82.184, 11.993, 47.169, 43.962, 0.000, 46.888, 0.000, 0.491, 4.048, 0.000, 
9, 4, 0, 15.329, 1530.909, 15.159, 87.935, 11.582, 71.906, 41.438, 0.000, 53.380, 0.000, 0.611, 2.725, 0.000, 
9, 4, 0, 13.616, 1574.200, 14.507, 63.419, 12.163, 55.965, 52.459, 0.000, 41.999, 0.000, 0.471, 4.288, 0.000, 
9, 4, 0, 13.235, 1528.915, 16.632, 64.211, 11.161, 57.729, 44.003, 0.000, 50.775, 0.000, 0.461, 3.888, 0.000, 
9, 4, 0, 14.217, 1553.591, 14.878, 66.185, 11.151, 62.898, 65.203, 0.000, 71.294, 0.000, 0.701, 3.487, 0.000, 
9, 4, 0, 13.476, 1677.404, 19.286, 82.806, 11.081, 56.376, 41.599, 0.000, 34.145, 0.000, 0.431, 2.845, 0.000, 
9, 4, 0, 14.989, 1426.773, 15.158, 71.584, 12.744, 56.276, 51.897, 0.000, 42.119, 0.000, 0.471, 3.446, 0.000, 
9, 4, 0, 14.648, 1583.417, 14.888, 65.574, 11.191, 58.219, 66.565, 0.000, 73.178, 0.000, 0.490, 11.301, 0.000, 
9, 4, 0, 18.785, 1629.164, 21.801, 67.206, 11.803, 51.437, 43.481, 0.000, 46.247, 0.000, 0.461, 3.006, 0.000, 
9, 4, 0, 14.607, 1434.687, 15.940, 60.534, 11.742, 50.686, 44.283, 0.000, 47.609, 0.000, 0.581, 2.845, 0.000, 
10, 4, 0, 15.610, 1455.647, 14.948, 71.074, 12.253, 61.035, 46.567, 0.000, 46.968, 0.000, 0.501, 2.685, 0.000, 
10, 4, 0, 24.376, 1654.722, 18.875, 79.069, 12.323, 59.391, 48.812, 0.000, 29.255, 0.000, 0.581, 5.610, 0.000, 
10, 4, 0, 15.529, 1387.149, 17.172, 90.149, 12.003, 66.345, 32.821, 0.000, 43.842, 0.000, 0.521, 3.126, 0.000, 
10, 4, 0, 15.388, 1474.833, 21.931, 78.558, 12.694, 67.296, 52.418, 0.000, 51.417, 0.000, 0.862, 5.129, 0.000, 
10, 4, 0, 16.892, 1755.401, 29.555, 109.947, 12.513, 73.317, 46.287, 0.000, 49.453, 0.000, 0.661, 3.046, 0.000, 
10, 4, 0, 14.798, 1401.836, 25.148, 66.185, 13.435, 64.571, 54.583, 0.000, 47.088, 0.000, 0.591, 3.847, 0.000, 
10, 4, 0, 14.538, 1415.411, 15.580, 62.969, 13.405, 57.217, 62.638, 0.000, 70.733, 0.000, 1.493, 3.928, 0.000, 
10, 4, 0, 14.227, 1565.273, 24.576, 75.492, 11.612, 57.979, 56.346, 0.000, 52.780, 0.000, 0.501, 5.210, 0.000, 
10, 4, 0, 13.595, 1559.222, 15.740, 83.017, 12.353, 76.243, 49.252, 0.000, 53.661, 0.000, 0.451, 2.885, 0.000, 
10, 4, 0, 16.581, 1583.047, 17.072, 76.394, 13.074, 64.711, 47.289, 0.000, 50.615, 0.000, 0.491, 3.046, 0.000, 
11, 4, 0, 15.899, 1468.602, 16.050, 60.754, 12.644, 57.248, 43.201, 0.000, 48.451, 0.000, 0.792, 10.339, 0.000, 
11, 4, 0, 18.294, 1435.499, 26.340, 73.909, 11.903, 66.105, 33.704, 0.000, 46.768, 0.000, 0.450, 3.045, 0.000, 
11, 4, 0, 18.094, 1500.933, 29.044, 85.300, 11.942, 61.335, 57.468, 0.000, 49.694, 0.000, 0.441, 3.928, 0.000, 
11, 4, 0, 15.298, 1465.836, 16.160, 62.077, 12.674, 59.021, 56.145, 0.000, 50.455, 0.000, 0.420, 3.486, 0.000, 
11, 4, 0, 15.970, 1418.968, 20.940, 95.239, 10.861, 85.241, 68.689, 0.000, 51.177, 0.000, 0.401, 4.929, 0.000, 
11, 4, 0, 16.271, 1459.885, 15.940, 62.979, 11.461, 62.207, 57.027, 0.000, 36.228, 0.000, 0.491, 3.727, 0.000, 
11, 4, 0, 18.184, 1570.022, 32.592, 89.439, 12.433, 54.121, 71.374, 0.000, 69.050, 0.000, 0.451, 5.090, 0.000, 
11, 4, 0, 18.394, 1490.233, 16.341, 84.729, 12.394, 61.416, 54.502, 0.000, 49.293, 0.000, 0.601, 3.126, 0.000, 
11, 4, 0, 21.620, 1819.832, 16.411, 71.885, 12.564, 71.304, 58.510, 0.000, 58.350, 0.000, 0.591, 2.725, 0.000, 
11, 4, 0, 16.602, 1636.658, 19.877, 83.867, 12.103, 69.541, 47.930, 0.000, 53.060, 0.000, 0.220, 3.567, 0.000, 
12, 4, 0, 18.996, 1721.216, 13.545, 76.083, 11.742, 68.789, 43.201, 0.000, 43.923, 0.000, 0.380, 4.408, 0.000, 
12, 4, 0, 18.585, 1699.846, 15.179, 91.042, 11.992, 69.651, 61.035, 0.000, 51.817, 0.000, 0.732, 4.930, 0.000, 
12, 4, 0, 18.014, 1950.718, 19.567, 115.958, 11.191, 86.833, 42.280, 0.000, 42.239, 0.000, 0.731, 3.968, 0.000, 
12, 4, 0, 19.136, 1956.720, 14.527, 117.761, 11.171, 77.426, 51.777, 0.000, 52.098, 0.000, 0.431, 2.926, 0.000, 
12, 4, 0, 18.675, 1706.920, 26.560, 81.824, 14.628, 66.826, 95.700, 0.000, 93.295, 0.000, 0.481, 3.006, 0.000, 
12, 4, 0, 34.886, 1476.456, 17.593, 84.148, 13.686, 61.917, 67.446, 0.000, 54.422, 0.000, 0.621, 4.728, 0.000, 
12, 4, 0, 17.943, 1485.273, 15.369, 109.837, 12.834, 73.969, 57.027, 0.000, 55.344, 0.000, 0.510, 3.246, 0.000, 
12, 4, 0, 21.611, 1654.100, 13.987, 71.224, 12.534, 69.531, 28.774, 0.000, 48.371, 0.000, 0.471, 4.008, 0.000, 
12, 4, 0, 18.344, 1954.666, 14.297, 107.993, 12.163, 83.828, 67.767, 0.000, 54.863, 0.000, 0.481, 4.047, 0.000, 
12, 4, 0, 15.550, 1408.779, 15.499, 72.877, 11.522, 58.651, 61.877, 0.000, 53.541, 0.000, 0.742, 7.534, 0.000, 
13, 4, 0, 17.984, 1553.060, 15.199, 98.706, 11.201, 71.785, 68.289, 0.000, 63.078, 0.000, 0.631, 3.126, 0.000, 
13, 4, 0, 18.475, 1882.350, 28.483, 109.375, 11.682, 84.720, 63.078, 0.000, 55.344, 0.000, 0.591, 4.648, 0.000, 
13, 4, 0, 23.775, 1685.539, 21.571, 99.257, 13.576, 81.714, 42.480, 0.000, 52.259, 0.000, 0.500, 3.526, 0.000, 
13, 4, 0, 18.635, 1516.903, 19.847, 79.089, 12.052, 65.363, 70.453, 0.000, 75.863, 0.000, 0.511, 3.887, 0.000, 
13, 4, 0, 17.353, 1702.631, 22.984, 92.995, 13.776, 65.433, 65.804, 0.000, 61.396, 0.000, 0.601, 3.687, 0.000, 
13, 4, 0, 18.255, 1531.690, 20.529, 89.038, 12.764, 66.224, 69.210, 0.000, 59.151, 0.000, 0.571, 5.370, 0.000, 
13, 4, 0, 17.092, 1813.771, 23.033, 94.057, 12.563, 79.640, 58.951, 0.000, 66.404, 0.000, 0.471, 3.887, 0.000, 
13, 4, 0, 16.842, 1627.881, 25.278, 114.075, 13.846, 77.586, 74.179, 0.000, 59.191, 0.000, 0.481, 8.656, 0.000, 
13, 4, 0, 21.931, 1689.407, 26.369, 96.241, 12.423, 69.851, 66.966, 0.000, 58.590, 0.000, 0.341, 3.687, 0.000, 
13, 4, 0, 21.501, 1748.888, 16.270, 130.435, 12.383, 68.579, 61.716, 0.000, 64.642, 0.000, 0.501, 3.407, 0.000, 
14, 4, 0, 20.108, 1813.911, 15.309, 103.715, 12.113, 75.442, 122.470, 0.000, 119.144, 0.000, 0.471, 3.888, 0.000, 
14, 4, 0, 19.917, 1627.791, 14.888, 93.316, 11.762, 77.626, 65.443, 0.000, 67.006, 0.000, 0.481, 3.166, 0.000, 
14, 4, 0, 21.872, 1700.808, 16.782, 72.907, 13.596, 78.317, 65.283, 0.000, 64.561, 0.000, 0.451, 4.569, 0.000, 
14, 4, 0, 19.136, 1634.534, 18.905, 96.261, 19.657, 74.189, 66.525, 0.000, 62.918, 0.000, 0.361, 3.647, 0.000, 
14, 4, 0, 21.911, 1660.833, 20.970, 93.025, 11.802, 69.180, 56.185, 0.000, 47.569, 0.000, 0.481, 3.888, 0.000, 
14, 4, 0, 18.415, 1558.400, 34.175, 122.952, 12.804, 73.027, 62.798, 0.000, 69.490, 0.000, 1.833, 3.927, 0.000, 
14, 4, 0, 20.949, 1661.043, 16.221, 79.951, 12.443, 70.061, 62.558, 0.000, 59.272, 0.000, 0.491, 2.966, 0.000, 
14, 4, 0, 18.736, 1573.088, 17.142, 89.508, 11.502, 75.212, 72.296, 0.000, 62.077, 0.000, 0.621, 3.006, 0.000, 
14, 4, 0, 18.635, 1658.058, 17.663, 84.669, 12.193, 71.094, 61.435, 0.000, 65.804, 0.000, 0.801, 4.528, 0.000, 
14, 4, 0, 19.477, 1610.448, 21.741, 90.080, 10.800, 74.269, 71.455, 0.000, 69.130, 0.000, 0.281, 6.131, 0.000, 
15, 4, 0, 26.369, 1638.762, 15.699, 80.451, 13.135, 114.495, 67.086, 0.000, 64.882, 0.000, 0.601, 2.725, 0.000, 
15, 4, 0, 21.911, 1617.622, 14.437, 94.859, 12.503, 74.770, 49.252, 0.000, 70.973, 0.000, 0.561, 3.847, 0.000, 
15, 4, 0, 25.378, 1611.330, 15.660, 122.200, 12.123, 93.897, 82.315, 0.000, 70.533, 0.000, 0.431, 3.888, 0.000, 
15, 4, 0, 19.918, 1692.853, 15.830, 121.298, 15.690, 97.463, 63.720, 0.000, 70.613, 0.000, 0.451, 3.888, 0.000, 
15, 4, 0, 25.929, 1667.776, 25.939, 112.321, 12.814, 89.307, 72.817, 0.000, 70.132, 0.000, 0.631, 3.567, 0.000, 
15, 4, 0, 24.626, 1712.089, 15.510, 92.975, 10.530, 81.454, 114.055, 0.000, 93.055, 0.000, 0.491, 3.046, 0.000, 
15, 4, 0, 20.278, 1748.148, 14.998, 99.838, 14.667, 88.115, 65.965, 0.000, 52.258, 0.000, 0.681, 3.887, 0.000, 
15, 4, 0, 27.682, 1647.979, 14.137, 125.957, 11.812, 105.017, 62.397, 0.000, 61.275, 0.000, 1.062, 5.130, 0.000, 
15, 4, 0, 20.228, 1562.759, 16.771, 141.365, 12.213, 85.110, 140.865, 0.000, 144.913, 0.000, 0.561, 3.567, 0.000, 
15, 4, 0, 39.555, 1624.555, 18.314, 79.018, 13.045, 79.540, 57.068, 0.000, 51.537, 0.000, 0.451, 3.126, 0.000, 
16, 4, 0, 35.637, 1654.902, 16.071, 92.605, 13.515, 85.200, 109.647, 0.000, 108.524, 0.000, 0.491, 3.166, 0.000, 
16, 4, 0, 32.010, 1673.577, 27.392, 122.280, 14.908, 75.983, 85.801, 0.000, 82.154, 0.000, 0.491, 3.647, 0.000, 
16, 4, 0, 26.038, 1672.194, 24.476, 127.530, 13.125, 86.172, 85.962, 0.000, 62.477, 0.000, 0.591, 3.326, 0.000, 
16, 4, 0, 24.096, 1671.263, 15.359, 86.873, 12.023, 73.128, 60.674, 0.000, 51.496, 0.000, 0.621, 3.526, 0.000, 
16, 4, 0, 25.308, 1657.396, 18.114, 135.484, 11.813, 108.925, 53.581, 0.000, 56.386, 0.000, 0.752, 3.406, 0.000, 
16, 4, 0, 24.446, 1474.052, 25.578, 118.022, 11.672, 84.850, 69.250, 0.000, 74.339, 0.000, 0.501, 3.807, 0.000, 
16, 4, 0, 23.495, 1810.674, 15.759, 127.880, 17.042, 103.765, 105.558, 0.000, 105.519, 0.000, 0.682, 3.888, 0.000, 
16, 4, 0, 27.161, 1487.698, 31.609, 122.811, 26.891, 78.227, 70.452, 0.000, 70.131, 0.000, 0.942, 3.967, 0.000, 
16, 4, 0, 21.891, 1717.841, 21.220, 163.577, 12.243, 111.630, 85.000, 0.000, 58.590, 0.000, 0.782, 3.166, 0.000, 
16, 4, 0, 30.578, 1571.725, 17.734, 91.663, 14.787, 89.999, 69.370, 0.000, 77.024, 0.000, 1.002, 3.767, 0.000, 
17, 4, 0, 44.493, 1454.275, 16.271, 109.436, 12.724, 89.739, 76.824, 0.000, 76.905, 0.000, 0.451, 4.208, 0.000, 
17, 4, 0, 24.025, 1626.719, 18.735, 140.815, 12.173, 106.189, 55.665, 0.000, 64.321, 0.000, 0.461, 3.046, 0.000, 
17, 4, 0, 30.828, 1707.401, 17.262, 120.727, 13.495, 82.355, 64.722, 0.000, 47.810, 0.000, 0.661, 3.086, 0.000, 
17, 4, 0, 28.493, 1695.769, 16.030, 159.449, 16.621, 113.192, 122.471, 0.000, 131.647, 0.000, 0.451, 3.967, 0.000, 
17, 4, 0, 25.458, 1639.272, 21.441, 102.743, 12.865, 90.240, 76.985, 0.000, 63.039, 0.000, 0.611, 3.046, 0.000, 
17, 4, 0, 30.969, 1706.088, 26.951, 119.705, 13.055, 94.738, 130.325, 0.000, 117.942, 0.000, 0.792, 2.725, 0.000, 
17, 4, 0, 24.456, 1692.372, 18.435, 81.373, 13.205, 83.367, 85.641, 0.000, 82.075, 0.000, 0.942, 3.206, 0.000, 
17, 4, 0, 26.079, 1502.295, 15.019, 128.121, 12.263, 88.326, 76.343, 0.000, 79.509, 0.000, 0.741, 2.845, 0.000, 
17, 4, 0, 24.075, 1630.476, 21.791, 129.093, 12.784, 78.177, 81.112, 0.000, 76.183, 0.000, 0.531, 3.888, 0.000, 
17, 4, 0, 28.684, 1861.130, 15.519, 132.659, 17.914, 106.851, 77.866, 0.000, 71.254, 0.000, 0.601, 2.805, 0.000, 
18, 4, 0, 27.111, 1513.456, 19.436, 87.154, 13.626, 73.709, 80.070, 0.000, 90.249, 0.000, 0.451, 3.527, 0.000, 
18, 4, 0, 23.825, 1769.938, 21.561, 194.837, 10.830, 149.401, 84.438, 0.000, 91.252, 0.000, 0.561, 3.165, 0.000, 
18, 4, 0, 35.317, 1730.774, 27.151, 108.054, 13.305, 91.632, 75.943, 0.000, 58.069, 0.000, 0.842, 2.885, 0.000, 
18, 4, 0, 36.289, 1523.385, 18.144, 89.268, 12.744, 88.356, 78.548, 0.000, 65.443, 0.000, 0.572, 3.767, 0.000, 
18, 4, 0, 32.451, 1752.025, 24.366, 136.416, 13.927, 93.927, 123.753, 0.000, 126.238, 0.000, 0.751, 3.887, 0.000, 
18, 4, 0, 26.640, 1697.141, 26.109, 122.521, 14.467, 92.554, 76.864, 0.000, 73.418, 0.000, 0.281, 4.568, 0.000, 
18, 4, 0, 26.249, 1646.246, 15.149, 103.054, 12.403, 89.528, 82.596, 0.000, 79.350, 0.000, 0.461, 2.725, 0.000, 
18, 4, 0, 31.460, 1762.694, 16.111, 117.060, 18.275, 98.215, 77.466, 0.000, 79.750, 0.000, 0.802, 3.326, 0.000, 
18, 4, 0, 26.901, 1474.593, 15.800, 125.356, 11.551, 170.781, 91.091, 0.000, 91.813, 0.000, 0.731, 3.927, 0.000, 
18, 4, 0, 31.630, 1404.441, 16.341, 83.106, 13.095, 96.912, 124.955, 0.000, 128.762, 0.000, 0.661, 4.929, 0.000, 
19, 4, 0, 56.827, 1836.253, 21.340, 100.259, 14.056, 99.717, 82.715, 0.000, 88.647, 0.000, 0.731, 3.406, 0.000, 
19, 4, 0, 35.116, 1786.229, 19.727, 116.259, 15.309, 101.030, 128.121, 0.000, 124.955, 0.000, 0.921, 3.126, 0.000, 
19, 4, 0, 32.731, 1671.493, 19.707, 126.157, 15.479, 98.105, 87.845, 0.000, 81.152, 0.000, 0.912, 3.647, 0.000, 
19, 4, 0, 37.310, 1942.523, 22.322, 116.449, 13.736, 89.458, 105.518, 0.000, 96.462, 0.000, 0.711, 4.689, 0.000, 
19, 4, 0, 27.973, 1695.448, 17.242, 103.123, 13.315, 95.820, 96.782, 0.000, 88.086, 0.000, 1.102, 3.887, 0.000, 
19, 4, 0, 26.870, 1624.375, 16.280, 147.477, 14.186, 91.932, 84.839, 0.000, 72.456, 0.000, 0.901, 3.126, 0.000, 
19, 4, 0, 32.120, 1780.048, 27.742, 110.588, 13.515, 92.995, 82.756, 0.000, 86.803, 0.000, 0.621, 4.008, 0.000, 
19, 4, 0, 27.582, 1656.215, 28.002, 141.636, 11.923, 103.104, 85.761, 0.000, 79.710, 0.000, 0.691, 5.811, 0.000, 
19, 4, 0, 29.946, 1639.954, 14.938, 102.453, 12.534, 93.315, 68.529, 0.000, 63.239, 0.000, 0.662, 3.887, 0.000, 
19, 4, 0, 28.463, 1639.964, 14.197, 111.991, 12.734, 87.404, 92.213, 0.000, 83.597, 0.000, 0.911, 5.490, 0.000, 
20, 4, 0, 32.171, 1696.220, 13.786, 219.052, 10.349, 164.419, 95.620, 0.000, 79.870, 0.000, 0.671, 2.965, 0.000, 
20, 4, 0, 30.497, 1651.807, 15.870, 118.072, 11.902, 98.465, 80.751, 0.000, 76.785, 0.000, 0.751, 3.607, 0.000, 
20, 4, 0, 29.606, 1468.261, 18.264, 109.326, 14.287, 95.720, 69.491, 0.000, 61.555, 0.000, 0.661, 4.167, 0.000, 
20, 4, 0, 29.506, 1521.301, 15.379, 111.019, 12.373, 100.028, 83.918, 0.000, 75.823, 0.000, 0.771, 3.967, 0.000, 
20, 4, 0, 29.325, 1812.399, 16.300, 99.617, 14.838, 137.970, 108.083, 0.000, 90.851, 0.000, 1.012, 3.927, 0.000, 
20, 4, 0, 30.557, 1669.279, 17.393, 105.389, 12.373, 117.130, 64.081, 0.000, 60.634, 0.000, 0.992, 5.290, 0.000, 
20, 4, 0, 28.774, 1590.421, 16.340, 139.332, 12.042, 102.362, 101.390, 0.000, 87.724, 0.000, 0.631, 5.490, 0.000, 
20, 4, 0, 37.501, 1666.043, 16.010, 110.808, 11.581, 112.361, 91.212, 0.000, 103.915, 0.000, 0.782, 3.566, 0.000, 
20, 4, 0, 29.515, 1820.554, 17.893, 119.555, 12.573, 94.538, 94.257, 0.000, 92.133, 0.000, 0.381, 4.689, 0.000, 
20, 4, 0, 28.664, 1705.137, 16.471, 115.156, 13.556, 90.451, 86.082, 0.000, 101.070, 0.000, 0.721, 3.366, 0.000, 
21, 4, 0, 31.980, 1625.297, 14.547, 123.903, 12.313, 100.289, 98.906, 0.000, 89.328, 0.000, 1.002, 3.847, 0.000, 
21, 4, 0, 32.821, 1639.894, 15.990, 108.354, 12.393, 111.049, 100.388, 0.000, 95.138, 0.000, 0.822, 3.767, 0.000, 
21, 4, 0, 29.625, 1724.804, 15.208, 122.210, 11.181, 94.367, 136.858, 0.000, 131.568, 0.000, 0.771, 3.567, 0.000, 
21, 4, 0, 28.895, 1466.488, 17.643, 103.955, 12.454, 102.523, 82.195, 0.000, 81.313, 0.000, 0.300, 4.609, 0.000, 
21, 4, 0, 29.595, 1562.358, 17.162, 122.700, 25.478, 105.648, 104.276, 0.000, 88.246, 0.000, 0.270, 3.326, 0.000, 
21, 4, 0, 27.602, 1649.992, 16.791, 134.452, 14.748, 95.199, 101.030, 0.000, 95.179, 0.000, 0.301, 3.046, 0.000, 
21, 4, 0, 32.701, 1584.911, 16.781, 167.104, 12.964, 132.359, 84.439, 0.000, 71.895, 0.000, 0.982, 3.086, 0.000, 
21, 4, 0, 27.011, 1822.808, 24.606, 143.410, 11.782, 93.185, 99.948, 0.000, 82.235, 0.000, 0.370, 3.407, 0.000, 
21, 4, 0, 27.221, 1696.760, 15.729, 103.334, 11.942, 102.001, 126.238, 0.000, 144.231, 0.000, 0.571, 3.727, 0.000, 
21, 4, 0, 28.473, 1647.438, 18.044, 105.489, 11.892, 104.096, 80.631, 0.000, 74.259, 0.000, 0.531, 3.166, 0.000, 
22, 4, 0, 29.225, 1606.912, 20.438, 140.334, 15.970, 102.122, 92.333, 0.000, 98.304, 0.000, 0.481, 3.727, 0.000, 
22, 4, 0, 28.393, 1613.454, 15.859, 106.139, 12.564, 103.825, 110.689, 0.000, 79.189, 0.000, 0.851, 3.566, 0.000, 
22, 4, 0, 33.303, 1549.985, 17.022, 122.089, 20.820, 97.193, 144.512, 0.000, 133.691, 0.000, 0.440, 5.531, 0.000, 
22, 4, 0, 33.152, 1574.441, 18.385, 128.913, 13.275, 107.221, 157.216, 0.000, 136.216, 0.000, 0.802, 3.928, 0.000, 
22, 4, 0, 33.923, 1417.235, 17.212, 147.257, 11.682, 108.654, 70.933, 0.000, 72.696, 0.000, 1.563, 3.246, 0.000, 
22, 4, 0, 29.896, 1574.130, 17.823, 115.397, 13.586, 108.915, 108.724, 0.000, 73.097, 0.000, 1.794, 3.486, 0.000, 
22, 4, 0, 32.902, 1663.758, 15.228, 119.835, 11.823, 118.243, 135.494, 0.000, 139.222, 0.000, 0.511, 3.527, 0.000, 
22, 4, 0, 29.996, 1749.029, 16.120, 119.505, 12.714, 111.680, 117.821, 0.000, 106.480, 0.000, 0.792, 5.330, 0.000, 
22, 4, 0, 30.407, 1463.161, 16.071, 117.501, 14.737, 106.941, 108.003, 0.000, 97.944, 0.000, 0.571, 3.968, 0.000, 
22, 4, 0, 33.192, 1717.510, 16.321, 125.155, 12.093, 112.371, 139.863, 0.000, 148.800, 0.000, 0.932, 3.486, 0.000, 
23, 4, 0, 32.791, 1672.966, 16.461, 139.402, 12.403, 112.241, 151.405, 0.000, 132.369, 0.000, 0.672, 3.607, 0.000, 
23, 4, 0, 34.465, 1706.138, 16.962, 122.100, 12.283, 105.098, 101.270, 0.000, 102.994, 0.000, 0.821, 3.927, 0.000, 
23, 4, 0, 30.767, 1658.979, 13.967, 224.973, 12.403, 189.105, 104.597, 0.000, 86.843, 0.000, 0.681, 3.687, 0.000, 
23, 4, 0, 30.757, 1676.622, 18.645, 130.897, 12.944, 104.817, 120.106, 0.000, 109.967, 0.000, 0.681, 4.369, 0.000, 
23, 4, 0, 28.915, 1867.361, 17.794, 154.651, 13.145, 110.798, 115.217, 0.000, 108.684, 0.000, 0.772, 3.727, 0.000, 
23, 4, 0, 28.103, 1784.376, 16.170, 115.958, 13.265, 104.086, 105.198, 0.000, 116.499, 0.000, 0.571, 3.006, 0.000, 
23, 4, 0, 29.054, 1657.708, 16.751, 129.994, 13.986, 101.851, 113.814, 0.000, 102.754, 0.000, 0.591, 3.887, 0.000, 
23, 4, 0, 28.032, 1461.799, 25.058, 123.493, 12.503, 106.079, 122.430, 0.000, 107.843, 0.000, 2.324, 3.807, 0.000, 
23, 4, 0, 30.828, 1635.205, 32.702, 146.796, 14.197, 110.057, 114.175, 0.000, 115.898, 0.000, 0.702, 2.765, 0.000, 
23, 4, 0, 31.088, 1649.763, 22.602, 143.269, 12.804, 108.574, 107.522, 0.000, 99.668, 0.000, 0.661, 3.807, 0.000, 
24, 4, 0, 31.178, 1472.419, 18.415, 97.484, 13.455, 114.295, 104.957, 0.000, 106.600, 0.000, 0.661, 4.889, 0.000, 
24, 4, 0, 31.379, 1613.995, 19.788, 152.237, 12.393, 108.333, 118.263, 0.000, 119.545, 0.000, 0.721, 3.807, 0.000, 
24, 4, 0, 33.814, 1616.379, 17.363, 140.384, 16.020, 116.640, 102.914, 0.000, 89.328, 0.000, 1.363, 3.286, 0.000, 
24, 4, 0, 34.395, 1622.762, 23.254, 120.276, 18.856, 103.916, 115.538, 0.000, 98.305, 0.000, 1.153, 3.967, 0.000, 
24, 4, 0, 32.170, 1746.334, 20.879, 137.729, 13.245, 110.969, 105.759, 0.000, 93.015, 0.000, 0.451, 3.646, 0.000, 
24, 4, 0, 28.233, 1587.916, 17.203, 131.548, 14.487, 117.901, 109.686, 0.000, 93.576, 0.000, 0.361, 4.248, 0.000, 
24, 4, 0, 31.580, 1660.172, 18.234, 112.130, 12.513, 108.784, 114.295, 0.000, 113.654, 0.000, 0.140, 3.045, 0.000, 
24, 4, 0, 35.577, 1716.858, 16.852, 157.857, 12.744, 109.516, 112.813, 0.000, 99.948, 0.000, 0.481, 3.206, 0.000, 
24, 4, 0, 27.031, 1495.202, 18.625, 188.184, 13.154, 150.412, 97.663, 0.000, 94.057, 0.000, 0.160, 3.967, 0.000, 
24, 4, 0, 30.548, 1671.924, 21.140, 154.230, 12.173, 107.442, 91.732, 0.000, 73.218, 0.000, 0.340, 3.126, 0.000, 
25, 4, 0, 37.290, 1613.394, 17.223, 122.100, 13.676, 112.852, 71.654, 0.000, 66.204, 0.000, 0.622, 4.128, 0.000, 
25, 4, 0, 30.999, 1630.315, 16.732, 126.128, 13.024, 119.915, 156.936, 0.000, 164.189, 0.000, 0.351, 3.206, 0.000, 
25, 4, 0, 33.513, 1638.952, 18.144, 141.546, 15.148, 114.095, 123.151, 0.000, 123.713, 0.000, 0.430, 4.248, 0.000, 
25, 4, 0, 30.697, 1522.604, 15.820, 141.326, 14.667, 115.206, 138.661, 0.000, 154.089, 0.000, 0.491, 5.330, 0.000, 
25, 4, 0, 28.143, 1932.214, 17.172, 139.432, 13.215, 106.941, 123.392, 0.000, 258.116, 0.000, 0.340, 4.048, 0.000, 
25, 4, 0, 30.928, 1641.577, 16.621, 122.170, 12.303, 127.309, 125.836, 0.000, 103.916, 0.000, 0.481, 2.845, 0.000, 
25, 4, 0, 28.885, 1617.211, 17.313, 141.697, 16.360, 112.241, 108.203, 0.000, 92.293, 0.000, 0.361, 3.166, 0.000, 
25, 4, 0, 29.446, 1606.340, 15.520, 200.878, 13.816, 168.978, 81.994, 0.000, 58.029, 0.000, 0.240, 3.487, 0.000, 
25, 4, 0, 33.734, 1489.982, 19.126, 164.619, 13.907, 123.102, 107.523, 0.000, 100.148, 0.000, 0.401, 2.845, 0.000, 
25, 4, 0, 30.197, 1521.200, 16.811, 190.868, 12.743, 157.496, 169.839, 0.000, 161.063, 0.000, 0.210, 3.727, 0.000, 
26, 4, 0, 30.648, 1687.233, 16.972, 119.174, 13.525, 109.686, 129.964, 0.000, 98.265, 0.000, 0.340, 3.847, 0.000, 
26, 4, 0, 33.564, 1637.479, 16.671, 145.664, 13.876, 120.366, 151.645, 0.000, 169.318, 0.000, 0.381, 3.967, 0.000, 
26, 4, 0, 33.803, 1707.341, 17.723, 144.231, 14.608, 126.879, 117.541, 0.000, 114.014, 0.000, 0.280, 7.454, 0.000, 
26, 4, 0, 43.031, 1711.859, 20.989, 137.128, 15.729, 124.264, 115.538, 0.000, 132.529, 0.000, 0.331, 4.008, 0.000, 
26, 4, 0, 33.483, 1672.896, 15.559, 152.837, 13.686, 125.747, 106.921, 0.000, 106.520, 0.000, 0.371, 3.326, 0.000, 
26, 4, 0, 32.251, 1572.887, 15.149, 131.538, 13.155, 121.628, 118.984, 0.000, 126.077, 0.000, 0.200, 3.166, 0.000, 
26, 4, 0, 31.820, 1730.314, 17.893, 119.565, 13.775, 125.616, 110.167, 0.000, 105.959, 0.000, 0.471, 6.532, 0.000, 
26, 4, 0, 31.529, 1595.100, 13.966, 208.512, 11.762, 161.053, 112.331, 0.000, 115.257, 0.000, 0.340, 3.927, 0.000, 
26, 4, 0, 33.473, 1599.548, 16.942, 165.160, 14.056, 115.096, 92.214, 0.000, 86.844, 0.000, 0.341, 4.248, 0.000, 
26, 4, 0, 36.519, 1723.611, 17.393, 181.071, 13.666, 153.519, 126.398, 0.000, 118.182, 0.000, 0.501, 3.928, 0.000, 
27, 4, 0, 39.525, 1797.269, 17.143, 153.649, 15.819, 124.935, 111.089, 0.000, 225.253, 0.000, 0.671, 3.567, 0.000, 
27, 4, 0, 38.572, 1692.423, 16.772, 167.645, 14.438, 154.932, 171.603, 0.000, 157.696, 0.000, 0.350, 3.367, 0.000, 
27, 4, 0, 34.305, 1642.439, 18.154, 136.046, 12.994, 128.131, 124.475, 0.000, 118.863, 0.000, 0.361, 3.607, 0.000, 
27, 4, 0, 33.473, 1647.237, 16.571, 178.225, 13.545, 120.276, 121.429, 0.000, 97.222, 0.000, 0.291, 3.126, 0.000, 
27, 4, 0, 32.852, 2059.202, 17.193, 144.592, 14.007, 109.366, 129.203, 0.000, 135.936, 0.000, 0.341, 4.208, 0.000, 
27, 4, 0, 32.361, 1558.681, 18.846, 129.023, 12.754, 117.050, 129.043, 0.000, 119.545, 0.000, 0.701, 44.043, 0.000, 
27, 4, 0, 33.403, 1670.251, 28.082, 133.260, 13.966, 120.938, 233.198, 0.000, 208.632, 0.000, 0.440, 3.567, 0.000, 
27, 4, 0, 31.920, 1659.671, 22.572, 138.160, 17.694, 139.493, 132.810, 0.000, 123.552, 0.000, 0.771, 3.967, 0.000, 
27, 4, 0, 33.773, 1651.195, 16.522, 202.401, 14.517, 163.677, 114.375, 0.000, 118.663, 0.000, 0.561, 4.648, 0.000, 
27, 4, 0, 38.002, 1777.993, 17.603, 152.888, 13.215, 126.468, 134.653, 0.000, 122.109, 0.000, 0.440, 3.487, 0.000, 
28, 4, 0, 36.058, 1769.077, 17.603, 142.128, 13.806, 123.101, 133.371, 0.000, 137.338, 0.000, 0.301, 3.847, 0.000, 
28, 4, 0, 33.814, 1691.381, 16.942, 137.468, 12.103, 123.553, 185.829, 0.000, 168.597, 0.000, 0.411, 8.175, 0.000, 
28, 4, 0, 36.739, 1622.972, 16.331, 167.966, 13.175, 129.163, 116.098, 0.000, 115.096, 0.000, 0.571, 3.847, 0.000, 
28, 4, 0, 34.225, 1635.285, 16.691, 132.629, 13.005, 131.618, 173.968, 0.000, 183.304, 0.000, 0.421, 4.929, 0.000, 
28, 4, 0, 33.072, 1534.746, 16.982, 129.744, 13.095, 122.581, 135.575, 0.000, 122.911, 0.000, 0.731, 4.609, 0.000, 
28, 4, 0, 32.271, 1594.037, 16.912, 147.668, 12.794, 144.572, 125.316, 0.000, 131.969, 0.000, 0.461, 11.903, 0.000, 
28, 4, 0, 36.298, 1687.353, 17.193, 135.756, 13.706, 102.974, 144.632, 0.000, 132.409, 0.000, 0.361, 3.888, 0.000, 
28, 4, 0, 34.485, 1773.244, 17.022, 164.650, 13.085, 129.704, 127.960, 0.000, 122.470, 0.000, 0.752, 6.092, 0.000, 
28, 4, 0, 34.615, 1623.994, 16.762, 172.585, 13.235, 127.580, 133.812, 0.000, 103.394, 0.000, 0.471, 5.611, 0.000, 
28, 4, 0, 34.846, 1660.492, 16.040, 172.204, 13.224, 130.325, 136.056, 0.000, 129.845, 0.000, 0.391, 5.250, 0.000, 
29, 4, 0, 36.519, 1627.380, 18.535, 160.772, 12.444, 128.722, 133.972, 0.000, 122.110, 0.000, 0.611, 3.967, 0.000, 
29, 4, 0, 36.999, 1646.607, 17.152, 156.825, 13.806, 154.511, 139.863, 0.000, 140.504, 0.000, 0.681, 3.927, 0.000, 
29, 4, 0, 36.308, 1709.515, 16.361, 173.336, 13.696, 145.664, 89.168, 0.000, 110.127, 0.000, 0.762, 4.248, 0.000, 
29, 4, 0, 36.138, 1682.814, 16.712, 167.094, 11.872, 129.724, 133.090, 0.000, 125.396, 0.000, 0.461, 3.607, 0.000, 
29, 4, 0, 39.524, 1816.095, 15.770, 247.596, 12.464, 228.380, 131.688, 0.000, 108.404, 0.000, 0.551, 3.647, 0.000, 
29, 4, 0, 36.799, 1659.231, 16.120, 158.858, 12.764, 136.246, 138.100, 0.000, 124.514, 0.000, 0.431, 4.048, 0.000, 
29, 4, 0, 48.351, 1518.295, 17.333, 182.103, 13.465, 133.190, 61.836, 0.000, 110.688, 0.000, 0.852, 3.286, 0.000, 
29, 4, 0, 51.416, 1604.157, 19.607, 132.990, 13.906, 98.125, 132.769, 0.000, 121.068, 0.000, 0.611, 3.045, 0.000, 
29, 4, 0, 36.489, 1629.814, 16.752, 163.388, 12.774, 138.210, 131.848, 0.000, 141.627, 0.000, 0.762, 3.927, 0.000, 
29, 4, 0, 35.738, 1627.110, 16.440, 163.397, 12.514, 127.280, 120.827, 0.000, 89.529, 0.000, 0.431, 3.447, 0.000, 
30, 4, 0, 44.313, 1639.674, 17.513, 156.394, 15.048, 142.959, 124.113, 0.000, 110.247, 0.000, 0.742, 3.847, 0.000, 
30, 4, 0, 35.697, 2218.863, 22.192, 154.410, 13.295, 132.189, 128.121, 0.000, 123.793, 0.000, 0.460, 23.404, 0.000, 
30, 4, 0, 37.461, 1650.394, 16.400, 159.740, 12.614, 138.942, 140.224, 0.000, 113.935, 0.000, 0.992, 3.406, 0.000, 
30, 4, 0, 36.930, 1775.098, 17.974, 153.208, 15.039, 131.568, 135.134, 0.000, 132.369, 0.000, 0.841, 3.206, 0.000, 
30, 4, 0, 37.771, 1575.703, 21.471, 156.465, 16.812, 131.247, 122.991, 0.000, 99.827, 0.000, 0.571, 3.968, 0.000, 
30, 4, 0, 38.833, 1623.644, 16.380, 146.695, 13.836, 134.723, 146.957, 0.000, 129.643, 0.000, 0.431, 5.129, 0.000, 
30, 4, 0, 38.231, 1722.088, 15.259, 158.969, 19.256, 152.567, 197.451, 0.000, 188.835, 0.000, 0.321, 5.891, 0.000, 
30, 4, 0, 41.658, 1553.411, 16.552, 159.711, 13.155, 130.285, 144.752, 0.000, 113.734, 0.000, 0.681, 3.527, 0.000, 
30, 4, 0, 37.340, 1526.982, 17.903, 142.848, 12.263, 134.182, 134.172, 0.000, 106.841, 0.000, 0.290, 3.567, 0.000, 
30, 4, 0, 71.104, 1989.932, 15.760, 137.880, 17.813, 133.230, 113.613, 0.000, 104.516, 0.000, 1.162, 3.927, 0.000, 
31, 4, 0, 50.254, 1653.600, 38.633, 249.930, 15.860, 190.829, 184.246, 0.000, 218.250, 0.000, 0.401, 3.085, 0.000, 
31, 4, 0, 39.865, 1565.715, 19.156, 150.533, 20.729, 136.947, 73.658, 0.000, 115.658, 0.000, 0.681, 4.128, 0.000, 
31, 4, 0, 39.625, 1677.905, 16.100, 184.737, 15.158, 143.790, 149.081, 0.000, 134.452, 0.000, 0.962, 4.969, 0.000, 
31, 4, 0, 41.759, 1521.030, 18.365, 152.717, 14.637, 136.216, 128.481, 0.000, 61.916, 0.000, 0.701, 3.406, 0.000, 
31, 4, 0, 40.897, 1513.005, 15.069, 164.690, 15.880, 145.253, 137.659, 0.000, 123.632, 0.000, 0.471, 3.366, 0.000, 
31, 4, 0, 40.967, 1670.140, 15.930, 160.973, 12.414, 143.069, 135.935, 0.000, 119.023, 0.000, 0.672, 3.527, 0.000, 
31, 4, 0, 41.387, 1694.256, 16.731, 165.842, 14.046, 135.935, 203.583, 0.000, 200.898, 0.000, 0.551, 3.085, 0.000, 
31, 4, 0, 40.937, 1692.292, 16.551, 163.868, 17.974, 145.714, 191.480, 0.000, 189.837, 0.000, 0.661, 3.566, 0.000, 
31, 4, 0, 57.788, 1625.537, 23.925, 158.398, 15.950, 131.758, 107.602, 0.000, 97.503, 0.000, 0.311, 3.166, 0.000, 
31, 4, 0, 39.684, 1636.477, 18.375, 185.790, 13.104, 158.508, 143.550, 0.000, 154.410, 0.000, 0.692, 3.046, 0.000, 
32, 4, 0, 43.161, 1683.756, 26.320, 155.573, 16.561, 137.920, 205.066, 0.000, 188.073, 0.000, 0.591, 7.133, 0.000, 
32, 4, 0, 41.809, 1735.183, 18.004, 162.585, 12.824, 153.018, 156.053, 0.000, 134.654, 0.000, 0.440, 3.206, 0.000, 
32, 4, 0, 42.029, 1740.783, 17.483, 174.598, 14.578, 160.162, 143.269, 0.000, 135.896, 0.000, 0.541, 5.170, 0.000, 
32, 4, 0, 42.390, 1709.294, 18.245, 156.184, 14.828, 150.223, 194.446, 0.000, 187.433, 0.000, 0.210, 3.526, 0.000, 
32, 4, 0, 45.275, 1644.924, 17.202, 175.390, 14.798, 140.003, 199.896, 0.000, 193.604, 0.000, 0.801, 3.326, 0.000, 
32, 4, 0, 43.642, 1653.920, 16.962, 180.059, 14.016, 143.740, 148.079, 0.000, 162.385, 0.000, 0.771, 3.927, 0.000, 
32, 4, 0, 43.051, 1812.949, 19.036, 196.119, 15.059, 201.930, 68.529, 0.000, 62.958, 0.000, 1.824, 3.006, 0.000, 
32, 4, 0, 41.458, 1975.445, 19.046, 157.747, 13.966, 156.655, 143.109, 0.000, 134.052, 0.000, 0.421, 3.487, 0.000, 
32, 4, 0, 40.667, 1580.101, 16.842, 171.232, 12.885, 142.558, 146.596, 0.000, 134.814, 0.000, 0.210, 3.767, 0.000, 
32, 4, 0, 40.386, 1927.555, 21.741, 163.107, 15.168, 160.351, 130.445, 0.000, 129.003, 0.000, 0.711, 3.847, 0.000, 
33, 4, 0, 45.566, 2067.438, 16.901, 173.245, 18.484, 165.721, 146.074, 0.000, 129.083, 0.000, 0.450, 3.126, 0.000, 
33, 4, 0, 44.884, 1552.569, 17.272, 174.718, 13.937, 154.140, 136.416, 0.000, 154.490, 0.000, 1.172, 3.847, 0.000, 
33, 4, 0, 41.107, 1661.505, 17.503, 172.915, 14.117, 161.224, 130.565, 0.000, 132.329, 0.000, 0.591, 3.005, 0.000, 
33, 4, 0, 43.201, 1609.627, 17.974, 183.235, 17.743, 159.139, 159.019, 0.000, 164.750, 0.000, 0.942, 4.329, 0.000, 
33, 4, 0, 42.610, 1610.097, 18.365, 172.585, 14.798, 144.482, 195.086, 0.000, 206.228, 0.000, 1.122, 4.008, 0.000, 
33, 4, 0, 45.386, 1537.221, 18.845, 152.597, 14.828, 263.766, 137.739, 0.000, 153.649, 0.000, 0.451, 3.967, 0.000, 
33, 4, 0, 43.753, 1678.586, 19.898, 151.174, 15.900, 138.821, 149.561, 0.000, 124.194, 0.000, 0.801, 2.805, 0.000, 
33, 4, 0, 52.989, 1706.179, 19.346, 255.280, 14.768, 249.860, 144.833, 0.000, 153.528, 0.000, 0.701, 4.810, 0.000, 
33, 4, 0, 44.644, 1628.192, 16.892, 178.405, 20.248, 146.305, 130.646, 0.000, 132.970, 0.000, 0.751, 2.805, 0.000, 
33, 4, 0, 48.271, 1605.499, 23.284, 443.975, 14.367, 430.550, 137.939, 0.000, 141.426, 0.000, 0.641, 3.848, 0.000, 
34, 4, 0, 47.369, 1619.456, 17.112, 162.455, 13.746, 145.874, 154.531, 0.000, 148.520, 0.000, 0.581, 3.567, 0.000, 
34, 4, 0, 47.609, 1719.704, 17.744, 176.352, 13.976, 162.987, 137.819, 0.000, 136.577, 0.000, 0.651, 3.807, 0.000, 
34, 4, 0, 48.200, 1668.758, 15.900, 238.980, 13.936, 201.679, 139.782, 0.000, 143.110, 0.000, 0.671, 3.727, 0.000, 
34, 4, 0, 44.464, 1570.403, 17.503, 174.929, 13.886, 158.858, 139.383, 0.000, 115.256, 0.000, 0.721, 3.046, 0.000, 
34, 4, 0, 44.865, 1837.736, 19.356, 162.285, 14.868, 145.784, 123.312, 0.000, 118.022, 0.000, 0.711, 3.847, 0.000, 
34, 4, 0, 46.738, 1641.236, 17.413, 181.601, 17.472, 150.142, 211.117, 0.000, 205.867, 0.000, 0.441, 3.888, 0.000, 
34, 4, 0, 50.625, 1481.726, 20.178, 149.501, 17.333, 135.505, 141.907, 0.000, 149.321, 0.000, 0.841, 3.888, 0.000, 
34, 4, 0, 45.365, 1771.611, 18.275, 175.861, 13.365, 148.880, 201.058, 0.000, 176.171, 0.000, 0.851, 3.927, 0.000, 
34, 4, 0, 44.033, 1864.836, 27.722, 172.173, 13.746, 142.028, 150.804, 0.000, 160.903, 0.000, 0.711, 2.765, 0.000, 
34, 4, 0, 47.059, 1622.631, 17.503, 184.276, 22.202, 170.240, 137.298, 0.000, 151.044, 0.000, 0.391, 3.607, 0.000, 
35, 4, 0, 46.417, 1705.157, 17.763, 157.276, 15.268, 159.860, 142.868, 0.000, 134.894, 0.000, 0.561, 3.126, 0.000, 
35, 4, 0, 49.102, 1750.712, 16.911, 239.199, 13.094, 212.670, 102.072, 0.000, 106.481, 0.000, 0.842, 3.206, 0.000, 
35, 4, 0, 56.766, 1528.193, 20.589, 176.492, 14.608, 150.173, 449.325, 0.000, 432.894, 0.000, 1.202, 3.928, 0.000, 
35, 4, 0, 52.960, 1564.502, 16.802, 247.365, 13.005, 225.274, 146.996, 0.000, 451.980, 0.000, 0.831, 3.727, 0.000, 
35, 4, 0, 49.864, 1777.082, 18.595, 188.364, 14.608, 156.665, 160.502, 0.000, 131.807, 0.000, 0.370, 4.609, 0.000, 
35, 4, 0, 49.813, 2718.282, 44.915, 170.681, 36.830, 182.744, 129.964, 0.000, 457.120, 0.000, 1.342, 3.527, 0.000, 
35, 4, 0, 101.561, 1796.699, 37.300, 193.233, 15.249, 150.864, 261.853, 0.000, 247.024, 0.000, 1.422, 3.166, 0.000, 
35, 4, 0, 76.184, 1864.716, 34.845, 168.787, 16.100, 176.361, 158.218, 0.000, 142.027, 0.000, 1.212, 3.647, 0.000, 
35, 4, 0, 90.821, 1613.544, 35.717, 173.466, 16.851, 139.642, 96.341, 0.000, 93.095, 0.000, 2.013, 3.206, 0.000, 
35, 4, 0, 61.466, 2059.853, 24.757, 169.249, 22.532, 157.135, 207.911, 0.000, 192.883, 0.000, 1.002, 3.527, 0.000, 
36, 4, 0, 75.422, 1617.572, 29.746, 336.203, 15.439, 480.514, 139.422, 0.000, 139.543, 0.000, 1.142, 9.658, 0.000, 
36, 4, 0, 178.034, 2067.888, 25.257, 166.723, 25.749, 149.171, 213.722, 0.000, 241.574, 0.000, 1.342, 3.286, 0.000, 
36, 4, 0, 83.507, 1720.425, 24.145, 167.044, 18.605, 165.321, 146.515, 0.000, 140.424, 0.000, 0.831, 3.206, 0.000, 
36, 4, 0, 68.118, 1788.854, 20.939, 224.141, 15.510, 240.473, 156.334, 0.000, 159.580, 0.000, 1.012, 2.765, 0.000, 
36, 4, 0, 69.320, 1740.864, 33.503, 178.686, 14.287, 148.299, 149.040, 0.000, 146.395, 0.000, 0.321, 3.887, 0.000, 
36, 4, 0, 58.860, 1635.867, 25.448, 167.585, 14.688, 174.368, 234.761, 0.000, 196.890, 0.000, 0.671, 3.046, 0.000, 
36, 4, 0, 65.724, 1541.058, 22.382, 166.433, 14.407, 168.086, 155.573, 0.000, 163.588, 0.000, 1.062, 3.206, 0.000, 
36, 4, 0, 65.824, 1643.831, 23.885, 171.612, 13.936, 174.057, 146.235, 0.000, 162.145, 0.000, 0.571, 3.166, 0.000, 
36, 4, 0, 61.446, 1509.919, 21.611, 159.139, 15.449, 158.147, 149.200, 0.000, 164.509, 0.000, 0.802, 2.805, 0.000, 
36, 4, 0, 60.444, 1982.528, 20.679, 189.626, 14.006, 163.738, 159.100, 0.000, 161.223, 0.000, 0.581, 3.046, 0.000, 
37, 4, 0, 121.258, 1817.908, 24.316, 181.511, 13.956, 167.074, 158.177, 0.000, 167.435, 0.000, 1.062, 3.847, 0.000, 
37, 4, 0, 60.944, 1700.208, 27.371, 246.954, 19.537, 232.698, 143.791, 0.000, 137.017, 0.000, 0.862, 11.662, 0.000, 
37, 4, 0, 69.861, 1624.525, 23.714, 176.412, 14.988, 168.667, 132.689, 0.000, 123.432, 0.000, 0.892, 3.086, 0.000, 
37, 4, 0, 73.388, 1673.216, 39.374, 515.500, 14.898, 491.284, 175.049, 0.000, 169.319, 0.000, 0.811, 3.967, 0.000, 
37, 4, 0, 63.659, 1761.783, 20.910, 176.572, 13.786, 165.151, 167.755, 0.000, 149.642, 0.000, 0.451, 4.929, 0.000, 
37, 4, 0, 51.206, 1734.151, 21.851, 177.755, 13.896, 169.869, 220.535, 0.000, 209.594, 0.000, 0.141, 2.765, 0.000, 
37, 4, 0, 48.551, 1959.845, 18.756, 189.937, 14.587, 183.034, 149.401, 0.000, 143.350, 0.000, 0.601, 2.845, 0.000, 
37, 4, 0, 52.919, 1609.858, 19.326, 176.051, 15.158, 172.744, 233.439, 0.000, 222.899, 0.000, 0.531, 4.528, 0.000, 
37, 4, 0, 57.939, 1449.335, 23.224, 175.380, 18.515, 157.236, 141.626, 0.000, 80.391, 0.000, 0.501, 3.406, 0.000, 
37, 4, 0, 51.718, 1564.532, 17.703, 178.696, 13.195, 191.781, 147.959, 0.000, 132.810, 0.000, 0.481, 4.328, 0.000, 
38, 4, 0, 59.321, 1525.559, 20.569, 174.659, 14.918, 173.797, 162.826, 0.000, 169.999, 0.000, 0.200, 3.847, 0.000, 
38, 4, 0, 50.886, 1658.579, 16.972, 199.725, 14.157, 194.967, 177.133, 0.000, 162.706, 0.000, 0.301, 3.647, 0.000, 
38, 4, 0, 53.751, 1568.901, 16.811, 185.328, 14.948, 181.171, 161.263, 0.000, 166.112, 0.000, 0.371, 3.767, 0.000, 
38, 4, 0, 49.382, 1670.933, 18.605, 180.650, 15.980, 177.994, 165.070, 0.000, 152.246, 0.000, 0.371, 3.847, 0.000, 
38, 4, 0, 47.369, 2688.946, 39.674, 240.011, 21.070, 242.646, 207.229, 0.000, 210.997, 0.000, 2.054, 3.206, 0.000, 
38, 4, 0, 62.608, 1878.843, 22.352, 181.731, 17.664, 170.200, 163.187, 0.000, 163.468, 0.000, 1.142, 3.847, 0.000, 
38, 4, 0, 71.414, 1668.598, 20.839, 180.128, 21.881, 179.447, 158.538, 0.000, 169.960, 0.000, 0.831, 3.606, 0.000, 
38, 4, 0, 54.533, 1745.222, 18.935, 238.859, 15.058, 217.629, 270.619, 0.000, 465.996, 0.000, 0.831, 3.005, 0.000, 
38, 4, 0, 66.696, 1625.627, 17.683, 181.301, 15.329, 181.912, 156.855, 0.000, 154.691, 0.000, 1.413, 3.607, 0.000, 
38, 4, 0, 85.581, 1850.420, 18.194, 174.869, 15.038, 161.614, 170.440, 0.000, 174.408, 0.000, 0.682, 3.566, 0.000, 
39, 4, 0, 55.184, 1707.270, 22.974, 187.703, 15.590, 292.651, 161.825, 0.000, 168.516, 0.000, 0.752, 3.927, 0.000, 
39, 4, 0, 58.240, 1561.847, 19.316, 186.100, 16.241, 183.586, 171.683, 0.000, 184.547, 0.000, 0.561, 3.767, 0.000, 
39, 4, 0, 56.426, 1563.620, 23.193, 184.426, 16.231, 179.548, 101.271, 0.000, 148.078, 0.000, 0.180, 3.206, 0.000, 
39, 4, 0, 56.166, 1653.500, 22.202, 138.009, 14.798, 162.265, 152.046, 0.000, 153.970, 0.000, 0.851, 3.808, 0.000, 
39, 4, 0, 50.896, 1693.665, 19.316, 191.710, 16.130, 170.671, 169.880, 0.000, 153.168, 0.000, 0.792, 3.566, 0.000, 
39, 4, 0, 51.046, 1567.258, 19.597, 187.612, 14.487, 190.859, 94.618, 0.000, 140.224, 0.000, 0.701, 3.486, 0.000, 
39, 4, 0, 52.198, 1721.377, 32.541, 202.741, 17.443, 176.291, 168.798, 0.000, 173.406, 0.000, 0.410, 3.327, 0.000, 
39, 4, 0, 50.034, 1818.570, 18.585, 177.725, 17.663, 171.322, 167.836, 0.000, 495.472, 0.000, 0.801, 6.412, 0.000, 
39, 4, 0, 54.753, 1573.159, 18.745, 197.992, 18.936, 190.088, 165.151, 0.000, 184.106, 0.000, 0.791, 3.206, 0.000, 
39, 4, 0, 49.723, 1707.431, 16.221, 194.436, 14.037, 162.295, 226.185, 0.000, 207.710, 0.000, 0.551, 3.487, 0.000, 
40, 4, 0, 56.186, 1680.710, 19.798, 191.481, 21.430, 201.168, 175.690, 0.000, 172.084, 0.000, 0.671, 3.046, 0.000, 
40, 4, 0, 63.309, 1551.337, 22.523, 181.221, 17.273, 184.908, 162.466, 0.000, 168.356, 0.000, 0.541, 4.889, 0.000, 
40, 4, 0, 49.723, 4035.488, 18.816, 326.414, 14.758, 185.489, 167.916, 0.000, 172.003, 0.000, 1.012, 3.566, 0.000, 
40, 4, 0, 48.691, 1820.263, 27.432, 252.084, 17.563, 234.121, 136.377, 0.000, 83.477, 0.000, 0.381, 4.929, 0.000, 
40, 4, 0, 51.476, 1661.304, 19.586, 190.718, 20.759, 202.470, 99.066, 0.000, 148.439, 0.000, 0.731, 3.848, 0.000, 
40, 4, 0, 45.555, 1643.351, 16.601, 195.097, 19.386, 177.995, 175.009, 0.000, 183.586, 0.000, 0.561, 3.928, 0.000, 
40, 4, 0, 46.417, 1606.481, 18.194, 187.042, 14.578, 185.449, 83.757, 0.000, 118.543, 0.000, 1.283, 3.126, 0.000, 
40, 4, 0, 60.744, 1620.397, 18.876, 176.131, 20.649, 174.529, 201.288, 0.000, 512.123, 0.000, 0.762, 3.005, 0.000, 
40, 4, 0, 50.725, 1710.386, 16.481, 174.939, 13.846, 182.012, 166.073, 0.000, 146.395, 0.000, 0.491, 4.288, 0.000, 
40, 4, 0, 47.058, 1633.552, 23.525, 186.090, 19.777, 187.342, 238.648, 0.000, 243.658, 0.000, 0.430, 3.687, 0.000, 
41, 4, 0, 55.825, 1576.915, 32.481, 201.559, 14.056, 177.674, 746.685, 0.000, 325.733, 0.000, 1.703, 3.767, 0.000, 
41, 4, 0, 50.986, 1618.253, 20.509, 262.594, 16.441, 306.586, 93.977, 0.000, 126.919, 0.000, 1.132, 3.166, 0.000, 
41, 4, 0, 132.359, 2047.120, 23.744, 191.309, 22.212, 183.685, 276.600, 0.000, 498.418, 0.000, 0.872, 3.166, 0.000, 
41, 4, 0, 48.772, 1467.810, 42.440, 184.006, 15.669, 189.326, 234.441, 0.000, 225.785, 0.000, 0.992, 3.487, 0.000, 
41, 4, 0, 73.588, 1655.012, 34.004, 190.589, 22.773, 172.184, 260.701, 0.000, 285.337, 0.000, 1.463, 3.927, 0.000, 
41, 4, 0, 105.799, 3151.977, 37.451, 223.010, 24.025, 187.352, 163.106, 0.000, 182.704, 0.000, 1.152, 3.847, 0.000, 
41, 4, 0, 60.925, 1640.454, 23.273, 183.445, 15.889, 183.505, 764.578, 0.000, 403.959, 0.000, 0.922, 4.288, 0.000, 
41, 4, 0, 64.902, 2360.970, 25.398, 195.488, 14.006, 167.034, 171.963, 0.000, 178.336, 0.000, 0.981, 3.567, 0.000, 
41, 4, 0, 59.001, 1598.085, 23.544, 199.855, 18.364, 192.612, 247.806, 0.000, 510.721, 0.000, 0.421, 2.885, 0.000, 
41, 4, 0, 64.802, 1639.814, 22.171, 189.907, 16.000, 198.613, 168.837, 0.000, 165.632, 0.000, 0.461, 4.048, 0.000, 
42, 4, 0, 71.495, 1596.462, 20.569, 193.073, 19.227, 190.619, 174.969, 0.000, 201.660, 0.000, 0.601, 4.128, 0.000, 
42, 4, 0, 54.993, 1708.864, 19.637, 191.770, 19.416, 199.104, 173.767, 0.000, 174.849, 0.000, 0.400, 2.765, 0.000, 
42, 4, 0, 55.605, 1595.360, 19.547, 191.831, 18.064, 211.808, 179.377, 0.000, 175.289, 0.000, 0.711, 3.046, 0.000, 
42, 4, 0, 56.717, 1599.247, 20.078, 204.154, 18.545, 236.946, 168.958, 0.000, 171.523, 0.000, 0.300, 3.005, 0.000, 
42, 4, 0, 49.933, 1559.983, 16.441, 185.579, 14.147, 172.885, 179.898, 0.000, 184.707, 0.000, 0.441, 3.126, 0.000, 
42, 4, 0, 46.618, 1861.520, 17.553, 220.645, 14.157, 181.261, 284.134, 0.000, 524.346, 0.000, 0.310, 3.487, 0.000, 
42, 4, 0, 52.258, 1690.639, 18.996, 262.394, 15.379, 247.535, 164.709, 0.000, 154.812, 0.000, 0.160, 3.927, 0.000, 
42, 4, 0, 54.022, 1645.014, 16.511, 278.503, 13.486, 546.769, 91.493, 0.000, 132.369, 0.000, 0.410, 3.086, 0.000, 
42, 4, 0, 52.168, 1581.755, 20.128, 204.404, 17.633, 214.293, 260.530, 0.000, 222.980, 0.000, 0.291, 78.187, 0.000, 
42, 4, 0, 50.054, 1902.417, 19.636, 196.770, 17.342, 183.214, 176.251, 0.000, 198.212, 0.000, 0.591, 3.447, 0.000, 
43, 4, 0, 62.157, 1963.312, 17.854, 189.186, 14.748, 173.015, 258.566, 0.000, 241.494, 0.000, 0.762, 3.086, 0.000, 
43, 4, 0, 86.402, 1980.515, 19.507, 195.397, 16.932, 197.963, 184.147, 0.000, 186.230, 0.000, 0.571, 7.655, 0.000, 
43, 4, 0, 59.181, 1502.435, 17.273, 267.934, 18.405, 246.614, 163.427, 0.000, 175.249, 0.000, 0.471, 9.458, 0.000, 
43, 4, 0, 59.181, 1487.868, 17.974, 204.104, 19.627, 183.144, 168.878, 0.000, 188.555, 0.000, 0.241, 3.767, 0.000, 
43, 4, 0, 48.992, 1616.981, 17.372, 194.075, 13.976, 173.977, 306.747, 0.000, 518.695, 0.000, 0.341, 3.447, 0.000, 
43, 4, 0, 51.417, 1505.430, 22.382, 186.721, 16.561, 205.446, 176.211, 0.000, 183.024, 0.000, 0.471, 3.767, 0.000, 
43, 4, 0, 50.956, 1620.487, 18.004, 200.407, 20.068, 209.023, 187.953, 0.000, 182.944, 0.000, 0.721, 3.848, 0.000, 
43, 4, 0, 45.515, 1652.888, 16.792, 276.540, 13.675, 240.993, 167.716, 0.000, 187.432, 0.000, 0.351, 3.607, 0.000, 
43, 4, 0, 67.477, 1602.163, 18.905, 209.133, 16.932, 198.012, 184.868, 0.000, 157.777, 0.000, 0.571, 4.448, 0.000, 
43, 4, 0, 55.805, 1600.280, 18.324, 299.433, 13.425, 556.797, 184.707, 0.000, 199.054, 0.000, 0.581, 3.166, 0.000, 
44, 4, 0, 48.641, 1720.906, 17.734, 206.879, 15.299, 203.263, 261.652, 0.000, 247.746, 0.000, 0.852, 3.767, 0.000, 
44, 4, 0, 145.063, 1774.376, 18.836, 196.931, 17.593, 188.645, 552.359, 0.000, 410.251, 0.000, 0.681, 3.126, 0.000, 
44, 4, 0, 50.304, 1919.699, 16.852, 281.630, 15.449, 248.447, 292.830, 0.000, 253.517, 0.000, 0.541, 3.927, 0.000, 
44, 4, 0, 128.571, 2091.193, 22.603, 199.866, 19.467, 202.982, 244.159, 0.000, 299.844, 0.000, 0.561, 3.006, 0.000, 
44, 4, 0, 58.100, 1545.015, 20.078, 269.397, 13.405, 264.938, 260.930, 0.000, 267.423, 0.000, 0.491, 4.569, 0.000, 
44, 4, 0, 60.544, 1590.251, 19.356, 193.844, 15.879, 197.621, 167.435, 0.000, 160.342, 0.000, 0.341, 3.847, 0.000, 
44, 4, 0, 49.292, 1735.364, 17.352, 287.190, 13.676, 240.803, 256.603, 0.000, 222.819, 0.000, 0.602, 3.847, 0.000, 
44, 4, 0, 49.773, 1667.546, 17.333, 196.740, 18.625, 201.108, 133.732, 0.000, 158.578, 0.000, 0.711, 3.166, 0.000, 
44, 4, 0, 81.693, 1685.690, 18.245, 207.240, 16.010, 174.969, 182.744, 0.000, 185.028, 0.000, 0.651, 11.662, 0.000, 
44, 4, 0, 64.101, 1722.499, 18.795, 189.706, 20.208, 206.448, 163.067, 0.000, 547.529, 0.000, 0.691, 3.206, 0.000, 
45, 4, 0, 74.320, 1701.770, 15.209, 203.002, 15.189, 201.609, 262.614, 0.000, 264.457, 0.000, 1.283, 2.925, 0.000, 
45, 4, 0, 163.247, 1798.082, 31.038, 221.466, 16.110, 196.940, 181.862, 0.000, 160.262, 0.000, 0.461, 3.607, 0.000, 
45, 4, 0, 52.008, 1651.355, 17.553, 282.301, 20.048, 259.839, 192.202, 0.000, 177.574, 0.000, 0.642, 3.767, 0.000, 
45, 4, 0, 133.040, 2078.419, 29.976, 204.634, 20.057, 191.820, 161.343, 0.000, 135.816, 0.000, 1.042, 3.487, 0.000, 
45, 4, 0, 63.269, 1872.712, 17.884, 186.922, 15.539, 184.026, 95.380, 0.000, 272.021, 0.000, 0.932, 3.887, 0.000, 
45, 4, 0, 137.158, 2035.949, 20.308, 205.586, 17.233, 201.219, 454.865, 0.000, 819.942, 0.000, 0.481, 3.206, 0.000, 
45, 4, 0, 57.668, 1637.590, 24.165, 215.946, 16.952, 381.197, 199.856, 0.000, 190.038, 0.000, 0.561, 2.805, 0.000, 
45, 4, 0, 57.879, 1606.160, 21.881, 209.424, 15.920, 202.841, 169.799, 0.000, 195.207, 0.000, 0.491, 3.767, 0.000, 
45, 4, 0, 59.272, 1600.680, 18.004, 197.321, 14.688, 176.953, 173.606, 0.000, 174.689, 0.000, 0.571, 3.647, 0.000, 
45, 4, 0, 58.129, 1632.089, 18.505, 202.060, 17.323, 209.765, 181.701, 0.000, 193.964, 0.000, 0.611, 3.286, 0.000, 
46, 4, 0, 57.949, 1699.606, 20.689, 212.189, 18.175, 198.844, 202.420, 0.000, 194.245, 0.000, 0.631, 3.727, 0.000, 
46, 4, 0, 53.731, 1874.916, 18.164, 199.525, 16.782, 187.894, 324.220, 0.000, 569.270, 0.000, 0.631, 3.045, 0.000, 
46, 4, 0, 65.783, 1582.737, 18.454, 203.021, 14.296, 206.057, 185.589, 0.000, 187.593, 0.000, 0.430, 3.847, 0.000, 
46, 4, 0, 52.880, 1639.893, 17.233, 206.198, 19.807, 214.984, 178.977, 0.000, 177.373, 0.000, 0.562, 3.206, 0.000, 
46, 4, 0, 101.080, 1828.989, 17.934, 211.799, 14.758, 199.575, 591.112, 0.000, 389.012, 0.000, 0.491, 11.421, 0.000, 
46, 4, 0, 55.204, 1539.665, 18.305, 201.229, 16.130, 199.866, 274.917, 0.000, 244.339, 0.000, 0.671, 3.286, 0.000, 
46, 4, 0, 65.814, 1731.596, 18.555, 200.186, 17.753, 201.098, 187.994, 0.000, 204.664, 0.000, 1.022, 3.166, 0.000, 
46, 4, 0, 52.088, 1673.508, 20.829, 207.510, 18.825, 209.003, 276.681, 0.000, 246.984, 0.000, 0.551, 3.046, 0.000, 
46, 4, 0, 52.269, 1654.100, 18.986, 205.126, 18.144, 207.510, 178.015, 0.000, 110.728, 0.000, 0.201, 3.326, 0.000, 
46, 4, 0, 62.918, 1815.544, 19.577, 211.408, 15.299, 187.813, 304.343, 0.000, 590.430, 0.000, 0.581, 2.765, 0.000, 
47, 4, 0, 66.905, 1768.807, 24.366, 257.895, 16.581, 338.206, 196.009, 0.000, 200.738, 0.000, 0.341, 3.887, 0.000, 
47, 4, 0, 72.366, 1782.953, 18.816, 222.218, 18.665, 210.656, 189.957, 0.000, 202.260, 0.000, 0.672, 3.727, 0.000, 
47, 4, 0, 63.820, 1607.693, 17.413, 207.921, 21.711, 222.068, 189.156, 0.000, 194.365, 0.000, 0.651, 3.085, 0.000, 
47, 4, 0, 121.187, 1825.252, 39.043, 225.774, 17.674, 218.040, 185.549, 0.000, 176.772, 0.000, 0.481, 3.767, 0.000, 
47, 4, 0, 64.932, 1802.590, 17.904, 293.061, 13.115, 260.590, 181.021, 0.000, 187.312, 0.000, 0.781, 3.887, 0.000, 
47, 4, 0, 56.185, 1638.562, 20.027, 205.286, 21.029, 207.370, 205.026, 0.000, 199.936, 0.000, 0.421, 3.287, 0.000, 
47, 4, 0, 60.984, 1589.599, 22.282, 220.324, 26.911, 230.053, 206.107, 0.000, 197.571, 0.000, 0.711, 3.206, 0.000, 
47, 4, 0, 89.969, 1965.687, 23.604, 202.992, 14.227, 184.888, 93.776, 0.000, 163.547, 0.000, 0.831, 5.731, 0.000, 
47, 4, 0, 62.678, 1577.978, 19.026, 211.888, 23.995, 209.675, 183.746, 0.000, 183.385, 0.000, 0.782, 3.126, 0.000, 
47, 4, 0, 54.222, 1817.107, 20.288, 300.325, 16.852, 262.674, 284.194, 0.000, 581.052, 0.000, 0.421, 3.527, 0.000, 
48, 4, 0, 54.712, 1686.161, 18.656, 222.539, 22.943, 228.490, 203.262, 0.000, 207.630, 0.000, 0.420, 2.966, 0.000, 
48, 4, 0, 56.556, 1598.756, 21.531, 213.983, 14.948, 229.321, 225.304, 0.000, 199.816, 0.000, 0.551, 6.973, 0.000, 
48, 4, 0, 54.813, 1997.907, 15.960, 296.909, 15.789, 266.020, 173.847, 0.000, 146.756, 0.000, 0.441, 3.847, 0.000, 
48, 4, 0, 70.513, 1783.133, 31.299, 663.668, 14.327, 452.360, 323.588, 0.000, 603.735, 0.000, 0.541, 3.206, 0.000, 
48, 4, 0, 67.628, 1590.320, 18.696, 200.237, 14.217, 214.774, 180.459, 0.000, 100.188, 0.000, 0.822, 3.046, 0.000, 
48, 4, 0, 97.864, 1893.480, 16.591, 281.819, 31.058, 276.189, 181.902, 0.000, 200.337, 0.000, 0.561, 3.767, 0.000, 
48, 4, 0, 77.416, 1622.601, 17.994, 215.986, 22.883, 219.573, 304.633, 0.000, 593.476, 0.000, 0.581, 3.967, 0.000, 
48, 4, 0, 70.713, 1840.741, 26.780, 251.162, 15.890, 231.005, 211.598, 0.000, 205.065, 0.000, 0.341, 3.447, 0.000, 
48, 4, 0, 56.757, 1672.966, 17.152, 205.557, 19.146, 213.211, 293.271, 0.000, 252.796, 0.000, 0.842, 3.567, 0.000, 
48, 4, 0, 55.865, 1854.989, 18.705, 205.987, 14.938, 196.550, 317.397, 0.000, 589.508, 0.000, 0.551, 91.452, 0.000, 
49, 4, 0, 58.811, 1910.452, 22.433, 221.928, 15.098, 210.566, 140.504, 0.000, 172.845, 0.000, 0.982, 3.045, 0.000, 
49, 4, 0, 56.856, 1754.399, 19.667, 210.315, 20.559, 225.645, 216.928, 0.000, 201.058, 0.000, 0.801, 6.813, 0.000, 
49, 4, 0, 68.699, 1989.040, 21.029, 285.466, 13.977, 285.537, 204.825, 0.000, 217.849, 0.000, 0.541, 3.847, 0.000, 
49, 4, 0, 82.234, 1624.235, 17.232, 214.623, 16.151, 217.069, 200.256, 0.000, 188.314, 0.000, 0.651, 3.086, 0.000, 
49, 4, 0, 77.155, 1621.069, 18.004, 200.306, 17.654, 215.696, 207.109, 0.000, 217.369, 0.000, 0.821, 3.768, 0.000, 
49, 4, 0, 83.046, 1611.180, 19.096, 183.555, 21.210, 210.646, 286.619, 0.000, 287.421, 0.000, 0.801, 2.765, 0.000, 
49, 4, 0, 63.640, 1927.024, 24.817, 206.188, 14.227, 192.943, 193.884, 0.000, 193.844, 0.000, 0.891, 2.926, 0.000, 
49, 4, 0, 167.405, 1816.035, 17.733, 219.974, 14.908, 221.676, 182.904, 0.000, 201.499, 0.000, 1.012, 3.206, 0.000, 
49, 4, 0, 60.444, 1849.057, 23.244, 229.261, 15.439, 217.138, 271.430, 0.000, 269.707, 0.000, 0.581, 3.487, 0.000, 
49, 4, 0, 84.539, 1655.704, 19.106, 209.654, 19.537, 226.767, 203.863, 0.000, 217.088, 0.000, 0.291, 3.366, 0.000, 
50, 4, 0, 72.055, 1976.737, 36.439, 269.748, 16.050, 223.390, 199.656, 0.000, 190.518, 0.000, 0.531, 3.526, 0.000, 
50, 4, 0, 58.941, 2020.279, 19.116, 218.872, 18.435, 226.125, 205.667, 0.000, 218.411, 0.000, 0.901, 4.488, 0.000, 
50, 4, 0, 64.321, 1790.848, 18.645, 224.201, 19.307, 217.630, 208.072, 0.000, 220.775, 0.000, 1.062, 3.928, 0.000, 
50, 4, 0, 81.814, 1679.819, 17.172, 220.785, 18.505, 222.969, 210.556, 0.000, 214.724, 0.000, 0.471, 3.206, 0.000, 
50, 4, 0, 148.690, 1800.115, 17.032, 222.859, 18.023, 206.488, 341.362, 0.000, 341.923, 0.000, 0.902, 3.206, 0.000, 
50, 4, 0, 59.793, 1648.049, 20.629, 217.038, 15.780, 202.050, 153.770, 0.000, 185.790, 0.000, 0.742, 3.246, 0.000, 
50, 4, 0, 61.786, 1617.873, 16.671, 307.498, 18.676, 295.316, 367.972, 0.000, 625.857, 0.000, 0.671, 3.847, 0.000, 
50, 4, 0, 67.166, 1602.924, 22.182, 224.332, 14.357, 216.457, 208.512, 0.000, 203.583, 0.000, 0.782, 4.489, 0.000, 
50, 4, 0, 102.793, 1969.524, 19.146, 217.860, 16.732, 205.436, 196.730, 0.000, 202.421, 0.000, 0.731, 3.286, 0.000, 
50, 4, 0, 60.433, 1793.563, 19.156, 220.785, 18.855, 239.129, 203.022, 0.000, 216.527, 0.000, 0.561, 3.166, 0.000, 
51, 4, 0, 160.953, 1867.242, 18.775, 232.437, 14.968, 208.442, 362.181, 0.000, 621.970, 0.000, 1.002, 2.885, 0.000, 
51, 4, 0, 66.585, 1624.725, 24.346, 216.798, 14.347, 207.631, 214.684, 0.000, 213.121, 0.000, 0.782, 5.730, 0.000, 
51, 4, 0, 55.775, 1929.879, 17.333, 298.562, 18.765, 303.100, 200.698, 0.000, 224.101, 0.000, 0.701, 3.246, 0.000, 
51, 4, 0, 65.523, 2064.272, 20.328, 218.611, 15.790, 213.161, 643.420, 0.000, 445.919, 0.000, 0.561, 95.619, 0.000, 
51, 4, 0, 67.537, 1638.171, 20.960, 434.046, 16.461, 738.719, 294.073, 0.000, 300.645, 0.000, 1.062, 3.606, 0.000, 
51, 4, 0, 72.917, 2045.066, 19.647, 226.316, 20.629, 237.807, 218.891, 0.000, 211.598, 0.000, 0.440, 3.326, 0.000, 
51, 4, 0, 64.091, 1774.467, 21.170, 305.975, 16.141, 275.017, 205.987, 0.000, 200.898, 0.000, 0.641, 12.864, 0.000, 
51, 4, 0, 70.573, 1620.066, 18.204, 331.243, 27.762, 645.574, 204.224, 0.000, 224.903, 0.000, 1.183, 2.806, 0.000, 
51, 4, 0, 112.101, 1905.042, 27.452, 232.007, 15.008, 215.986, 107.121, 0.000, 177.895, 0.000, 0.911, 3.166, 0.000, 
51, 4, 0, 140.855, 1874.214, 22.703, 234.551, 14.497, 226.916, 210.676, 0.000, 213.081, 0.000, 0.982, 3.287, 0.000, 
52, 4, 0, 149.531, 1876.779, 24.966, 235.322, 16.692, 226.667, 211.758, 0.000, 199.936, 0.000, 0.430, 2.805, 0.000, 
52, 4, 0, 198.804, 1696.120, 27.001, 244.239, 17.192, 219.493, 353.985, 0.000, 366.689, 0.000, 0.952, 3.928, 0.000, 
52, 4, 0, 72.506, 1608.595, 21.501, 249.369, 17.143, 222.659, 374.735, 0.000, 644.933, 0.000, 0.420, 2.765, 0.000, 
52, 4, 0, 195.628, 1647.428, 18.845, 348.265, 16.671, 645.043, 209.113, 0.000, 211.758, 0.000, 0.531, 3.887, 0.000, 
52, 4, 0, 70.773, 1789.846, 18.575, 333.107, 15.900, 660.953, 202.821, 0.000, 205.907, 0.000, 0.792, 3.607, 0.000, 
52, 4, 0, 61.445, 1681.733, 22.632, 232.948, 16.611, 223.230, 387.138, 0.000, 639.523, 0.000, 0.742, 2.725, 0.000, 
52, 4, 0, 115.748, 2302.880, 22.563, 312.538, 17.143, 318.169, 222.658, 0.000, 183.986, 0.000, 0.691, 3.566, 0.000, 
52, 4, 0, 60.484, 1607.052, 25.177, 234.601, 15.018, 193.995, 302.730, 0.000, 298.562, 0.000, 0.461, 3.567, 0.000, 
52, 4, 0, 89.629, 1659.280, 18.585, 228.109, 21.922, 217.259, 276.961, 0.000, 293.472, 0.000, 0.541, 2.726, 0.000, 
52, 4, 0, 75.111, 1565.784, 16.902, 234.571, 14.888, 239.641, 356.330, 0.000, 619.084, 0.000, 0.781, 3.687, 0.000, 
53, 4, 0, 60.334, 1553.642, 18.524, 225.183, 16.191, 224.743, 212.480, 0.000, 200.056, 0.000, 0.551, 4.088, 0.000, 
53, 4, 0, 78.338, 1624.214, 22.973, 227.117, 20.619, 236.585, 201.899, 0.000, 223.180, 0.000, 0.541, 2.725, 0.000, 
53, 4, 0, 95.960, 2026.130, 33.393, 273.905, 21.130, 243.979, 316.155, 0.000, 328.217, 0.000, 0.591, 3.727, 0.000, 
53, 4, 0, 187.051, 2143.511, 17.503, 231.095, 14.718, 241.224, 221.617, 0.000, 232.317, 0.000, 0.892, 3.847, 0.000, 
53, 4, 0, 79.109, 1822.297, 18.485, 232.727, 13.375, 221.817, 659.079, 0.000, 359.236, 0.000, 0.832, 3.527, 0.000, 
53, 4, 0, 92.494, 1741.756, 30.808, 217.539, 17.142, 216.086, 213.522, 0.000, 189.957, 0.000, 0.511, 3.246, 0.000, 
53, 4, 0, 173.136, 1974.753, 19.657, 240.833, 19.247, 242.306, 201.619, 0.000, 211.558, 0.000, 0.551, 2.965, 0.000, 
53, 4, 0, 73.999, 1862.192, 21.250, 324.149, 13.755, 310.053, 199.335, 0.000, 219.893, 0.000, 0.641, 3.326, 0.000, 
53, 4, 0, 85.411, 1661.214, 18.906, 227.287, 18.795, 239.851, 207.790, 0.000, 210.435, 0.000, 0.450, 6.613, 0.000, 
53, 4, 0, 75.382, 1703.403, 18.455, 242.176, 17.904, 237.326, 627.571, 0.000, 682.804, 0.000, 0.451, 3.808, 0.000, 
54, 4, 0, 75.021, 1985.274, 23.805, 256.562, 16.270, 236.394, 120.827, 0.000, 110.648, 0.000, 0.872, 2.966, 0.000, 
54, 4, 0, 86.422, 1787.752, 19.076, 251.713, 28.012, 243.668, 224.181, 0.000, 192.683, 0.000, 0.732, 3.246, 0.000, 
54, 4, 0, 73.298, 1799.664, 22.883, 244.881, 17.994, 245.792, 235.282, 0.000, 224.181, 0.000, 0.962, 3.887, 0.000, 
54, 4, 0, 62.648, 1944.987, 18.906, 236.064, 23.264, 253.066, 224.021, 0.000, 209.353, 0.000, 0.801, 6.051, 0.000, 
54, 4, 0, 156.875, 1856.131, 21.540, 303.210, 13.826, 307.659, 204.826, 0.000, 220.215, 0.000, 0.601, 3.767, 0.000, 
54, 4, 0, 78.959, 1601.922, 21.441, 322.888, 20.548, 332.455, 309.381, 0.000, 304.613, 0.000, 1.032, 3.045, 0.000, 
54, 4, 0, 68.759, 1667.676, 24.877, 257.645, 16.741, 240.983, 238.608, 0.000, 229.311, 0.000, 0.671, 9.017, 0.000, 
54, 4, 0, 66.465, 2142.920, 17.834, 231.896, 16.862, 229.282, 376.328, 0.000, 645.974, 0.000, 0.901, 2.925, 0.000, 
54, 4, 0, 169.098, 1828.539, 26.329, 244.500, 15.008, 241.955, 222.979, 0.000, 217.088, 0.000, 1.743, 2.926, 0.000, 
54, 4, 0, 84.168, 1663.749, 18.625, 229.271, 20.158, 237.677, 286.098, 0.000, 310.303, 0.000, 0.531, 4.127, 0.000, 
55, 4, 0, 190.298, 2006.713, 22.031, 249.899, 16.551, 247.104, 221.055, 0.000, 205.586, 0.000, 0.581, 3.206, 0.000, 
55, 4, 0, 83.718, 1803.642, 24.506, 479.191, 16.381, 689.226, 227.829, 0.000, 221.537, 0.000, 1.052, 3.045, 0.000, 
55, 4, 0, 98.635, 1750.061, 18.676, 236.665, 19.487, 249.729, 250.150, 0.000, 222.258, 0.000, 0.701, 10.981, 0.000, 
55, 4, 0, 67.837, 1971.187, 21.591, 311.827, 13.666, 315.043, 228.910, 0.000, 232.397, 0.000, 0.611, 3.847, 0.000, 
55, 4, 0, 71.936, 1593.556, 19.878, 404.581, 22.513, 693.264, 226.145, 0.000, 209.394, 0.000, 0.792, 9.418, 0.000, 
55, 4, 0, 73.618, 1591.172, 25.438, 259.999, 17.203, 228.420, 470.816, 0.000, 669.138, 0.000, 0.771, 3.005, 0.000, 
55, 4, 0, 91.322, 1660.603, 24.746, 235.502, 27.571, 239.029, 220.254, 0.000, 234.080, 0.000, 0.812, 3.166, 0.000, 
55, 4, 0, 71.805, 1990.403, 22.783, 259.989, 15.859, 226.626, 130.004, 0.000, 172.645, 0.000, 0.470, 9.057, 0.000, 
55, 4, 0, 66.054, 1812.829, 19.878, 237.136, 18.234, 239.059, 158.498, 0.000, 385.044, 0.000, 0.721, 11.822, 0.000, 
55, 4, 0, 79.009, 1786.209, 37.500, 266.331, 18.895, 233.058, 228.229, 0.000, 221.095, 0.000, 1.213, 3.928, 0.000, 
56, 4, 0, 107.052, 1770.990, 22.422, 238.639, 21.400, 248.788, 309.262, 0.000, 328.337, 0.000, 0.942, 5.651, 0.000, 
56, 4, 0, 76.093, 1732.799, 18.034, 330.652, 16.231, 311.566, 219.333, 0.000, 219.292, 0.000, 0.841, 3.045, 0.000, 
56, 4, 0, 90.440, 1646.727, 20.939, 216.727, 25.227, 248.096, 199.976, 0.000, 215.525, 0.000, 0.661, 3.166, 0.000, 
56, 4, 0, 220.635, 1872.250, 28.724, 325.903, 15.769, 330.020, 224.502, 0.000, 243.819, 0.000, 0.952, 3.807, 0.000, 
56, 4, 0, 86.092, 1760.360, 25.679, 460.557, 18.705, 392.157, 203.583, 0.000, 206.308, 0.000, 0.942, 4.969, 0.000, 
56, 4, 0, 123.502, 2204.716, 36.779, 616.229, 19.607, 233.940, 681.322, 0.000, 208.913, 0.000, 0.851, 2.725, 0.000, 
56, 4, 0, 184.858, 1900.865, 18.485, 442.502, 14.347, 767.112, 213.281, 0.000, 209.594, 0.000, 0.661, 3.126, 0.000, 
56, 4, 0, 64.682, 1888.761, 20.989, 324.470, 13.034, 336.713, 405.713, 0.000, 682.604, 0.000, 0.501, 3.086, 0.000, 
56, 4, 0, 78.708, 1781.430, 18.955, 330.972, 16.972, 323.739, 215.926, 0.000, 220.615, 0.000, 0.692, 3.807, 0.000, 
56, 4, 0, 96.823, 1636.577, 21.811, 297.229, 15.449, 392.619, 232.878, 0.000, 240.613, 0.000, 0.882, 3.246, 0.000, 
57, 4, 0, 223.360, 2006.593, 19.217, 244.460, 17.604, 260.781, 313.871, 0.000, 314.472, 0.000, 0.781, 3.888, 0.000, 
57, 4, 0, 251.744, 1786.239, 19.737, 243.317, 14.838, 250.250, 251.874, 0.000, 229.912, 0.000, 1.122, 3.887, 0.000, 
57, 4, 0, 78.217, 1944.316, 20.759, 250.261, 17.042, 251.874, 261.893, 0.000, 227.267, 0.000, 0.691, 107.602, 0.000, 
57, 4, 0, 88.737, 2104.618, 20.178, 260.800, 19.216, 249.819, 227.387, 0.000, 228.790, 0.000, 0.872, 6.412, 0.000, 
57, 4, 0, 155.392, 1972.669, 24.005, 262.774, 16.321, 245.432, 431.211, 0.000, 444.916, 0.000, 0.591, 3.046, 0.000, 
57, 4, 0, 74.470, 1841.072, 20.268, 260.620, 18.145, 244.099, 239.009, 0.000, 212.519, 0.000, 0.852, 8.897, 0.000, 
57, 4, 0, 63.559, 1873.734, 18.915, 248.788, 14.126, 247.826, 247.906, 0.000, 225.384, 0.000, 0.691, 9.748, 0.000, 
57, 4, 0, 112.913, 1916.143, 31.590, 735.193, 16.511, 367.110, 232.758, 0.000, 235.563, 0.000, 1.022, 3.767, 0.000, 
57, 4, 0, 141.216, 1867.893, 19.226, 246.133, 16.140, 247.846, 307.057, 0.000, 308.580, 0.000, 0.761, 3.767, 0.000, 
57, 4, 0, 71.424, 2263.957, 21.280, 261.492, 17.303, 245.753, 226.305, 0.000, 218.731, 0.000, 0.821, 3.847, 0.000, 
58, 4, 0, 72.046, 1875.106, 32.150, 281.599, 17.453, 260.460, 248.066, 0.000, 240.091, 0.000, 2.895, 3.367, 0.000, 
58, 4, 0, 195.277, 2057.158, 23.203, 326.443, 16.892, 332.075, 236.525, 0.000, 241.134, 0.000, 1.473, 3.006, 0.000, 
58, 4, 0, 98.556, 2026.841, 40.306, 433.466, 17.613, 314.180, 219.653, 0.000, 215.845, 0.000, 1.012, 7.775, 0.000, 
58, 4, 0, 143.460, 1654.541, 27.872, 456.949, 15.299, 734.121, 243.699, 0.000, 228.149, 0.000, 0.652, 3.927, 0.000, 
58, 4, 0, 97.483, 1671.143, 19.056, 227.047, 16.321, 241.985, 207.069, 0.000, 222.859, 0.000, 0.471, 3.206, 0.000, 
58, 4, 0, 73.138, 1766.221, 17.473, 256.382, 18.464, 214.493, 241.935, 0.000, 238.488, 0.000, 0.802, 8.937, 0.000, 
58, 4, 0, 67.817, 1764.258, 25.558, 262.884, 16.621, 253.617, 254.839, 0.000, 235.282, 0.000, 0.621, 3.888, 0.000, 
58, 4, 0, 72.837, 1881.719, 16.531, 242.205, 15.309, 232.067, 241.134, 0.000, 205.346, 0.000, 1.664, 3.727, 0.000, 
58, 4, 0, 68.099, 2281.991, 17.903, 260.099, 17.833, 248.517, 130.325, 0.000, 217.930, 0.000, 0.371, 3.887, 0.000, 
58, 4, 0, 70.994, 1884.223, 23.945, 356.630, 17.873, 323.849, 335.111, 0.000, 336.834, 0.000, 0.551, 3.567, 0.000, 
59, 4, 0, 83.858, 2070.744, 20.598, 346.291, 14.778, 359.336, 230.874, 0.000, 230.032, 0.000, 1.202, 2.966, 0.000, 
59, 4, 0, 99.196, 1684.358, 23.875, 817.808, 16.300, 579.058, 226.305, 0.000, 226.907, 0.000, 0.922, 2.885, 0.000, 
59, 4, 0, 250.391, 1876.369, 20.588, 227.407, 17.042, 221.296, 224.663, 0.000, 240.332, 0.000, 0.722, 4.809, 0.000, 
59, 4, 0, 86.723, 1744.511, 18.875, 267.453, 17.293, 255.230, 252.435, 0.000, 239.931, 0.000, 0.791, 3.888, 0.000, 
59, 4, 0, 142.418, 1703.513, 18.324, 348.165, 27.862, 371.949, 250.231, 0.000, 246.343, 0.000, 0.981, 3.526, 0.000, 
59, 4, 0, 263.766, 1983.139, 18.244, 242.967, 28.804, 241.174, 169.078, 0.000, 122.391, 0.000, 0.812, 4.288, 0.000, 
59, 4, 0, 93.115, 2013.566, 28.774, 281.379, 16.121, 246.093, 230.713, 0.000, 241.535, 0.000, 0.771, 4.489, 0.000, 
59, 4, 0, 90.230, 1831.725, 24.326, 258.486, 15.559, 252.565, 335.671, 0.000, 350.058, 0.000, 0.821, 3.126, 0.000, 
59, 4, 0, 87.515, 1695.658, 20.549, 378.813, 15.760, 333.547, 242.816, 0.000, 256.843, 0.000, 0.581, 3.888, 0.000, 
59, 4, 0, 83.878, 1846.152, 23.444, 268.885, 19.367, 249.209, 1051.578, 0.000, 347.694, 0.000, 0.551, 2.846, 0.000, 
60, 4, 0, 90.580, 1723.832, 24.746, 272.462, 17.182, 253.456, 509.117, 0.000, 601.090, 0.000, 0.702, 2.805, 0.000, 
60, 4, 0, 246.333, 1880.687, 18.084, 233.719, 14.076, 237.566, 227.989, 0.000, 216.046, 0.000, 0.311, 5.411, 0.000, 
60, 4, 0, 164.098, 2147.739, 27.732, 283.643, 21.740, 269.566, 184.627, 0.000, 220.094, 0.000, 0.591, 3.847, 0.000, 
60, 4, 0, 115.858, 2115.679, 21.611, 234.030, 15.389, 226.886, 519.046, 0.000, 637.839, 0.000, 0.901, 3.527, 0.000, 
60, 4, 0, 139.142, 2265.901, 27.441, 265.790, 17.302, 250.982, 227.188, 0.000, 235.282, 0.000, 0.851, 2.965, 0.000, 
60, 4, 0, 98.446, 1655.222, 19.286, 252.635, 18.916, 258.817, 245.141, 0.000, 237.126, 0.000, 0.471, 4.448, 0.000, 
60, 4, 0, 72.526, 1788.624, 20.929, 272.452, 16.832, 256.863, 1051.587, 0.000, 364.044, 0.000, 0.300, 3.206, 0.000, 
60, 4, 0, 104.647, 1730.324, 19.186, 225.584, 14.808, 250.411, 237.045, 0.000, 239.009, 0.000, 0.671, 8.696, 0.000, 
60, 4, 0, 78.287, 2070.143, 17.913, 331.633, 18.014, 326.404, 468.401, 0.000, 678.075, 0.000, 0.571, 3.407, 0.000, 
60, 4, 0, 75.011, 1778.895, 22.442, 267.633, 15.348, 260.019, 316.155, 0.000, 338.877, 0.000, 1.583, 4.208, 0.000, 
61, 4, 0, 95.189, 1945.889, 19.206, 363.173, 14.397, 345.229, 254.358, 0.000, 255.120, 0.000, 0.831, 3.246, 0.000, 
61, 4, 0, 81.563, 1857.203, 18.875, 781.760, 17.162, 434.176, 754.298, 0.000, 281.209, 0.000, 0.741, 9.137, 0.000, 
61, 4, 0, 73.569, 1797.480, 22.743, 1137.188, 14.848, 501.503, 239.851, 0.000, 229.872, 0.000, 0.611, 3.847, 0.000, 
61, 4, 0, 80.080, 1856.741, 36.689, 780.868, 16.481, 356.590, 406.524, 0.000, 403.358, 0.000, 0.631, 10.580, 0.000, 
61, 4, 0, 68.619, 1999.790, 20.819, 268.295, 18.986, 268.244, 247.986, 0.000, 251.674, 0.000, 0.782, 2.765, 0.000, 
61, 4, 0, 148.309, 2132.751, 41.658, 317.878, 16.621, 267.964, 260.210, 0.000, 247.545, 0.000, 0.972, 3.968, 0.000, 
61, 4, 0, 212.520, 1890.135, 19.136, 255.791, 18.505, 257.514, 265.179, 0.000, 241.855, 0.000, 0.360, 3.727, 0.000, 
61, 4, 0, 84.920, 1921.273, 23.685, 498.357, 18.615, 420.020, 364.726, 0.000, 329.059, 0.000, 0.711, 12.944, 0.000, 
61, 4, 0, 83.437, 1795.046, 18.184, 261.772, 21.942, 265.389, 717.850, 0.000, 461.147, 0.000, 0.692, 11.942, 0.000, 
61, 4, 0, 88.396, 1764.849, 18.094, 872.531, 16.902, 381.778, 451.048, 0.000, 751.654, 0.000, 0.651, 4.408, 0.000, 
62, 4, 0, 78.878, 1826.976, 18.936, 279.145, 16.962, 263.947, 238.208, 0.000, 237.888, 0.000, 0.441, 3.005, 0.000, 
62, 4, 0, 93.125, 1750.742, 19.046, 278.754, 16.130, 264.938, 345.409, 0.000, 348.536, 0.000, 0.611, 2.966, 0.000, 
62, 4, 0, 193.534, 1803.151, 18.505, 261.632, 16.150, 273.684, 247.105, 0.000, 248.267, 0.000, 1.313, 3.687, 0.000, 
62, 4, 0, 193.394, 1732.428, 19.296, 271.611, 15.870, 258.255, 258.647, 0.000, 266.020, 0.000, 0.892, 3.126, 0.000, 
62, 4, 0, 89.668, 1765.840, 19.367, 949.696, 18.174, 325.011, 760.350, 0.000, 304.613, 0.000, 0.871, 9.618, 0.000, 
62, 4, 0, 198.864, 2059.803, 18.856, 469.623, 16.721, 469.743, 257.044, 0.000, 220.414, 0.000, 0.461, 3.206, 0.000, 
62, 4, 0, 86.973, 1810.475, 19.136, 265.479, 18.555, 253.227, 257.164, 0.000, 244.700, 0.000, 0.461, 4.248, 0.000, 
62, 4, 0, 194.566, 2060.665, 19.317, 353.986, 18.465, 362.782, 240.372, 0.000, 240.492, 0.000, 0.531, 9.418, 0.000, 
62, 4, 0, 194.185, 2106.270, 27.512, 274.196, 18.505, 282.922, 239.651, 0.000, 225.104, 0.000, 0.631, 3.767, 0.000, 
62, 4, 0, 85.561, 1879.745, 18.835, 788.653, 17.403, 325.242, 724.883, 0.000, 219.693, 0.000, 1.042, 2.965, 0.000, 
63, 4, 0, 147.728, 2010.391, 19.376, 259.798, 20.308, 240.241, 248.588, 0.000, 271.791, 0.000, 0.942, 4.008, 0.000, 
63, 4, 0, 112.792, 1662.005, 19.246, 511.031, 24.256, 759.048, 350.900, 0.000, 335.351, 0.000, 0.511, 3.286, 0.000, 
63, 4, 0, 111.970, 1704.967, 27.992, 494.940, 17.223, 779.396, 234.962, 0.000, 227.107, 0.000, 1.032, 3.527, 0.000, 
63, 4, 0, 217.990, 1901.435, 21.972, 267.794, 19.667, 281.009, 268.665, 0.000, 265.459, 0.000, 0.742, 3.527, 0.000, 
63, 4, 0, 120.947, 1975.826, 23.684, 860.277, 16.220, 580.832, 226.626, 0.000, 246.183, 0.000, 1.242, 4.489, 0.000, 
63, 4, 0, 92.935, 1961.288, 39.405, 564.873, 19.717, 420.851, 775.298, 0.000, 403.679, 0.000, 0.551, 3.767, 0.000, 
63, 4, 0, 123.913, 1708.623, 21.199, 268.444, 29.896, 285.927, 235.603, 0.000, 258.526, 0.000, 0.611, 3.647, 0.000, 
63, 4, 0, 254.719, 1935.600, 26.770, 285.246, 15.499, 272.322, 346.171, 0.000, 362.883, 0.000, 0.922, 3.847, 0.000, 
63, 4, 0, 191.770, 2358.015, 24.095, 264.627, 22.703, 267.253, 179.337, 0.000, 207.029, 0.000, 0.632, 5.450, 0.000, 
63, 4, 0, 158.418, 2025.349, 21.150, 287.661, 19.797, 277.522, 357.512, 0.000, 352.663, 0.000, 0.902, 4.048, 0.000, 
64, 4, 0, 108.003, 1992.698, 20.047, 291.227, 17.593, 272.993, 231.796, 0.000, 126.799, 0.000, 0.982, 4.048, 0.000, 
64, 4, 0, 100.289, 1918.748, 19.487, 295.576, 19.326, 283.193, 366.609, 0.000, 351.340, 0.000, 0.621, 3.487, 0.000, 
64, 4, 0, 96.782, 1963.582, 17.833, 284.555, 21.100, 278.383, 258.927, 0.000, 248.026, 0.000, 0.812, 8.977, 0.000, 
64, 4, 0, 85.080, 2015.410, 18.295, 805.575, 21.019, 321.554, 192.563, 0.000, 182.704, 0.000, 1.062, 3.206, 0.000, 
64, 4, 0, 133.561, 2149.312, 22.092, 615.367, 16.070, 365.637, 227.428, 0.000, 245.662, 0.000, 1.263, 3.847, 0.000, 
64, 4, 0, 189.957, 2107.584, 19.827, 276.299, 15.098, 277.301, 267.784, 0.000, 265.539, 0.000, 1.102, 4.448, 0.000, 
64, 4, 0, 101.441, 1881.428, 22.542, 264.347, 15.549, 235.633, 801.427, 0.000, 343.967, 0.000, 1.122, 2.766, 0.000, 
64, 4, 0, 104.386, 1911.855, 23.875, 284.054, 15.539, 269.837, 237.005, 0.000, 231.074, 0.000, 0.481, 4.008, 0.000, 
64, 4, 0, 97.062, 1817.027, 18.866, 267.654, 36.008, 298.151, 273.194, 0.000, 252.114, 0.000, 0.771, 2.925, 0.000, 
64, 4, 0, 160.171, 1965.817, 18.876, 810.494, 22.983, 320.632, 262.173, 0.000, 270.789, 0.000, 1.482, 3.166, 0.000, 
65, 4, 0, 148.058, 1999.751, 22.993, 384.282, 14.457, 366.890, 385.926, 0.000, 382.439, 0.000, 0.551, 2.766, 0.000, 
65, 4, 0, 125.145, 1741.184, 21.070, 243.668, 29.565, 272.071, 366.128, 0.000, 364.325, 0.000, 0.812, 3.407, 0.000, 
65, 4, 0, 126.718, 1732.928, 42.660, 324.640, 26.861, 278.053, 186.270, 0.000, 131.728, 0.000, 0.701, 4.048, 0.000, 
65, 4, 0, 81.543, 1940.399, 19.447, 284.726, 18.685, 276.770, 799.193, 0.000, 446.239, 0.000, 0.831, 3.166, 0.000, 
65, 4, 0, 130.806, 1686.852, 21.380, 261.853, 29.646, 275.728, 250.391, 0.000, 239.450, 0.000, 1.133, 3.286, 0.000, 
65, 4, 0, 163.447, 2134.925, 20.388, 275.198, 16.400, 265.509, 236.685, 0.000, 243.458, 0.000, 0.862, 3.887, 0.000, 
65, 4, 0, 229.111, 1910.242, 26.260, 286.329, 24.215, 282.962, 242.015, 0.000, 240.051, 0.000, 0.911, 3.887, 0.000, 
65, 4, 0, 115.146, 1810.726, 36.478, 839.969, 17.893, 323.428, 235.242, 0.000, 261.732, 0.000, 0.992, 6.251, 0.000, 
65, 4, 0, 102.763, 1963.493, 17.934, 289.645, 17.894, 272.673, 254.919, 0.000, 246.784, 0.000, 0.651, 2.925, 0.000, 
65, 4, 0, 185.900, 2158.860, 27.281, 283.262, 17.422, 276.299, 263.857, 0.000, 246.984, 0.000, 0.681, 3.727, 0.000, 
66, 4, 0, 215.966, 2055.987, 21.871, 251.883, 18.524, 267.813, 260.690, 0.000, 276.840, 0.000, 0.702, 3.567, 0.000, 
66, 4, 0, 193.354, 2338.948, 20.028, 375.005, 31.089, 389.984, 266.942, 0.000, 264.617, 0.000, 1.492, 3.807, 0.000, 
66, 4, 0, 167.625, 2158.709, 18.996, 486.325, 18.034, 479.251, 278.123, 0.000, 274.877, 0.000, 1.032, 3.166, 0.000, 
66, 4, 0, 87.073, 2001.554, 20.158, 398.469, 21.330, 370.978, 380.756, 0.000, 337.434, 0.000, 0.811, 8.135, 0.000, 
66, 4, 0, 89.107, 2087.927, 38.943, 481.215, 19.596, 326.193, 809.723, 0.000, 306.736, 0.000, 0.771, 3.327, 0.000, 
66, 4, 0, 123.803, 1970.115, 25.388, 299.113, 18.875, 277.903, 274.236, 0.000, 271.310, 0.000, 0.771, 3.887, 0.000, 
66, 4, 0, 103.925, 1836.133, 21.150, 284.946, 19.387, 300.345, 253.396, 0.000, 233.238, 0.000, 1.042, 9.417, 0.000, 
66, 4, 0, 165.171, 2334.450, 32.331, 651.495, 14.898, 365.286, 236.164, 0.000, 131.848, 0.000, 1.032, 3.286, 0.000, 
66, 4, 0, 93.846, 1853.916, 24.537, 277.783, 44.233, 277.191, 265.780, 0.000, 272.192, 0.000, 0.812, 3.166, 0.000, 
66, 4, 0, 155.412, 1649.742, 19.557, 269.617, 17.483, 293.722, 233.479, 0.000, 124.594, 0.000, 0.992, 4.489, 0.000, 
67, 4, 0, 149.992, 2090.601, 21.541, 287.531, 16.912, 286.629, 281.850, 0.000, 265.580, 0.000, 0.921, 8.696, 0.000, 
67, 4, 0, 128.452, 1876.669, 18.094, 276.009, 29.846, 278.694, 127.200, 0.000, 262.093, 0.000, 0.711, 3.887, 0.000, 
67, 4, 0, 147.047, 1721.698, 18.414, 379.884, 13.145, 392.128, 267.182, 0.000, 262.814, 0.000, 0.631, 2.765, 0.000, 
67, 4, 0, 213.141, 2029.206, 19.457, 292.210, 20.398, 282.551, 462.029, 0.000, 280.567, 0.000, 0.832, 3.567, 0.000, 
67, 4, 0, 132.639, 1747.657, 19.536, 253.687, 29.986, 286.088, 267.262, 0.000, 266.901, 0.000, 0.841, 3.006, 0.000, 
67, 4, 0, 165.040, 2210.848, 36.609, 470.885, 21.571, 291.649, 268.866, 0.000, 258.726, 0.000, 0.671, 3.326, 0.000, 
67, 4, 0, 189.957, 2016.091, 19.767, 281.199, 18.485, 294.724, 243.297, 0.000, 269.306, 0.000, 0.591, 3.286, 0.000, 
67, 4, 0, 236.204, 2024.938, 20.569, 372.080, 16.040, 384.292, 253.677, 0.000, 132.610, 0.000, 0.802, 7.694, 0.000, 
67, 4, 0, 161.314, 1994.310, 19.647, 551.507, 18.906, 638.541, 353.024, 0.000, 377.670, 0.000, 0.711, 2.765, 0.000, 
67, 4, 0, 121.268, 2027.132, 19.747, 287.220, 18.405, 288.292, 444.797, 0.000, 428.045, 0.000, 1.052, 3.326, 0.000, 
68, 4, 0, 228.510, 1921.484, 21.881, 283.493, 18.775, 277.071, 276.159, 0.000, 277.202, 0.000, 0.871, 3.086, 0.000, 
68, 4, 0, 110.317, 1869.987, 24.907, 566.305, 20.488, 692.672, 833.487, 0.000, 293.432, 0.000, 0.922, 3.326, 0.000, 
68, 4, 0, 142.868, 2120.959, 22.102, 290.767, 20.329, 294.524, 289.505, 0.000, 262.092, 0.000, 1.973, 3.927, 0.000, 
68, 4, 0, 184.837, 2078.549, 17.844, 298.361, 22.833, 293.212, 256.162, 0.000, 262.734, 0.000, 0.701, 7.174, 0.000, 
68, 4, 0, 94.919, 2139.533, 27.532, 640.234, 18.394, 286.228, 389.132, 0.000, 361.120, 0.000, 0.872, 3.045, 0.000, 
68, 4, 0, 153.999, 1909.962, 20.518, 317.587, 17.593, 288.112, 391.537, 0.000, 353.104, 0.000, 0.571, 4.689, 0.000, 
68, 4, 0, 101.551, 1826.765, 19.136, 522.513, 20.248, 519.276, 381.397, 0.000, 353.505, 0.000, 0.952, 3.847, 0.000, 
68, 4, 0, 149.531, 1742.266, 28.113, 294.283, 16.622, 305.415, 275.318, 0.000, 264.618, 0.000, 0.702, 3.767, 0.000, 
68, 4, 0, 195.227, 1964.975, 36.770, 325.162, 17.453, 274.707, 281.490, 0.000, 262.534, 0.000, 0.611, 8.696, 0.000, 
68, 4, 0, 131.067, 2331.855, 36.619, 497.936, 18.665, 251.923, 360.598, 0.000, 419.108, 0.000, 0.921, 3.526, 0.000, 
69, 4, 0, 98.816, 2041.950, 37.320, 1115.939, 26.650, 375.225, 284.375, 0.000, 291.669, 0.000, 0.922, 9.819, 0.000, 
69, 4, 0, 273.505, 1979.643, 18.645, 393.039, 21.300, 376.167, 242.255, 0.000, 254.519, 0.000, 1.213, 5.250, 0.000, 
69, 4, 0, 111.520, 1987.708, 23.865, 295.476, 22.031, 292.460, 274.636, 0.000, 277.442, 0.000, 0.641, 138.781, 0.000, 
69, 4, 0, 227.738, 1949.796, 19.206, 949.225, 16.771, 373.863, 463.511, 0.000, 242.696, 0.000, 0.791, 2.765, 0.000, 
69, 4, 0, 164.169, 2055.826, 21.831, 308.841, 34.014, 287.921, 265.500, 0.000, 292.109, 0.000, 1.062, 5.931, 0.000, 
69, 4, 0, 217.679, 2152.999, 19.447, 377.239, 13.967, 386.858, 289.985, 0.000, 271.671, 0.000, 1.152, 3.527, 0.000, 
69, 4, 0, 151.154, 1840.801, 22.132, 395.925, 20.358, 417.815, 268.305, 0.000, 243.258, 0.000, 0.721, 3.166, 0.000, 
69, 4, 0, 198.153, 2281.791, 22.923, 273.925, 20.849, 279.786, 266.662, 0.000, 263.696, 0.000, 0.691, 8.777, 0.000, 
69, 4, 0, 204.545, 2138.531, 19.807, 376.879, 19.456, 373.582, 366.689, 0.000, 392.778, 0.000, 0.841, 9.779, 0.000, 
69, 4, 0, 87.976, 1824.230, 19.777, 988.228, 16.791, 546.167, 264.016, 0.000, 256.121, 0.000, 1.102, 4.248, 0.000, 
70, 4, 0, 106.470, 1895.965, 20.718, 302.538, 21.531, 305.605, 710.616, 0.000, 300.725, 0.000, 0.982, 4.568, 0.000, 
70, 4, 0, 215.766, 1908.619, 17.643, 397.939, 16.571, 420.781, 278.644, 0.000, 279.525, 0.000, 0.711, 12.423, 0.000, 
70, 4, 0, 217.609, 2274.788, 17.042, 396.666, 13.836, 428.336, 288.262, 0.000, 273.515, 0.000, 0.761, 3.166, 0.000, 
70, 4, 0, 143.520, 1806.938, 26.630, 402.006, 14.968, 419.569, 271.991, 0.000, 266.180, 0.000, 0.891, 3.847, 0.000, 
70, 4, 0, 98.304, 1929.439, 23.825, 304.332, 20.719, 257.264, 980.764, 0.000, 345.088, 0.000, 0.802, 2.725, 0.000, 
70, 4, 0, 143.660, 1718.953, 22.161, 393.680, 41.178, 393.480, 279.165, 0.000, 258.366, 0.000, 0.941, 9.217, 0.000, 
70, 4, 0, 189.015, 2216.348, 20.799, 297.039, 22.011, 297.840, 467.198, 0.000, 279.526, 0.000, 1.123, 2.966, 0.000, 
70, 4, 0, 218.110, 1883.171, 20.419, 304.814, 22.773, 301.236, 461.548, 0.000, 384.523, 0.000, 0.692, 9.858, 0.000, 
70, 4, 0, 192.883, 1913.368, 21.250, 307.007, 22.893, 285.617, 277.201, 0.000, 278.844, 0.000, 0.922, 3.286, 0.000, 
70, 4, 0, 225.925, 2164.109, 19.267, 266.552, 16.931, 265.128, 360.518, 0.000, 379.834, 0.000, 0.671, 3.166, 0.000, 
71, 4, 0, 120.025, 1674.047, 17.773, 399.781, 15.138, 425.299, 281.971, 0.000, 287.460, 0.000, 1.172, 3.887, 0.000, 
71, 4, 0, 150.252, 2346.854, 27.842, 498.377, 20.699, 306.356, 296.678, 0.000, 276.480, 0.000, 0.531, 10.139, 0.000, 
71, 4, 0, 181.431, 2430.801, 35.787, 622.421, 19.597, 391.175, 381.958, 0.000, 404.921, 0.000, 1.002, 3.687, 0.000, 
71, 4, 0, 209.604, 2125.257, 33.212, 694.345, 15.849, 300.795, 289.464, 0.000, 263.015, 0.000, 0.541, 3.967, 0.000, 
71, 4, 0, 204.685, 2051.047, 20.349, 309.783, 16.802, 312.097, 380.356, 0.000, 367.010, 0.000, 0.400, 7.214, 0.000, 
71, 4, 0, 106.200, 2008.627, 35.006, 1120.958, 17.533, 391.066, 315.273, 0.000, 287.300, 0.000, 1.634, 7.374, 0.000, 
71, 4, 0, 215.205, 3428.477, 56.766, 340.590, 24.636, 307.879, 386.367, 0.000, 402.878, 0.000, 1.272, 8.576, 0.000, 
71, 4, 0, 320.022, 2209.535, 28.363, 292.179, 18.425, 317.477, 416.303, 0.000, 403.599, 0.000, 0.791, 3.046, 0.000, 
71, 4, 0, 109.746, 1891.817, 20.388, 416.994, 19.436, 383.862, 279.406, 0.000, 262.012, 0.000, 1.233, 3.246, 0.000, 
71, 4, 0, 149.030, 1911.345, 19.797, 292.611, 16.661, 273.314, 276.480, 0.000, 307.057, 0.000, 0.811, 4.328, 0.000, 
72, 4, 0, 205.767, 2087.074, 20.598, 1201.799, 14.117, 422.765, 296.398, 0.000, 276.600, 0.000, 0.822, 5.570, 0.000, 
72, 4, 0, 188.264, 1781.740, 20.409, 299.153, 19.337, 289.525, 282.290, 0.000, 271.631, 0.000, 0.912, 9.498, 0.000, 
72, 4, 0, 143.360, 2017.033, 23.434, 320.413, 20.448, 307.699, 279.044, 0.000, 257.083, 0.000, 1.753, 3.847, 0.000, 
72, 4, 0, 158.508, 2087.596, 37.591, 1014.918, 27.391, 313.509, 257.724, 0.000, 282.251, 0.000, 0.771, 3.166, 0.000, 
72, 4, 0, 163.778, 2168.057, 36.578, 559.111, 22.943, 295.676, 311.426, 0.000, 279.886, 0.000, 1.313, 3.166, 0.000, 
72, 4, 0, 166.533, 2040.246, 20.789, 309.733, 19.376, 312.197, 593.276, 0.000, 397.388, 0.000, 0.671, 3.847, 0.000, 
72, 4, 0, 98.666, 2367.101, 35.557, 634.634, 21.801, 418.306, 306.216, 0.000, 304.011, 0.000, 0.561, 3.046, 0.000, 
72, 4, 0, 97.724, 1921.433, 18.896, 326.514, 20.819, 295.485, 296.517, 0.000, 296.998, 0.000, 0.571, 3.086, 0.000, 
72, 4, 0, 133.511, 1780.649, 36.949, 723.380, 15.589, 438.665, 273.314, 0.000, 267.423, 0.000, 0.561, 3.927, 0.000, 
72, 4, 0, 185.259, 2015.971, 21.380, 424.358, 14.237, 425.550, 140.023, 0.000, 271.029, 0.000, 0.581, 10.059, 0.000, 
73, 4, 0, 109.225, 1744.260, 17.323, 274.737, 12.724, 302.349, 283.213, 0.000, 286.218, 0.000, 0.611, 3.046, 0.000, 
73, 4, 0, 124.625, 1768.115, 22.762, 315.112, 13.085, 310.805, 291.789, 0.000, 279.646, 0.000, 0.962, 3.006, 0.000, 
73, 4, 0, 93.816, 1790.678, 16.771, 327.085, 14.538, 307.949, 276.359, 0.000, 289.986, 0.000, 0.992, 3.847, 0.000, 
73, 4, 0, 102.804, 1319.712, 44.574, 343.275, 15.660, 572.226, 290.707, 0.000, 288.622, 0.000, 0.781, 3.166, 0.000, 
73, 4, 0, 96.311, 1168.658, 28.794, 322.948, 15.499, 552.399, 291.949, 0.000, 288.703, 0.000, 0.641, 3.887, 0.000, 
73, 4, 0, 83.918, 1171.012, 46.708, 340.100, 14.798, 555.875, 285.337, 0.000, 584.349, 0.000, 0.771, 3.046, 0.000, 
73, 4, 0, 83.757, 1140.384, 41.898, 343.365, 14.808, 298.792, 294.995, 0.000, 584.630, 0.000, 0.711, 3.847, 0.000, 
73, 4, 0, 83.968, 1142.338, 31.789, 337.154, 15.479, 573.769, 285.016, 0.000, 581.023, 0.000, 0.511, 3.206, 0.000, 
73, 4, 0, 82.124, 1126.538, 29.045, 324.491, 15.008, 294.935, 285.617, 0.000, 288.142, 0.000, 0.320, 3.887, 0.000, 
73, 4, 0, 80.902, 1154.651, 40.937, 345.219, 14.297, 290.026, 289.545, 0.000, 585.291, 0.000, 0.531, 3.928, 0.000, 
74, 4, 0, 83.637, 1160.773, 43.672, 341.322, 14.377, 302.729, 289.264, 0.000, 587.926, 0.000, 0.551, 3.046, 0.000, 
74, 4, 0, 83.557, 1167.035, 39.023, 348.726, 15.108, 305.244, 293.872, 0.000, 586.072, 0.000, 0.450, 3.888, 0.000, 
74, 4, 0, 99.918, 1153.580, 40.816, 386.456, 14.468, 297.320, 293.872, 0.000, 586.613, 0.000, 0.722, 4.047, 0.000, 
74, 4, 0, 82.185, 1141.967, 41.028, 363.785, 14.266, 301.827, 295.395, 0.000, 590.710, 0.000, 0.661, 3.006, 0.000, 
74, 4, 0, 83.978, 1152.457, 32.191, 350.579, 14.397, 297.810, 294.153, 0.000, 292.830, 0.000, 1.032, 3.928, 0.000, 
74, 4, 0, 88.266, 1169.399, 39.154, 340.540, 14.527, 292.760, 296.638, 0.000, 287.060, 0.000, 0.752, 4.048, 0.000, 
74, 4, 0, 80.271, 1143.760, 20.809, 322.175, 14.217, 298.171, 290.947, 0.000, 291.748, 0.000, 0.852, 3.887, 0.000, 
74, 4, 0, 85.752, 1152.026, 39.424, 619.265, 13.856, 739.170, 294.073, 0.000, 292.189, 0.000, 0.942, 3.887, 0.000, 
74, 4, 0, 83.327, 1128.041, 37.350, 340.140, 15.279, 574.450, 290.506, 0.000, 292.911, 0.000, 0.782, 3.807, 0.000, 
74, 4, 0, 85.200, 1167.325, 41.368, 344.368, 14.978, 588.988, 293.912, 0.000, 295.235, 0.000, 0.832, 3.887, 0.000, 
75, 4, 0, 80.170, 1073.498, 19.116, 323.779, 14.397, 301.066, 297.279, 0.000, 295.195, 0.000, 1.032, 3.727, 0.000, 
75, 4, 0, 94.208, 1845.360, 23.705, 324.310, 21.300, 301.778, 293.552, 0.000, 300.204, 0.000, 1.012, 3.928, 0.000, 
75, 4, 0, 85.701, 1207.842, 39.023, 337.715, 15.870, 300.405, 294.754, 0.000, 599.408, 0.000, 0.782, 3.246, 0.000, 
75, 4, 0, 81.493, 1174.499, 40.105, 375.927, 15.569, 304.923, 300.044, 0.000, 600.369, 0.000, 0.631, 3.807, 0.000, 
75, 4, 0, 83.768, 1184.277, 34.645, 339.037, 14.237, 576.364, 298.041, 0.000, 295.436, 0.000, 0.400, 3.808, 0.000, 
75, 4, 0, 83.006, 1208.392, 35.156, 340.290, 15.008, 591.782, 297.920, 0.000, 297.519, 0.000, 0.682, 3.887, 0.000, 
75, 4, 0, 100.479, 1866.049, 37.941, 342.985, 16.381, 299.333, 294.634, 0.000, 296.517, 0.000, 0.821, 3.847, 0.000, 
75, 4, 0, 81.543, 1171.393, 35.537, 341.512, 14.508, 300.986, 297.880, 0.000, 603.315, 0.000, 0.932, 3.887, 0.000, 
75, 4, 0, 79.440, 1147.568, 28.614, 333.036, 15.890, 302.750, 298.641, 0.000, 290.747, 0.000, 0.662, 3.887, 0.000, 
75, 4, 0, 82.324, 1150.885, 38.643, 338.947, 14.478, 304.313, 298.161, 0.000, 594.708, 0.000, 0.921, 3.045, 0.000, 
76, 4, 0, 288.602, 1923.337, 21.290, 322.115, 45.125, 326.044, 298.040, 0.000, 300.005, 0.000, 1.302, 3.847, 0.000, 
76, 4, 0, 112.822, 1179.869, 22.091, 328.778, 14.548, 304.753, 301.167, 0.000, 610.728, 0.000, 0.541, 3.126, 0.000, 
76, 4, 0, 84.299, 1183.966, 42.851, 348.886, 15.689, 305.324, 301.206, 0.000, 609.536, 0.000, 0.791, 3.086, 0.000, 
76, 4, 0, 88.998, 1225.494, 36.870, 347.674, 14.838, 301.277, 301.367, 0.000, 606.341, 0.000, 0.541, 3.046, 0.000, 
76, 4, 0, 91.242, 1187.924, 24.776, 331.132, 14.858, 311.676, 595.620, 0.000, 685.489, 0.000, 1.142, 3.847, 0.000, 
76, 4, 0, 92.765, 1172.234, 43.502, 345.350, 15.038, 309.452, 296.878, 0.000, 299.082, 0.000, 0.661, 3.847, 0.000, 
76, 4, 0, 90.670, 1206.018, 43.662, 356.631, 15.719, 589.749, 300.565, 0.000, 300.365, 0.000, 0.902, 3.045, 0.000, 
76, 4, 0, 87.184, 1164.801, 50.334, 353.505, 15.419, 591.592, 300.405, 0.000, 299.163, 0.000, 0.591, 3.206, 0.000, 
76, 4, 0, 88.326, 1170.180, 25.719, 340.330, 15.729, 574.520, 296.197, 0.000, 300.806, 0.000, 0.632, 3.246, 0.000, 
76, 4, 0, 86.673, 1170.170, 25.408, 332.416, 14.176, 578.197, 300.285, 0.000, 300.405, 0.000, 0.571, 3.206, 0.000, 
77, 4, 0, 88.947, 1161.084, 25.147, 342.303, 15.208, 601.340, 306.536, 0.000, 608.945, 0.000, 0.822, 3.928, 0.000, 
77, 4, 0, 87.124, 1215.255, 26.220, 334.840, 14.918, 315.944, 301.968, 0.000, 612.201, 0.000, 1.002, 3.086, 0.000, 
77, 4, 0, 91.401, 1170.430, 26.449, 336.963, 15.098, 591.923, 300.766, 0.000, 298.642, 0.000, 0.782, 3.046, 0.000, 
77, 4, 0, 89.038, 1163.498, 34.375, 344.307, 13.806, 585.592, 302.208, 0.000, 299.443, 0.000, 0.982, 3.086, 0.000, 
77, 4, 0, 88.767, 1138.581, 40.025, 355.018, 14.968, 586.994, 305.575, 0.000, 886.107, 0.000, 0.971, 3.968, 0.000, 
77, 4, 0, 90.510, 1112.132, 42.249, 360.478, 17.733, 312.848, 305.415, 0.000, 303.251, 0.000, 0.521, 3.888, 0.000, 
77, 4, 0, 88.848, 1100.940, 43.913, 357.893, 14.978, 313.800, 306.536, 0.000, 304.292, 0.000, 0.661, 3.567, 0.000, 
77, 4, 0, 85.120, 1074.841, 40.847, 355.819, 15.359, 601.962, 304.853, 0.000, 616.278, 0.000, 0.831, 4.008, 0.000, 
77, 4, 0, 89.798, 1089.899, 39.905, 346.281, 14.106, 313.639, 300.806, 0.000, 298.762, 0.000, 0.551, 4.007, 0.000, 
77, 4, 0, 88.176, 1178.456, 30.507, 345.159, 14.898, 305.334, 305.735, 0.000, 303.050, 0.000, 0.811, 3.286, 0.000, 
78, 4, 0, 89.859, 1107.282, 37.551, 354.697, 15.530, 594.318, 309.422, 0.000, 308.180, 0.000, 0.581, 3.847, 0.000, 
78, 4, 0, 91.853, 1129.735, 39.895, 349.657, 15.008, 312.397, 312.869, 0.000, 308.379, 0.000, 0.591, 3.887, 0.000, 
78, 4, 0, 88.987, 1070.724, 41.889, 356.200, 14.828, 593.807, 308.300, 0.000, 307.378, 0.000, 0.641, 3.086, 0.000, 
78, 4, 0, 91.271, 1115.517, 38.172, 356.250, 14.958, 307.618, 308.661, 0.000, 306.216, 0.000, 0.771, 3.126, 0.000, 
78, 4, 0, 99.107, 1100.048, 23.986, 337.856, 14.267, 593.095, 307.979, 0.000, 306.296, 0.000, 0.661, 3.046, 0.000, 
78, 4, 0, 94.457, 1156.145, 41.818, 352.362, 15.068, 597.794, 306.095, 0.000, 301.727, 0.000, 0.511, 3.887, 0.000, 
78, 4, 0, 94.368, 1090.310, 52.539, 364.055, 15.259, 609.376, 304.412, 0.000, 301.767, 0.000, 0.411, 3.807, 0.000, 
78, 4, 0, 97.002, 1171.964, 25.168, 667.115, 14.978, 706.408, 309.703, 0.000, 307.218, 0.000, 0.671, 3.888, 0.000, 
78, 4, 0, 92.895, 1140.234, 43.351, 361.700, 15.389, 609.757, 309.622, 0.000, 306.376, 0.000, 1.122, 3.847, 0.000, 
78, 4, 0, 92.975, 1151.085, 44.353, 356.050, 14.467, 590.581, 304.533, 0.000, 306.737, 0.000, 0.291, 3.166, 0.000, 
79, 4, 0, 99.006, 1104.327, 31.349, 355.098, 15.028, 620.838, 307.459, 0.000, 629.093, 0.000, 0.761, 4.048, 0.000, 
79, 4, 0, 91.112, 1111.309, 46.187, 365.196, 15.690, 598.265, 313.390, 0.000, 311.105, 0.000, 0.702, 3.086, 0.000, 
79, 4, 0, 89.458, 1088.898, 49.553, 364.435, 14.958, 600.919, 311.626, 0.000, 306.136, 0.000, 0.391, 3.967, 0.000, 
79, 4, 0, 89.849, 1103.225, 39.124, 360.578, 15.829, 611.870, 312.749, 0.000, 910.192, 0.000, 0.732, 3.847, 0.000, 
79, 4, 0, 91.793, 1088.657, 24.406, 342.525, 14.096, 311.926, 308.100, 0.000, 631.528, 0.000, 0.471, 3.968, 0.000, 
79, 4, 0, 89.719, 1102.213, 44.183, 365.517, 15.610, 630.566, 312.508, 0.000, 306.616, 0.000, 0.541, 3.045, 0.000, 
79, 4, 0, 91.191, 1095.380, 24.275, 337.845, 14.638, 316.936, 312.268, 0.000, 310.143, 0.000, 0.682, 3.006, 0.000, 
79, 4, 0, 103.093, 1105.869, 38.913, 356.280, 15.539, 611.931, 311.826, 0.000, 310.104, 0.000, 0.761, 3.006, 0.000, 
79, 4, 0, 95.941, 1187.433, 34.535, 360.989, 15.639, 620.898, 312.948, 0.000, 310.585, 0.000, 0.431, 3.927, 0.000, 
79, 4, 0, 95.820, 1145.955, 45.936, 362.962, 15.499, 617.011, 317.156, 0.000, 311.386, 0.000, 0.541, 3.006, 0.000, 
80, 4, 0, 97.894, 1121.088, 43.461, 364.986, 14.087, 623.362, 320.122, 0.000, 316.836, 0.000, 0.280, 3.166, 0.000, 
80, 4, 0, 96.432, 1177.995, 43.702, 690.689, 15.289, 663.488, 316.275, 0.000, 315.393, 0.000, 0.320, 3.888, 0.000, 
80, 4, 0, 97.523, 1191.902, 43.301, 359.756, 15.039, 611.150, 312.587, 0.000, 309.181, 0.000, 0.361, 3.166, 0.000, 
80, 4, 0, 96.852, 1101.872, 37.731, 360.899, 15.379, 629.374, 311.746, 0.000, 309.462, 0.000, 0.561, 3.887, 0.000, 
80, 4, 0, 112.431, 1195.609, 37.130, 654.481, 14.998, 700.397, 316.715, 0.000, 314.392, 0.000, 0.622, 3.928, 0.000, 
80, 4, 0, 96.922, 1128.672, 47.880, 367.100, 14.528, 627.210, 311.505, 0.000, 643.650, 0.000, 0.511, 3.166, 0.000, 
80, 4, 0, 99.648, 1198.624, 34.044, 357.372, 14.447, 323.789, 316.034, 0.000, 311.145, 0.000, 0.280, 3.206, 0.000, 
80, 4, 0, 98.896, 1185.509, 43.442, 664.921, 22.703, 653.769, 317.277, 0.000, 314.591, 0.000, 0.461, 3.767, 0.000, 
80, 4, 0, 96.822, 1121.660, 25.758, 351.581, 14.748, 627.781, 318.959, 0.000, 317.598, 0.000, 0.491, 3.847, 0.000, 
80, 4, 0, 97.463, 1087.996, 29.135, 355.458, 14.888, 628.392, 315.433, 0.000, 909.190, 0.000, 1.072, 3.847, 0.000, 
81, 4, 0, 105.218, 1148.840, 35.166, 359.807, 16.311, 323.198, 322.726, 0.000, 317.316, 0.000, 1.213, 4.007, 0.000, 
81, 4, 0, 99.557, 1140.856, 31.329, 356.580, 15.258, 617.491, 314.672, 0.000, 318.639, 0.000, 1.022, 3.727, 0.000, 
81, 4, 0, 100.238, 1274.757, 38.613, 364.255, 14.989, 616.961, 321.806, 0.000, 315.994, 0.000, 7.464, 3.767, 0.000, 
81, 4, 0, 98.575, 1145.494, 29.365, 353.505, 15.189, 632.049, 321.565, 0.000, 881.618, 0.000, 1.363, 3.888, 0.000, 
81, 4, 0, 94.007, 1076.003, 43.512, 371.739, 16.592, 324.340, 319.280, 0.000, 318.478, 0.000, 1.002, 3.887, 0.000, 
81, 4, 0, 103.044, 1207.651, 38.492, 685.980, 14.558, 678.356, 320.042, 0.000, 314.912, 0.000, 1.162, 3.887, 0.000, 
81, 4, 0, 92.354, 1224.973, 35.738, 360.799, 16.481, 636.808, 320.803, 0.000, 313.669, 0.000, 0.941, 3.126, 0.000, 
81, 4, 0, 93.836, 1198.714, 44.244, 367.962, 14.607, 627.480, 315.153, 0.000, 312.788, 0.000, 0.842, 3.046, 0.000, 
81, 4, 0, 97.954, 1141.727, 27.952, 689.526, 16.250, 705.937, 317.878, 0.000, 313.870, 0.000, 0.972, 3.927, 0.000, 
81, 4, 0, 96.601, 1198.103, 44.033, 372.721, 14.968, 620.507, 321.805, 0.000, 317.517, 0.000, 1.022, 3.888, 0.000, 
82, 4, 0, 97.734, 1140.445, 43.482, 372.501, 15.289, 639.362, 327.256, 0.000, 322.246, 0.000, 0.791, 2.965, 0.000, 
82, 4, 0, 97.914, 1130.276, 43.541, 369.585, 15.509, 662.215, 323.408, 0.000, 316.836, 0.000, 0.981, 3.887, 0.000, 
82, 4, 0, 106.510, 1123.162, 25.368, 352.994, 14.628, 623.854, 323.528, 0.000, 318.118, 0.000, 0.832, 3.046, 0.000, 
82, 4, 0, 103.214, 1217.129, 43.923, 694.155, 17.022, 668.347, 323.649, 0.000, 321.965, 0.000, 0.992, 3.086, 0.000, 
82, 4, 0, 93.737, 1137.939, 42.651, 679.288, 14.317, 679.598, 324.370, 0.000, 322.086, 0.000, 0.902, 3.888, 0.000, 
82, 4, 0, 93.777, 1222.479, 34.585, 366.058, 14.868, 619.956, 318.639, 0.000, 836.774, 0.000, 0.681, 3.848, 0.000, 
82, 4, 0, 90.570, 1189.968, 26.580, 353.905, 14.998, 328.287, 324.450, 0.000, 317.196, 0.000, 0.931, 3.847, 0.000, 
82, 4, 0, 99.948, 1233.670, 43.752, 375.626, 15.259, 643.631, 323.889, 0.000, 316.555, 0.000, 0.872, 3.927, 0.000, 
82, 4, 0, 108.123, 1217.610, 43.322, 695.799, 15.850, 642.568, 322.807, 0.000, 322.767, 0.000, 0.862, 3.206, 0.000, 
82, 4, 0, 96.051, 1218.582, 25.999, 661.414, 15.389, 681.582, 325.692, 0.000, 321.845, 0.000, 1.112, 3.887, 0.000, 
83, 4, 0, 95.390, 1201.589, 42.740, 375.456, 14.718, 327.706, 321.885, 0.000, 320.964, 0.000, 0.831, 3.767, 0.000, 
83, 4, 0, 128.822, 1311.015, 46.087, 687.493, 15.870, 653.880, 326.855, 0.000, 320.563, 0.000, 1.272, 3.046, 0.000, 
83, 4, 0, 92.875, 1212.370, 27.722, 365.187, 14.087, 626.368, 322.166, 0.000, 910.232, 0.000, 0.421, 4.007, 0.000, 
83, 4, 0, 92.634, 1191.871, 33.473, 362.592, 15.159, 336.373, 322.967, 0.000, 329.980, 0.000, 0.702, 3.005, 0.000, 
83, 4, 0, 92.524, 1208.533, 43.501, 379.954, 15.229, 1040.256, 323.849, 0.000, 325.692, 0.000, 0.711, 3.086, 0.000, 
83, 4, 0, 94.077, 1170.000, 43.091, 371.559, 14.718, 326.655, 327.376, 0.000, 325.612, 0.000, 0.250, 3.887, 0.000, 
83, 4, 0, 98.165, 1199.796, 50.565, 380.796, 15.109, 627.751, 334.108, 0.000, 922.895, 0.000, 0.622, 3.807, 0.000, 
83, 4, 0, 94.488, 1191.440, 34.124, 362.883, 14.838, 329.660, 326.975, 0.000, 327.055, 0.000, 1.212, 3.928, 0.000, 
83, 4, 0, 96.030, 1161.515, 25.297, 358.434, 14.768, 651.555, 322.646, 0.000, 840.701, 0.000, 0.991, 3.887, 0.000, 
83, 4, 0, 97.033, 1256.372, 32.531, 362.672, 15.909, 631.978, 328.498, 0.000, 320.403, 0.000, 1.012, 3.166, 0.000, 
84, 4, 0, 92.834, 1209.434, 46.397, 689.757, 15.509, 656.985, 329.941, 0.000, 324.731, 0.000, 1.193, 3.847, 0.000, 
84, 4, 0, 96.241, 1214.644, 30.337, 701.620, 15.369, 664.399, 326.213, 0.000, 332.265, 0.000, 0.781, 3.928, 0.000, 
84, 4, 0, 94.929, 1208.152, 26.309, 362.281, 15.590, 335.331, 330.982, 0.000, 323.809, 0.000, 0.811, 3.887, 0.000, 
84, 4, 0, 95.289, 1220.195, 43.411, 381.677, 18.404, 650.242, 331.583, 0.000, 324.731, 0.000, 0.861, 3.848, 0.000, 
84, 4, 0, 95.099, 1233.379, 24.597, 689.026, 14.788, 618.844, 335.912, 0.000, 328.137, 0.000, 0.791, 3.046, 0.000, 
84, 4, 0, 99.928, 1235.884, 29.716, 373.232, 16.030, 335.080, 330.502, 0.000, 662.986, 0.000, 1.072, 3.888, 0.000, 
84, 4, 0, 98.184, 1197.682, 29.666, 675.050, 16.411, 681.982, 330.982, 0.000, 328.899, 0.000, 0.951, 3.046, 0.000, 
84, 4, 0, 100.679, 1208.072, 30.607, 366.429, 15.159, 346.211, 330.181, 0.000, 324.891, 0.000, 1.233, 3.927, 0.000, 
84, 4, 0, 98.445, 1225.354, 26.721, 362.552, 15.820, 659.811, 663.147, 0.000, 676.512, 0.000, 1.252, 3.887, 0.000, 
84, 4, 0, 98.124, 1227.348, 38.663, 373.974, 15.389, 652.206, 326.775, 0.000, 847.193, 0.000, 0.901, 3.166, 0.000, 
85, 4, 0, 104.276, 1220.575, 49.232, 390.644, 15.920, 666.514, 329.940, 0.000, 334.109, 0.000, 0.761, 3.847, 0.000, 
85, 4, 0, 99.887, 1231.907, 44.484, 383.211, 16.090, 644.051, 336.633, 0.000, 332.465, 0.000, 1.333, 3.327, 0.000, 
85, 4, 0, 100.068, 1213.422, 38.612, 382.369, 15.119, 648.199, 330.862, 0.000, 328.457, 0.000, 1.012, 3.086, 0.000, 
85, 4, 0, 108.724, 1278.354, 27.401, 702.501, 14.888, 722.559, 336.753, 0.000, 332.625, 0.000, 1.113, 3.085, 0.000, 
85, 4, 0, 108.244, 1245.802, 46.447, 1063.460, 15.429, 342.374, 339.439, 0.000, 333.147, 0.000, 1.002, 3.166, 0.000, 
85, 4, 0, 103.985, 1266.773, 48.311, 387.108, 14.658, 661.554, 330.862, 0.000, 328.498, 0.000, 1.142, 3.005, 0.000, 
85, 4, 0, 102.062, 1269.006, 26.289, 364.665, 14.337, 664.599, 330.782, 0.000, 329.300, 0.000, 1.072, 3.086, 0.000, 
85, 4, 0, 97.583, 1242.987, 44.194, 1107.643, 14.918, 338.677, 329.139, 0.000, 327.857, 0.000, 0.941, 3.887, 0.000, 
85, 4, 0, 99.477, 1188.986, 40.786, 380.936, 15.379, 641.596, 337.154, 0.000, 943.475, 0.000, 1.092, 3.848, 0.000, 
85, 4, 0, 103.174, 1237.477, 31.379, 365.097, 14.707, 664.850, 665.772, 0.000, 679.037, 0.000, 0.852, 4.008, 0.000, 
86, 4, 0, 108.734, 1235.313, 44.815, 382.991, 15.830, 677.624, 334.429, 0.000, 331.584, 0.000, 0.911, 3.086, 0.000, 
86, 4, 0, 101.040, 1226.877, 35.296, 1142.358, 15.559, 344.568, 342.884, 0.000, 336.793, 0.000, 1.252, 3.887, 0.000, 
86, 4, 0, 100.669, 1265.790, 41.458, 385.535, 16.942, 669.098, 334.749, 0.000, 338.637, 0.000, 1.232, 3.887, 0.000, 
86, 4, 0, 104.366, 1306.657, 45.175, 709.273, 16.080, 701.779, 332.465, 0.000, 337.435, 0.000, 1.253, 3.045, 0.000, 
86, 4, 0, 102.874, 1204.234, 24.947, 369.064, 15.689, 338.226, 339.799, 0.000, 337.073, 0.000, 0.912, 3.767, 0.000, 
86, 4, 0, 103.044, 1244.210, 44.454, 388.831, 15.179, 338.557, 338.156, 0.000, 975.063, 0.000, 0.802, 4.007, 0.000, 
86, 4, 0, 100.629, 1182.304, 29.225, 373.182, 15.409, 342.554, 337.234, 0.000, 337.315, 0.000, 0.561, 3.045, 0.000, 
86, 4, 0, 103.895, 1255.772, 43.121, 1097.183, 16.792, 340.250, 340.520, 0.000, 335.672, 0.000, 0.491, 3.887, 0.000, 
86, 4, 0, 103.795, 1254.970, 44.573, 383.160, 15.750, 673.487, 337.875, 0.000, 335.992, 0.000, 0.691, 3.086, 0.000, 
86, 4, 0, 101.822, 1222.920, 40.176, 1138.210, 15.429, 343.045, 342.564, 0.000, 336.031, 0.000, 0.982, 3.847, 0.000, 
87, 4, 0, 103.384, 1243.899, 44.824, 389.692, 15.389, 678.205, 342.844, 0.000, 341.282, 0.000, 0.781, 3.126, 0.000, 
87, 4, 0, 101.481, 1235.533, 43.943, 391.226, 14.527, 348.736, 338.196, 0.000, 340.641, 0.000, 0.751, 3.045, 0.000, 
87, 4, 0, 102.763, 1233.379, 43.862, 730.914, 14.738, 683.295, 344.608, 0.000, 335.511, 0.000, 0.791, 3.848, 0.000, 
87, 4, 0, 99.146, 1244.050, 43.592, 389.763, 14.948, 350.850, 341.682, 0.000, 341.482, 0.000, 1.092, 3.006, 0.000, 
87, 4, 0, 101.000, 1251.334, 43.111, 1116.029, 15.890, 351.521, 343.405, 0.000, 341.001, 0.000, 0.922, 3.888, 0.000, 
87, 4, 0, 97.182, 1185.569, 44.664, 390.785, 15.009, 1131.378, 341.482, 0.000, 340.159, 0.000, 1.042, 3.767, 0.000, 
87, 4, 0, 95.159, 1220.175, 41.037, 382.469, 15.810, 676.652, 338.236, 0.000, 340.160, 0.000, 1.012, 3.086, 0.000, 
87, 4, 0, 100.429, 1253.648, 42.079, 1135.515, 14.648, 353.314, 338.196, 0.000, 341.081, 0.000, 0.582, 3.045, 0.000, 
87, 4, 0, 97.724, 1219.102, 39.194, 393.320, 14.537, 657.637, 342.084, 0.000, 334.910, 0.000, 0.441, 4.007, 0.000, 
87, 4, 0, 96.351, 1230.123, 28.945, 719.142, 15.539, 598.556, 341.923, 0.000, 343.285, 0.000, 1.002, 3.847, 0.000, 
88, 4, 0, 99.207, 1199.836, 42.210, 393.731, 15.079, 346.692, 345.249, 0.000, 343.446, 0.000, 0.632, 3.887, 0.000, 
88, 4, 0, 95.499, 1197.121, 44.664, 395.023, 14.988, 667.274, 340.961, 0.000, 344.608, 0.000, 0.721, 3.206, 0.000, 
88, 4, 0, 104.507, 1218.721, 42.930, 394.622, 15.008, 667.745, 340.360, 0.000, 345.810, 0.000, 0.310, 3.847, 0.000, 
88, 4, 0, 95.910, 1207.571, 37.481, 388.861, 16.040, 685.980, 346.051, 0.000, 338.917, 0.000, 0.701, 3.927, 0.000, 
88, 4, 0, 95.831, 1186.401, 30.267, 380.716, 15.119, 685.299, 346.491, 0.000, 340.560, 0.000, 0.621, 3.927, 0.000, 
88, 4, 0, 100.859, 1199.937, 29.866, 385.154, 14.918, 352.953, 346.171, 0.000, 1039.525, 0.000, 0.661, 3.888, 0.000, 
88, 4, 0, 97.203, 1211.759, 36.479, 385.234, 15.709, 354.647, 346.371, 0.000, 343.446, 0.000, 0.621, 3.085, 0.000, 
88, 4, 0, 99.227, 1205.787, 26.930, 726.075, 15.359, 618.082, 340.561, 0.000, 340.922, 0.000, 0.451, 3.968, 0.000, 
88, 4, 0, 99.577, 1220.826, 42.951, 394.642, 14.827, 346.972, 341.282, 0.000, 343.726, 0.000, 0.682, 3.166, 0.000, 
88, 4, 0, 103.084, 1221.998, 38.973, 738.940, 14.928, 693.023, 341.081, 0.000, 344.087, 0.000, 0.791, 3.927, 0.000, 
89, 4, 0, 97.554, 1198.684, 46.327, 396.345, 14.597, 357.763, 345.129, 0.000, 350.379, 0.000, 0.511, 3.807, 0.000, 
89, 4, 0, 99.357, 1228.410, 36.007, 1158.789, 15.399, 354.176, 344.568, 0.000, 348.055, 0.000, 0.732, 3.887, 0.000, 
89, 4, 0, 101.882, 1214.083, 42.701, 392.388, 15.439, 691.641, 354.106, 0.000, 946.660, 0.000, 0.531, 3.888, 0.000, 
89, 4, 0, 98.134, 1210.636, 34.875, 389.522, 14.788, 353.916, 352.383, 0.000, 352.303, 0.000, 0.851, 3.887, 0.000, 
89, 4, 0, 98.816, 1192.152, 37.250, 744.971, 15.650, 632.279, 348.977, 0.000, 342.885, 0.000, 0.621, 3.727, 0.000, 
89, 4, 0, 100.579, 1224.924, 30.046, 384.713, 15.288, 356.470, 350.980, 0.000, 343.205, 0.000, 0.551, 3.887, 0.000, 
89, 4, 0, 105.188, 1206.308, 34.004, 738.378, 14.126, 707.189, 350.619, 0.000, 345.369, 0.000, 0.631, 3.206, 0.000, 
89, 4, 0, 107.583, 1214.063, 38.543, 393.119, 15.348, 357.362, 349.417, 0.000, 342.404, 0.000, 0.801, 3.046, 0.000, 
89, 4, 0, 96.271, 1250.642, 25.498, 385.044, 14.618, 678.286, 349.297, 0.000, 347.854, 0.000, 0.872, 4.328, 0.000, 
89, 4, 0, 97.463, 1232.758, 38.703, 388.641, 13.916, 1027.613, 345.209, 0.000, 347.774, 0.000, 0.672, 3.967, 0.000, 
90, 4, 0, 103.274, 1245.171, 38.463, 750.061, 21.931, 685.118, 353.184, 0.000, 354.507, 0.000, 0.531, 3.847, 0.000, 
90, 4, 0, 99.827, 1236.977, 34.074, 1171.452, 14.908, 357.542, 358.634, 0.000, 351.461, 0.000, 0.792, 3.847, 0.000, 
90, 4, 0, 102.232, 1235.383, 24.456, 382.760, 15.189, 698.754, 353.946, 0.000, 348.816, 0.000, 0.340, 3.046, 0.000, 
90, 4, 0, 102.513, 1237.998, 38.783, 400.643, 14.898, 718.010, 350.940, 0.000, 352.462, 0.000, 1.112, 3.888, 0.000, 
90, 4, 0, 104.897, 1244.510, 47.098, 743.478, 15.860, 692.462, 353.385, 0.000, 346.932, 0.000, 1.022, 3.887, 0.000, 
90, 4, 0, 107.382, 1219.914, 33.914, 746.424, 15.299, 705.547, 353.184, 0.000, 349.658, 0.000, 0.551, 3.086, 0.000, 
90, 4, 0, 101.481, 1226.226, 39.294, 397.428, 14.147, 357.542, 356.070, 0.000, 348.135, 0.000, 0.651, 3.807, 0.000, 
90, 4, 0, 97.934, 1129.745, 33.803, 396.305, 14.698, 716.467, 350.058, 0.000, 353.384, 0.000, 1.032, 3.126, 0.000, 
90, 4, 0, 101.891, 1206.208, 42.270, 407.026, 14.988, 701.249, 352.663, 0.000, 352.262, 0.000, 0.521, 3.888, 0.000, 
90, 4, 0, 100.409, 1187.283, 33.914, 392.999, 15.179, 686.531, 349.697, 0.000, 350.980, 0.000, 0.972, 3.005, 0.000, 
91, 4, 0, 99.137, 1241.825, 39.424, 408.909, 14.007, 969.113, 358.474, 0.000, 329.940, 0.000, 1.162, 3.246, 0.000, 
91, 4, 0, 117.211, 1298.241, 35.937, 399.300, 16.971, 365.006, 356.310, 0.000, 355.509, 0.000, 0.912, 3.045, 0.000, 
91, 4, 0, 104.697, 1259.739, 36.208, 397.267, 15.369, 365.677, 355.708, 0.000, 349.938, 0.000, 1.072, 3.086, 0.000, 
91, 4, 0, 101.791, 1228.030, 43.111, 401.204, 15.008, 360.938, 359.917, 0.000, 355.549, 0.000, 0.892, 3.848, 0.000, 
91, 4, 0, 100.689, 1243.108, 27.091, 387.979, 14.577, 364.806, 357.272, 0.000, 355.909, 0.000, 0.791, 3.888, 0.000, 
91, 4, 0, 101.892, 1211.709, 40.686, 402.477, 15.689, 356.671, 357.112, 0.000, 1017.444, 0.000, 0.922, 3.887, 0.000, 
91, 4, 0, 103.925, 1193.645, 48.632, 405.392, 15.639, 717.118, 357.312, 0.000, 354.787, 0.000, 0.511, 3.046, 0.000, 
91, 4, 0, 105.448, 1196.249, 39.805, 404.852, 15.038, 727.508, 359.556, 0.000, 354.988, 0.000, 0.822, 3.527, 0.000, 
91, 4, 0, 102.193, 1213.902, 39.104, 401.826, 14.858, 699.486, 357.111, 0.000, 354.988, 0.000, 0.782, 3.928, 0.000, 
91, 4, 0, 106.209, 1235.524, 26.961, 392.217, 14.437, 960.786, 353.345, 0.000, 350.338, 0.000, 0.781, 3.888, 0.000, 
92, 4, 0, 103.665, 1225.845, 39.313, 775.909, 15.239, 696.149, 356.471, 0.000, 359.035, 0.000, 0.731, 3.206, 0.000, 
92, 4, 0, 102.883, 1182.434, 43.853, 405.022, 15.970, 360.177, 362.762, 0.000, 353.986, 0.000, 0.751, 3.046, 0.000, 
92, 4, 0, 122.120, 1242.356, 44.013, 751.874, 15.389, 660.923, 358.314, 0.000, 359.235, 0.000, 0.902, 3.967, 0.000, 
92, 4, 0, 100.248, 1232.017, 43.672, 404.931, 14.527, 369.234, 364.365, 0.000, 360.839, 0.000, 0.921, 3.166, 0.000, 
92, 4, 0, 106.561, 1214.153, 43.201, 771.861, 15.318, 669.499, 365.006, 0.000, 359.196, 0.000, 1.062, 3.046, 0.000, 
92, 4, 0, 101.692, 1232.658, 25.428, 395.293, 14.888, 368.412, 355.629, 0.000, 359.716, 0.000, 0.982, 3.086, 0.000, 
92, 4, 0, 105.419, 1190.408, 42.790, 778.143, 15.669, 656.494, 360.357, 0.000, 360.518, 0.000, 0.892, 4.008, 0.000, 
92, 4, 0, 102.492, 1238.549, 23.674, 393.700, 14.748, 1066.436, 363.884, 0.000, 360.799, 0.000, 0.651, 3.086, 0.000, 
92, 4, 0, 98.405, 1175.681, 45.575, 411.343, 13.987, 1021.241, 360.679, 0.000, 355.028, 0.000, 0.511, 3.848, 0.000, 
92, 4, 0, 99.167, 1196.570, 35.186, 398.610, 14.457, 724.342, 363.925, 0.000, 359.195, 0.000, 0.451, 3.727, 0.000, 
93, 4, 0, 97.704, 1181.252, 32.852, 402.477, 15.128, 739.380, 362.081, 0.000, 362.081, 0.000, 1.062, 3.967, 0.000, 
93, 4, 0, 102.012, 1215.255, 43.501, 420.611, 15.339, 1010.640, 365.206, 0.000, 363.604, 0.000, 0.682, 4.047, 0.000, 
93, 4, 0, 98.605, 1220.295, 42.390, 412.797, 14.657, 1017.233, 362.682, 0.000, 363.083, 0.000, 0.571, 3.085, 0.000, 
93, 4, 0, 99.447, 1197.492, 38.011, 411.293, 14.337, 699.225, 359.997, 0.000, 362.522, 0.000, 0.281, 3.767, 0.000, 
93, 4, 0, 101.831, 1196.550, 28.755, 402.337, 15.770, 369.305, 366.329, 0.000, 1056.246, 0.000, 0.711, 4.048, 0.000, 
93, 4, 0, 102.032, 1204.826, 24.316, 398.820, 15.509, 373.412, 367.290, 0.000, 362.241, 0.000, 0.461, 3.046, 0.000, 
93, 4, 0, 104.046, 1218.581, 43.272, 408.519, 14.888, 370.126, 360.839, 0.000, 357.552, 0.000, 0.561, 3.046, 0.000, 
93, 4, 0, 102.824, 1216.026, 44.113, 409.220, 15.239, 720.345, 359.796, 0.000, 367.010, 0.000, 0.711, 3.888, 0.000, 
93, 4, 0, 102.703, 1196.240, 43.812, 417.585, 15.028, 990.582, 364.686, 0.000, 365.287, 0.000, 0.601, 3.046, 0.000, 
93, 4, 0, 101.150, 1182.013, 44.103, 776.781, 15.559, 639.913, 367.611, 0.000, 366.569, 0.000, 0.801, 4.008, 0.000, 
94, 4, 0, 103.765, 1173.557, 33.614, 407.066, 15.910, 373.262, 368.333, 0.000, 366.449, 0.000, 0.661, 3.086, 0.000, 
94, 4, 0, 103.094, 1223.551, 42.741, 420.100, 14.307, 734.822, 369.014, 0.000, 366.169, 0.000, 0.772, 3.807, 0.000, 
94, 4, 0, 106.010, 1212.289, 37.641, 780.909, 16.952, 681.792, 368.493, 0.000, 361.440, 0.000, 0.280, 3.807, 0.000, 
94, 4, 0, 99.317, 1203.604, 44.954, 418.777, 15.309, 380.546, 369.095, 0.000, 365.808, 0.000, 0.561, 3.045, 0.000, 
94, 4, 0, 101.110, 1238.799, 42.400, 417.335, 15.640, 999.720, 370.256, 0.000, 365.968, 0.000, 0.691, 3.046, 0.000, 
94, 4, 0, 104.717, 1208.673, 34.665, 1181.231, 15.710, 387.779, 369.736, 0.000, 363.363, 0.000, 0.611, 4.008, 0.000, 
94, 4, 0, 104.937, 1241.455, 25.498, 402.998, 14.888, 963.572, 371.700, 0.000, 362.001, 0.000, 0.711, 4.008, 0.000, 
94, 4, 0, 104.576, 1220.215, 33.353, 1173.757, 15.749, 386.026, 368.052, 0.000, 361.961, 0.000, 0.461, 3.086, 0.000, 
94, 4, 0, 105.498, 1217.901, 29.475, 403.088, 16.271, 985.403, 368.493, 0.000, 366.168, 0.000, 0.531, 3.847, 0.000, 
94, 4, 0, 109.295, 1199.366, 32.952, 772.723, 15.379, 629.554, 367.731, 0.000, 367.131, 0.000, 0.751, 3.887, 0.000, 
95, 4, 0, 107.843, 1204.815, 23.995, 406.745, 14.848, 376.187, 369.455, 0.000, 364.686, 0.000, 0.842, 3.888, 0.000, 
95, 4, 0, 106.911, 1219.714, 25.678, 408.097, 15.499, 376.548, 371.459, 0.000, 370.056, 0.000, 0.330, 3.046, 0.000, 
95, 4, 0, 107.792, 1228.571, 42.951, 426.792, 15.278, 384.393, 372.661, 0.000, 365.327, 0.000, 1.032, 3.046, 0.000, 
95, 4, 0, 107.963, 1195.939, 44.223, 423.967, 14.898, 372.641, 372.621, 0.000, 372.701, 0.000, 0.781, 3.887, 0.000, 
95, 4, 0, 106.470, 1259.799, 40.046, 416.564, 15.499, 376.277, 371.579, 0.000, 370.136, 0.000, 0.691, 3.046, 0.000, 
95, 4, 0, 109.616, 1253.327, 43.722, 415.591, 15.319, 720.245, 374.223, 0.000, 369.615, 0.000, 0.511, 3.887, 0.000, 
95, 4, 0, 107.412, 1220.104, 44.333, 420.490, 15.359, 987.658, 376.308, 0.000, 369.816, 0.000, 0.501, 4.007, 0.000, 
95, 4, 0, 104.336, 1212.390, 29.695, 777.942, 15.499, 632.559, 368.052, 0.000, 365.648, 0.000, 0.662, 3.888, 0.000, 
95, 4, 0, 110.818, 1227.839, 31.479, 407.276, 14.247, 1101.321, 373.423, 0.000, 370.136, 0.000, 0.311, 3.927, 0.000, 
95, 4, 0, 112.502, 1220.154, 44.654, 1123.693, 15.079, 391.627, 372.741, 0.000, 371.379, 0.000, 1.082, 3.046, 0.000, 
96, 4, 0, 109.305, 1264.397, 26.540, 406.104, 14.918, 970.154, 371.739, 0.000, 373.542, 0.000, 0.882, 3.848, 0.000, 
96, 4, 0, 105.107, 1219.483, 30.287, 412.606, 15.519, 387.438, 375.346, 0.000, 377.029, 0.000, 0.982, 3.206, 0.000, 
96, 4, 0, 109.947, 1241.344, 39.895, 424.108, 15.119, 375.877, 369.936, 0.000, 375.026, 0.000, 0.651, 3.046, 0.000, 
96, 4, 0, 109.697, 1252.936, 41.197, 419.920, 16.030, 384.793, 374.705, 0.000, 368.893, 0.000, 0.391, 3.086, 0.000, 
96, 4, 0, 109.276, 1253.437, 36.990, 422.415, 14.928, 1059.041, 380.195, 0.000, 373.182, 0.000, 0.420, 3.848, 0.000, 
96, 4, 0, 107.703, 1242.997, 42.811, 1139.113, 20.298, 407.015, 370.697, 0.000, 369.295, 0.000, 0.551, 3.046, 0.000, 
96, 4, 0, 108.564, 1214.414, 27.552, 406.655, 15.659, 733.830, 376.228, 0.000, 374.264, 0.000, 0.431, 3.847, 0.000, 
96, 4, 0, 102.904, 1233.559, 43.302, 1140.355, 19.557, 400.974, 368.854, 0.000, 752.374, 0.000, 0.411, 3.126, 0.000, 
96, 4, 0, 107.863, 1215.686, 42.931, 424.429, 15.709, 383.120, 375.466, 0.000, 374.625, 0.000, 0.681, 3.928, 0.000, 
96, 4, 0, 105.829, 1225.374, 29.115, 785.167, 15.119, 611.520, 370.096, 0.000, 372.421, 0.000, 0.741, 3.847, 0.000, 
97, 4, 0, 108.674, 1235.694, 47.449, 437.964, 15.038, 755.611, 378.432, 0.000, 373.262, 0.000, 1.032, 3.046, 0.000, 
97, 4, 0, 118.252, 1243.679, 45.205, 801.718, 15.499, 655.382, 378.873, 0.000, 378.392, 0.000, 0.771, 3.887, 0.000, 
97, 4, 0, 110.097, 1214.614, 44.364, 431.071, 15.449, 753.938, 378.271, 0.000, 376.909, 0.000, 0.441, 3.968, 0.000, 
97, 4, 0, 115.377, 1226.025, 42.119, 788.373, 15.669, 674.629, 374.224, 0.000, 376.067, 0.000, 1.212, 3.206, 0.000, 
97, 4, 0, 113.303, 1263.757, 41.358, 427.083, 14.688, 764.889, 378.873, 0.000, 375.346, 0.000, 0.732, 3.086, 0.000, 
97, 4, 0, 113.834, 1263.686, 25.929, 413.247, 19.887, 384.032, 379.073, 0.000, 379.594, 0.000, 0.421, 3.046, 0.000, 
97, 4, 0, 118.684, 1233.189, 43.471, 782.531, 15.520, 680.691, 385.125, 0.000, 376.548, 0.000, 0.401, 3.888, 0.000, 
97, 4, 0, 115.417, 1297.189, 27.612, 413.498, 14.978, 975.685, 380.636, 0.000, 373.422, 0.000, 0.471, 3.086, 0.000, 
97, 4, 0, 109.817, 1224.863, 34.515, 419.148, 15.248, 379.163, 379.113, 0.000, 379.473, 0.000, 0.511, 3.046, 0.000, 
97, 4, 0, 114.044, 1262.925, 42.841, 435.148, 15.469, 778.073, 378.592, 0.000, 379.273, 0.000, 0.551, 3.887, 0.000, 
98, 4, 0, 114.055, 1262.965, 42.430, 428.035, 15.028, 387.759, 382.440, 0.000, 376.228, 0.000, 0.541, 3.888, 0.000, 
98, 4, 0, 110.979, 1231.606, 43.642, 813.209, 15.138, 641.306, 378.832, 0.000, 381.237, 0.000, 0.541, 3.767, 0.000, 
98, 4, 0, 109.446, 1236.365, 38.903, 431.842, 14.598, 1053.802, 382.039, 0.000, 380.756, 0.000, 0.411, 3.206, 0.000, 
98, 4, 0, 109.987, 1237.497, 29.616, 417.685, 18.675, 387.308, 383.520, 0.000, 376.628, 0.000, 0.601, 3.808, 0.000, 
98, 4, 0, 113.634, 1266.561, 43.612, 803.682, 16.110, 639.282, 383.041, 0.000, 381.277, 0.000, 0.671, 3.086, 0.000, 
98, 4, 0, 107.442, 1263.947, 44.173, 434.246, 15.449, 1040.908, 382.319, 0.000, 378.672, 0.000, 0.280, 3.086, 0.000, 
98, 4, 0, 110.638, 1254.118, 46.688, 427.324, 15.459, 391.947, 382.840, 0.000, 380.635, 0.000, 0.912, 3.046, 0.000, 
98, 4, 0, 109.055, 1253.177, 32.120, 417.034, 15.089, 781.129, 382.840, 0.000, 382.279, 0.000, 0.772, 3.086, 0.000, 
98, 4, 0, 113.463, 1244.099, 25.458, 417.765, 15.339, 386.547, 377.871, 0.000, 381.397, 0.000, 0.361, 3.005, 0.000, 
98, 4, 0, 107.732, 1215.085, 32.962, 426.311, 15.099, 381.618, 384.884, 0.000, 385.324, 0.000, 0.421, 3.085, 0.000, 
99, 4, 0, 115.988, 1239.180, 28.203, 419.258, 15.008, 1114.496, 392.458, 0.000, 388.691, 0.000, 0.541, 3.928, 0.000, 
99, 4, 0, 113.594, 1234.001, 35.106, 427.103, 16.010, 385.745, 381.478, 0.000, 387.288, 0.000, 0.451, 3.927, 0.000, 
99, 4, 0, 117.171, 1276.581, 32.160, 811.466, 15.319, 634.613, 389.332, 0.000, 384.884, 0.000, 0.722, 3.086, 0.000, 
99, 4, 0, 115.507, 1247.796, 43.702, 442.952, 15.769, 1003.787, 386.447, 0.000, 384.803, 0.000, 0.792, 3.126, 0.000, 
99, 4, 0, 106.120, 1247.025, 42.250, 1184.508, 19.927, 414.038, 387.408, 0.000, 1085.771, 0.000, 1.322, 3.808, 0.000, 
99, 4, 0, 103.695, 1228.420, 47.108, 437.933, 14.878, 786.950, 386.446, 0.000, 379.754, 0.000, 0.911, 3.927, 0.000, 
99, 4, 0, 114.886, 1232.828, 41.948, 821.534, 15.499, 654.090, 387.328, 0.000, 384.322, 0.000, 0.952, 3.767, 0.000, 
99, 4, 0, 120.647, 1289.876, 43.953, 821.725, 15.329, 631.939, 387.208, 0.000, 384.724, 0.000, 0.962, 4.047, 0.000, 
99, 4, 0, 119.935, 1356.912, 33.433, 810.554, 14.938, 634.533, 390.334, 0.000, 386.206, 0.000, 0.772, 3.246, 0.000, 
99, 4, 0, 117.260, 1546.378, 25.058, 418.447, 18.856, 386.447, 405.162, 0.000, 381.317, 0.000, 1.002, 3.206, 0.000, 
100, 4, 0, 113.383, 1304.193, 37.981, 1185.209, 20.398, 413.998, 385.324, 0.000, 388.330, 0.000, 0.902, 3.086, 0.000, 
100, 4, 0, 107.683, 1234.752, 23.354, 435.409, 17.112, 974.693, 389.933, 0.000, 385.725, 0.000, 1.162, 3.006, 0.000, 
100, 4, 0, 104.376, 1228.751, 41.849, 1193.284, 15.399, 401.495, 392.337, 0.000, 391.055, 0.000, 0.641, 4.007, 0.000, 
100, 4, 0, 108.694, 1272.834, 28.062, 425.510, 14.587, 996.574, 386.126, 0.000, 391.696, 0.000, 0.721, 3.967, 0.000, 
100, 4, 0, 107.021, 1253.577, 31.920, 431.822, 15.028, 394.121, 386.807, 0.000, 387.889, 0.000, 0.752, 3.246, 0.000, 
100, 4, 0, 104.366, 1219.082, 25.497, 427.734, 14.667, 397.908, 391.657, 0.000, 383.201, 0.000, 0.932, 3.206, 0.000, 
100, 4, 0, 105.318, 1233.339, 26.149, 428.285, 15.068, 391.025, 386.687, 0.000, 388.971, 0.000, 0.501, 3.888, 0.000, 
100, 4, 0, 102.553, 1196.480, 39.744, 431.521, 15.109, 395.223, 391.175, 0.000, 384.122, 0.000, 0.411, 3.888, 0.000, 
100, 4, 0, 102.112, 1217.219, 39.625, 439.978, 15.659, 397.768, 391.696, 0.000, 383.361, 0.000, 0.571, 3.927, 0.000, 
100, 4, 0, 105.829, 1249.029, 40.646, 1162.987, 19.797, 413.758, 395.303, 0.000, 388.851, 0.000, 0.651, 3.928, 0.000, 
101, 4, 0, 216.547, 1939.818, 42.360, 434.647, 17.874, 402.838, 395.103, 0.000, 387.208, 0.000, 1.022, 3.927, 0.000, 
101, 4, 0, 126.147, 1333.969, 40.225, 464.563, 16.451, 1004.108, 389.773, 0.000, 387.608, 0.000, 1.122, 3.086, 0.000, 
101, 4, 0, 112.051, 1289.825, 38.864, 1174.489, 15.850, 417.065, 416.702, 0.000, 1056.467, 0.000, 1.092, 3.046, 0.000, 
101, 4, 0, 112.952, 1304.694, 40.446, 818.770, 15.609, 694.145, 394.261, 0.000, 387.208, 0.000, 1.222, 3.847, 0.000, 
101, 4, 0, 106.531, 1237.386, 31.299, 436.771, 16.331, 399.902, 393.660, 0.000, 387.889, 0.000, 1.092, 3.928, 0.000, 
101, 4, 0, 107.553, 1333.377, 41.799, 462.189, 15.018, 1010.370, 390.053, 0.000, 392.939, 0.000, 1.092, 3.045, 0.000, 
101, 4, 0, 108.363, 1247.866, 32.752, 432.163, 16.291, 402.527, 394.822, 0.000, 392.298, 0.000, 1.022, 3.767, 0.000, 
101, 4, 0, 106.951, 1250.211, 28.152, 432.403, 16.110, 1071.445, 394.943, 0.000, 396.746, 0.000, 1.062, 3.887, 0.000, 
101, 4, 0, 112.852, 1309.753, 43.191, 454.435, 15.519, 1023.354, 389.252, 0.000, 392.378, 0.000, 0.982, 3.166, 0.000, 
101, 4, 0, 116.349, 1319.642, 39.655, 438.305, 14.948, 800.996, 391.496, 0.000, 392.138, 0.000, 0.862, 3.888, 0.000, 
102, 4, 0, 118.893, 1293.182, 35.657, 441.199, 15.590, 1072.367, 397.307, 0.000, 395.143, 0.000, 1.042, 3.807, 0.000, 
102, 4, 0, 116.900, 1299.463, 26.990, 432.453, 14.608, 993.278, 393.019, 0.000, 396.506, 0.000, 0.792, 3.967, 0.000, 
102, 4, 0, 114.716, 1272.843, 26.069, 447.221, 15.859, 1093.376, 398.269, 0.000, 395.944, 0.000, 1.092, 3.767, 0.000, 
102, 4, 0, 118.653, 1323.008, 39.685, 444.847, 16.251, 964.704, 397.708, 0.000, 395.303, 0.000, 0.952, 3.927, 0.000, 
102, 4, 0, 118.713, 1293.963, 43.882, 463.772, 15.780, 1021.591, 397.507, 0.000, 392.618, 0.000, 1.042, 3.928, 0.000, 
102, 4, 0, 122.320, 1289.726, 31.750, 448.634, 15.920, 970.164, 398.990, 0.000, 390.053, 0.000, 0.541, 3.848, 0.000, 
102, 4, 0, 121.188, 1288.292, 42.910, 829.991, 17.042, 695.538, 398.469, 0.000, 397.708, 0.000, 1.092, 3.888, 0.000, 
102, 4, 0, 122.871, 1310.665, 23.955, 826.123, 15.569, 641.476, 397.748, 0.000, 390.815, 0.000, 1.012, 3.928, 0.000, 
102, 4, 0, 133.671, 1326.214, 27.572, 1119.375, 20.488, 426.271, 791.138, 0.000, 664.610, 0.000, 1.223, 3.968, 0.000, 
102, 4, 0, 119.875, 1308.441, 44.303, 442.001, 15.248, 406.143, 393.821, 0.000, 396.185, 0.000, 0.962, 3.767, 0.000, 
103, 4, 0, 120.607, 1337.656, 31.329, 441.821, 15.058, 981.907, 397.146, 0.000, 394.943, 0.000, 0.751, 3.847, 0.000, 
103, 4, 0, 124.013, 1291.158, 37.811, 848.486, 15.950, 692.021, 401.315, 0.000, 395.905, 0.000, 1.122, 4.088, 0.000, 
103, 4, 0, 121.648, 1319.040, 26.320, 1116.961, 20.659, 430.860, 398.750, 0.000, 1030.978, 0.000, 0.902, 3.406, 0.000, 
103, 4, 0, 129.223, 1321.926, 36.399, 838.297, 15.900, 623.843, 395.943, 0.000, 399.792, 0.000, 1.223, 3.086, 0.000, 
103, 4, 0, 123.422, 1324.481, 31.429, 1089.890, 21.600, 434.327, 398.109, 0.000, 1025.960, 0.000, 0.942, 3.887, 0.000, 
103, 4, 0, 126.197, 1332.045, 43.652, 1166.955, 15.179, 421.242, 420.752, 0.000, 996.073, 0.000, 0.822, 3.166, 0.000, 
103, 4, 0, 124.154, 1310.845, 25.568, 820.713, 16.100, 654.290, 396.506, 0.000, 399.471, 0.000, 1.162, 3.166, 0.000, 
103, 4, 0, 120.807, 1278.835, 43.993, 1170.591, 16.100, 421.533, 421.393, 0.000, 969.464, 0.000, 0.842, 3.887, 0.000, 
103, 4, 0, 144.732, 1318.659, 30.608, 844.709, 16.812, 621.279, 401.355, 0.000, 403.880, 0.000, 1.042, 3.968, 0.000, 
103, 4, 0, 120.046, 1388.491, 29.305, 1138.260, 16.090, 426.992, 807.789, 0.000, 593.717, 0.000, 2.695, 3.166, 0.000, 
104, 4, 0, 123.212, 1310.254, 24.085, 433.876, 15.509, 404.671, 406.124, 0.000, 405.082, 0.000, 1.072, 3.086, 0.000, 
104, 4, 0, 116.840, 1238.439, 28.353, 443.173, 15.159, 413.337, 404.842, 0.000, 399.031, 0.000, 0.741, 3.928, 0.000, 
104, 4, 0, 119.034, 1314.552, 36.990, 447.402, 15.880, 1004.479, 404.722, 0.000, 397.948, 0.000, 0.722, 3.888, 0.000, 
104, 4, 0, 113.203, 1239.531, 22.973, 438.074, 15.299, 1112.833, 405.122, 0.000, 405.282, 0.000, 0.791, 3.968, 0.000, 
104, 4, 0, 115.016, 1284.015, 46.167, 459.013, 15.800, 410.061, 405.202, 0.000, 403.919, 0.000, 0.961, 3.887, 0.000, 
104, 4, 0, 120.878, 1313.690, 43.562, 1193.905, 16.731, 439.085, 407.286, 0.000, 1025.158, 0.000, 0.832, 4.008, 0.000, 
104, 4, 0, 120.617, 1274.657, 44.364, 869.485, 15.038, 653.239, 406.364, 0.000, 402.838, 0.000, 0.771, 3.887, 0.000, 
104, 4, 0, 119.845, 1308.842, 30.497, 851.551, 14.598, 633.962, 404.761, 0.000, 400.032, 0.000, 0.802, 3.967, 0.000, 
104, 4, 0, 119.635, 1256.242, 42.851, 838.537, 15.519, 689.707, 404.521, 0.000, 402.798, 0.000, 0.851, 3.166, 0.000, 
104, 4, 0, 119.155, 1244.280, 43.221, 481.626, 16.170, 1028.313, 400.633, 0.000, 404.240, 0.000, 1.022, 3.046, 0.000, 
105, 4, 0, 118.442, 1296.948, 34.144, 473.380, 15.569, 1069.241, 408.167, 0.000, 406.645, 0.000, 0.972, 3.927, 0.000, 
105, 4, 0, 117.741, 1318.699, 43.953, 878.222, 15.790, 665.602, 409.129, 0.000, 408.769, 0.000, 0.811, 3.887, 0.000, 
105, 4, 0, 117.441, 1291.840, 30.637, 851.150, 15.349, 614.887, 408.207, 0.000, 406.524, 0.000, 0.561, 2.886, 0.000, 
105, 4, 0, 118.964, 1316.626, 25.478, 1139.333, 14.878, 433.445, 433.736, 0.000, 1010.780, 0.000, 0.541, 2.885, 0.000, 
105, 4, 0, 119.385, 1270.308, 27.381, 845.089, 15.319, 636.718, 409.530, 0.000, 411.374, 0.000, 0.481, 3.887, 0.000, 
105, 4, 0, 114.475, 1286.209, 30.918, 850.619, 15.368, 625.155, 409.650, 0.000, 411.574, 0.000, 1.172, 3.888, 0.000, 
105, 4, 0, 118.413, 1333.838, 25.047, 1122.070, 19.747, 438.074, 404.360, 0.000, 1057.429, 0.000, 0.832, 3.887, 0.000, 
105, 4, 0, 111.059, 1261.683, 37.340, 475.214, 15.679, 1004.739, 973.831, 0.000, 419.469, 0.000, 1.002, 3.927, 0.000, 
105, 4, 0, 128.812, 1308.781, 30.547, 444.566, 16.251, 416.443, 407.887, 0.000, 407.085, 0.000, 0.772, 3.206, 0.000, 
105, 4, 0, 117.431, 1327.636, 39.805, 453.283, 16.271, 1078.999, 409.210, 0.000, 403.960, 0.000, 0.802, 3.927, 0.000, 
106, 4, 0, 117.651, 1320.844, 29.996, 466.517, 15.539, 1004.810, 411.814, 0.000, 412.777, 0.000, 0.551, 3.166, 0.000, 
106, 4, 0, 114.515, 1322.036, 45.415, 476.005, 16.822, 962.230, 413.458, 0.000, 411.253, 0.000, 1.313, 3.206, 0.000, 
106, 4, 0, 120.576, 1228.220, 24.917, 471.126, 14.918, 1105.178, 412.616, 0.000, 406.965, 0.000, 1.162, 3.968, 0.000, 
106, 4, 0, 117.802, 1243.268, 26.700, 452.561, 14.968, 1108.956, 412.014, 0.000, 411.534, 0.000, 1.052, 3.126, 0.000, 
106, 4, 0, 113.553, 1265.199, 54.172, 472.659, 14.858, 422.043, 414.099, 0.000, 410.292, 0.000, 0.801, 3.006, 0.000, 
106, 4, 0, 126.077, 1223.721, 42.560, 876.418, 15.349, 666.894, 410.252, 0.000, 407.847, 0.000, 1.032, 3.887, 0.000, 
106, 4, 0, 121.078, 1210.857, 29.886, 473.190, 15.740, 977.779, 413.577, 0.000, 411.414, 0.000, 1.212, 3.206, 0.000, 
106, 4, 0, 128.813, 1313.570, 41.378, 854.036, 15.890, 594.779, 407.246, 0.000, 411.254, 0.000, 0.982, 3.887, 0.000, 
106, 4, 0, 116.529, 1270.990, 43.332, 1210.306, 16.421, 435.669, 431.651, 0.000, 1097.544, 0.000, 0.641, 3.847, 0.000, 
106, 4, 0, 118.072, 1279.075, 44.914, 499.218, 15.599, 1007.033, 412.896, 0.000, 406.164, 0.000, 0.761, 3.927, 0.000, 
107, 4, 0, 127.589, 1299.814, 32.441, 492.957, 15.529, 968.601, 416.023, 0.000, 418.266, 0.000, 0.541, 3.847, 0.000, 
107, 4, 0, 122.721, 1292.941, 27.381, 452.701, 16.732, 996.574, 411.694, 0.000, 414.178, 0.000, 0.741, 3.727, 0.000, 
107, 4, 0, 126.007, 1292.992, 43.622, 883.181, 15.269, 640.965, 415.100, 0.000, 409.410, 0.000, 0.851, 3.767, 0.000, 
107, 4, 0, 121.779, 1287.522, 42.690, 465.716, 14.647, 417.976, 414.660, 0.000, 411.254, 0.000, 0.911, 3.887, 0.000, 
107, 4, 0, 121.368, 1321.595, 43.051, 887.058, 15.619, 678.826, 413.097, 0.000, 414.419, 0.000, 0.742, 3.046, 0.000, 
107, 4, 0, 118.684, 1304.112, 38.052, 1173.888, 21.009, 447.942, 440.829, 0.000, 1004.409, 0.000, 0.501, 3.046, 0.000, 
107, 4, 0, 121.759, 1287.722, 42.800, 867.121, 16.000, 598.345, 415.903, 0.000, 413.778, 0.000, 0.771, 3.807, 0.000, 
107, 4, 0, 123.071, 1316.435, 43.673, 467.389, 15.570, 416.494, 416.543, 0.000, 414.860, 0.000, 0.962, 3.767, 0.000, 
107, 4, 0, 127.019, 1319.892, 25.788, 861.741, 15.238, 664.319, 412.175, 0.000, 415.862, 0.000, 1.273, 3.086, 0.000, 
107, 4, 0, 119.254, 1318.460, 25.999, 1140.164, 20.759, 454.294, 444.776, 0.000, 946.621, 0.000, 0.942, 3.847, 0.000, 
108, 4, 0, 124.735, 1310.654, 43.952, 1218.291, 15.879, 450.086, 434.296, 0.000, 988.298, 0.000, 0.300, 3.287, 0.000, 
108, 4, 0, 125.576, 1303.801, 44.303, 1228.379, 16.551, 435.849, 418.667, 0.000, 1006.763, 0.000, 0.561, 3.888, 0.000, 
108, 4, 0, 119.324, 1302.079, 30.818, 860.668, 16.661, 613.083, 420.631, 0.000, 413.858, 0.000, 0.371, 3.887, 0.000, 
108, 4, 0, 118.713, 1351.211, 45.356, 1190.860, 16.531, 444.767, 415.582, 0.000, 1076.424, 0.000, 1.242, 3.166, 0.000, 
108, 4, 0, 124.063, 1195.488, 26.109, 479.922, 16.702, 1006.353, 417.385, 0.000, 418.467, 0.000, 0.651, 3.006, 0.000, 
108, 4, 0, 112.441, 1260.270, 43.292, 467.028, 15.880, 427.584, 421.072, 0.000, 418.227, 0.000, 0.642, 3.046, 0.000, 
108, 4, 0, 118.583, 1304.633, 39.815, 909.681, 17.022, 686.331, 420.190, 0.000, 417.746, 0.000, 0.791, 3.847, 0.000, 
108, 4, 0, 134.583, 1244.240, 39.955, 888.461, 16.531, 683.445, 421.953, 0.000, 417.866, 0.000, 0.751, 3.847, 0.000, 
108, 4, 0, 121.128, 1262.795, 40.266, 890.865, 16.120, 679.026, 420.191, 0.000, 418.787, 0.000, 0.952, 3.928, 0.000, 
108, 4, 0, 124.063, 1273.725, 21.832, 854.567, 15.619, 648.209, 420.190, 0.000, 422.314, 0.000, 0.951, 3.767, 0.000, 
109, 4, 0, 119.826, 1271.160, 41.508, 919.159, 15.349, 670.761, 420.310, 0.000, 418.827, 0.000, 0.561, 3.046, 0.000, 
109, 4, 0, 124.845, 1209.915, 33.122, 483.319, 14.788, 988.289, 423.317, 0.000, 424.558, 0.000, 0.511, 3.046, 0.000, 
109, 4, 0, 118.823, 1270.669, 39.314, 504.339, 15.199, 1008.446, 427.404, 0.000, 424.759, 0.000, 0.592, 3.847, 0.000, 
109, 4, 0, 119.205, 1253.327, 34.885, 486.775, 15.549, 1050.526, 424.839, 0.000, 423.797, 0.000, 0.922, 3.085, 0.000, 
109, 4, 0, 116.609, 1256.293, 40.716, 505.430, 15.710, 1027.553, 427.284, 0.000, 417.025, 0.000, 1.112, 3.046, 0.000, 
109, 4, 0, 136.717, 1528.935, 27.191, 1169.239, 16.501, 448.604, 436.181, 0.000, 970.906, 0.000, 0.942, 3.046, 0.000, 
109, 4, 0, 134.824, 1303.050, 44.303, 1039.986, 15.940, 454.464, 464.554, 0.000, 973.752, 0.000, 0.942, 3.487, 0.000, 
109, 4, 0, 124.975, 1288.923, 45.024, 1225.534, 15.299, 448.935, 435.378, 0.000, 1005.531, 0.000, 0.521, 3.046, 0.000, 
109, 4, 0, 120.918, 1280.648, 28.904, 883.552, 15.609, 615.006, 427.203, 0.000, 424.318, 0.000, 0.962, 3.888, 0.000, 
109, 4, 0, 120.136, 1303.551, 38.673, 1183.476, 20.839, 458.242, 469.342, 0.000, 965.857, 0.000, 0.751, 3.045, 0.000, 
110, 4, 0, 123.763, 1313.320, 43.963, 1211.829, 16.341, 458.482, 465.897, 0.000, 990.503, 0.000, 0.511, 3.928, 0.000, 
110, 4, 0, 129.774, 1299.424, 30.047, 890.685, 16.121, 618.193, 426.522, 0.000, 425.400, 0.000, 0.731, 3.046, 0.000, 
110, 4, 0, 121.809, 1283.403, 30.848, 1230.333, 21.060, 463.532, 473.931, 0.000, 964.373, 0.000, 0.331, 3.887, 0.000, 
110, 4, 0, 123.002, 1288.793, 28.904, 877.961, 15.499, 637.318, 427.124, 0.000, 427.444, 0.000, 0.350, 3.407, 0.000, 
110, 4, 0, 122.530, 1291.258, 23.814, 1166.684, 20.659, 460.325, 470.385, 0.000, 973.590, 0.000, 0.521, 3.887, 0.000, 
110, 4, 0, 122.240, 1292.520, 34.434, 900.944, 15.529, 629.353, 427.124, 0.000, 421.473, 0.000, 0.200, 3.927, 0.000, 
110, 4, 0, 123.582, 1297.660, 38.302, 1110.128, 20.268, 461.899, 470.514, 0.000, 1016.351, 0.000, 0.541, 3.045, 0.000, 
110, 4, 0, 121.358, 1283.604, 44.554, 889.322, 15.118, 667.104, 423.877, 0.000, 426.202, 0.000, 0.571, 3.366, 0.000, 
110, 4, 0, 121.208, 1297.681, 37.290, 1190.038, 20.228, 462.700, 465.495, 0.000, 995.311, 0.000, 0.421, 3.166, 0.000, 
110, 4, 0, 128.211, 1298.392, 33.453, 893.741, 15.239, 636.407, 429.769, 0.000, 426.803, 0.000, 0.842, 3.046, 0.000, 
111, 4, 0, 125.455, 1293.132, 41.579, 1108.304, 20.408, 470.204, 430.089, 0.000, 1019.657, 0.000, 0.731, 4.008, 0.000, 
111, 4, 0, 129.333, 1305.084, 30.518, 884.123, 15.169, 644.021, 431.492, 0.000, 429.327, 0.000, 0.792, 3.166, 0.000, 
111, 4, 0, 124.304, 1302.049, 25.889, 1160.022, 21.591, 466.237, 450.367, 0.000, 1022.082, 0.000, 0.912, 3.967, 0.000, 
111, 4, 0, 124.063, 1278.324, 30.418, 897.629, 15.068, 634.002, 430.890, 0.000, 424.959, 0.000, 0.531, 3.767, 0.000, 
111, 4, 0, 121.799, 1284.676, 35.737, 1133.551, 20.017, 461.838, 445.397, 0.000, 998.638, 0.000, 1.052, 3.967, 0.000, 
111, 4, 0, 127.589, 1301.176, 24.827, 893.962, 15.629, 628.211, 428.846, 0.000, 434.217, 0.000, 0.571, 3.086, 0.000, 
111, 4, 0, 123.352, 1313.299, 37.802, 1193.034, 20.879, 467.770, 866.249, 0.000, 641.166, 0.000, 1.653, 3.045, 0.000, 
111, 4, 0, 120.627, 1285.708, 42.199, 478.790, 15.910, 431.281, 427.444, 0.000, 429.488, 0.000, 0.641, 3.888, 0.000, 
111, 4, 0, 121.038, 1306.827, 44.133, 516.822, 16.171, 1014.758, 436.020, 0.000, 431.050, 0.000, 0.882, 3.967, 0.000, 
111, 4, 0, 123.883, 1297.389, 43.422, 924.288, 15.920, 661.274, 431.331, 0.000, 429.808, 0.000, 0.541, 3.888, 0.000, 
112, 4, 0, 123.993, 1320.283, 25.298, 1159.851, 16.761, 470.985, 454.815, 0.000, 962.690, 0.000, 0.671, 3.046, 0.000, 
112, 4, 0, 128.582, 1324.982, 47.279, 1090.240, 15.519, 460.115, 457.340, 0.000, 988.298, 0.000, 1.222, 3.967, 0.000, 
112, 4, 0, 129.012, 1310.634, 29.275, 905.854, 15.409, 618.282, 435.538, 0.000, 428.887, 0.000, 1.123, 3.126, 0.000, 
112, 4, 0, 122.691, 1302.770, 38.181, 1126.748, 16.220, 458.091, 454.976, 0.000, 1013.586, 0.000, 0.681, 3.887, 0.000, 
112, 4, 0, 128.151, 1304.694, 30.277, 904.290, 15.439, 628.823, 434.016, 0.000, 428.846, 0.000, 0.721, 3.888, 0.000, 
112, 4, 0, 122.200, 1285.187, 25.688, 1191.791, 16.090, 462.019, 454.895, 0.000, 995.873, 0.000, 0.511, 3.045, 0.000, 
112, 4, 0, 127.279, 1295.556, 38.913, 927.844, 15.879, 609.916, 435.059, 0.000, 435.178, 0.000, 0.611, 3.607, 0.000, 
112, 4, 0, 122.731, 1285.217, 42.520, 486.895, 15.650, 439.978, 430.609, 0.000, 432.734, 0.000, 0.791, 4.048, 0.000, 
112, 4, 0, 124.344, 1312.809, 27.131, 508.727, 15.319, 988.619, 434.136, 0.000, 436.100, 0.000, 0.682, 3.927, 0.000, 
112, 4, 0, 126.659, 1273.434, 43.231, 931.571, 15.610, 665.953, 435.819, 0.000, 430.490, 0.000, 0.771, 3.166, 0.000, 
113, 4, 0, 127.770, 1342.715, 24.436, 1078.979, 20.598, 470.955, 453.453, 0.000, 985.252, 0.000, 0.671, 3.046, 0.000, 
113, 4, 0, 127.220, 1305.925, 43.171, 928.816, 15.971, 594.639, 419.228, 0.000, 423.716, 0.000, 0.902, 3.166, 0.000, 
113, 4, 0, 127.280, 1267.814, 24.225, 468.150, 15.179, 442.202, 432.814, 0.000, 436.621, 0.000, 1.022, 3.006, 0.000, 
113, 4, 0, 131.307, 1325.242, 44.264, 911.174, 16.541, 645.304, 439.827, 0.000, 436.381, 0.000, 0.851, 3.166, 0.000, 
113, 4, 0, 129.153, 1320.042, 47.278, 490.512, 15.259, 444.506, 437.182, 0.000, 436.702, 0.000, 0.782, 3.927, 0.000, 
113, 4, 0, 129.994, 1276.621, 23.193, 909.190, 16.100, 639.272, 436.862, 0.000, 432.814, 0.000, 0.912, 3.126, 0.000, 
113, 4, 0, 132.710, 1326.665, 26.249, 474.663, 15.128, 439.246, 438.545, 0.000, 440.348, 0.000, 0.551, 3.006, 0.000, 
113, 4, 0, 133.301, 1334.329, 24.757, 892.509, 15.739, 646.115, 438.384, 0.000, 439.707, 0.000, 0.470, 3.046, 0.000, 
113, 4, 0, 130.746, 1274.266, 24.857, 469.563, 15.249, 447.191, 434.096, 0.000, 437.342, 0.000, 0.661, 4.048, 0.000, 
113, 4, 0, 130.536, 1318.780, 24.415, 909.590, 15.570, 653.569, 436.461, 0.000, 434.217, 0.000, 0.932, 3.206, 0.000, 
114, 4, 0, 132.018, 1308.901, 38.673, 493.448, 15.349, 450.948, 443.354, 0.000, 442.913, 0.000, 0.651, 3.005, 0.000, 
114, 4, 0, 135.856, 1334.108, 34.565, 925.230, 16.260, 626.899, 444.076, 0.000, 441.390, 0.000, 0.761, 3.206, 0.000, 
114, 4, 0, 129.944, 1296.789, 31.579, 478.069, 15.750, 448.353, 444.275, 0.000, 436.821, 0.000, 0.671, 3.927, 0.000, 
114, 4, 0, 131.477, 1319.481, 38.042, 913.458, 16.130, 619.164, 444.716, 0.000, 440.228, 0.000, 0.912, 4.008, 0.000, 
114, 4, 0, 129.504, 1320.583, 33.864, 477.037, 17.033, 445.809, 445.758, 0.000, 441.711, 0.000, 0.932, 3.005, 0.000, 
114, 4, 0, 131.758, 1337.886, 44.183, 1219.934, 16.521, 473.380, 453.132, 0.000, 966.738, 0.000, 0.901, 3.807, 0.000, 
114, 4, 0, 130.585, 1290.286, 37.981, 1228.790, 15.550, 467.680, 467.038, 0.000, 973.791, 0.000, 0.672, 3.968, 0.000, 
114, 4, 0, 146.625, 1398.580, 34.175, 477.599, 16.411, 449.846, 507.354, 0.000, 1025.088, 0.000, 1.102, 3.847, 0.000, 
114, 4, 0, 130.906, 1375.868, 44.563, 1102.393, 16.461, 466.367, 503.126, 0.000, 935.199, 0.000, 0.751, 3.005, 0.000, 
114, 4, 0, 125.817, 1263.887, 24.937, 915.091, 16.320, 655.933, 439.066, 0.000, 440.749, 0.000, 1.142, 3.888, 0.000, 
115, 4, 0, 124.925, 1324.491, 25.237, 1184.577, 16.621, 471.697, 511.812, 0.000, 919.810, 0.000, 0.711, 4.008, 0.000, 
115, 4, 0, 126.408, 1279.186, 42.870, 921.022, 16.010, 643.690, 445.357, 0.000, 445.277, 0.000, 0.792, 3.887, 0.000, 
115, 4, 0, 130.034, 1314.172, 30.467, 480.253, 15.669, 450.597, 447.001, 0.000, 444.276, 0.000, 0.250, 3.968, 0.000, 
115, 4, 0, 133.020, 1307.309, 34.525, 933.005, 16.371, 655.583, 445.037, 0.000, 445.918, 0.000, 0.531, 3.927, 0.000, 
115, 4, 0, 123.953, 1305.325, 38.192, 492.707, 15.749, 457.771, 445.758, 0.000, 444.396, 0.000, 0.551, 3.166, 0.000, 
115, 4, 0, 129.834, 1314.071, 25.277, 904.210, 16.521, 662.866, 441.831, 0.000, 444.355, 0.000, 0.451, 3.807, 0.000, 
115, 4, 0, 131.237, 1327.256, 29.857, 480.524, 15.530, 454.846, 447.963, 0.000, 444.717, 0.000, 0.791, 3.848, 0.000, 
115, 4, 0, 130.095, 1329.910, 44.013, 1276.441, 16.040, 466.617, 470.524, 0.000, 952.912, 0.000, 0.811, 3.928, 0.000, 
115, 4, 0, 128.682, 1323.399, 43.842, 1118.263, 15.570, 467.680, 506.733, 0.000, 945.458, 0.000, 0.641, 4.048, 0.000, 
115, 4, 0, 130.596, 1300.596, 37.961, 1143.540, 15.769, 467.739, 506.262, 0.000, 950.748, 0.000, 0.772, 3.005, 0.000, 
116, 4, 0, 128.011, 1308.861, 42.490, 1246.194, 17.353, 476.957, 509.078, 0.000, 957.641, 0.000, 0.651, 3.287, 0.000, 
116, 4, 0, 133.271, 1338.667, 35.106, 1172.104, 16.732, 475.144, 907.526, 0.000, 636.317, 0.000, 0.571, 3.887, 0.000, 
116, 4, 0, 129.644, 1346.983, 43.572, 497.917, 15.990, 459.333, 453.974, 0.000, 450.447, 0.000, 1.052, 4.007, 0.000, 
116, 4, 0, 132.218, 1314.442, 40.507, 1237.988, 21.540, 477.427, 513.255, 0.000, 930.951, 0.000, 0.701, 3.888, 0.000, 
116, 4, 0, 127.770, 1284.997, 34.194, 1168.497, 21.100, 485.634, 903.098, 0.000, 641.927, 0.000, 0.722, 3.046, 0.000, 
116, 4, 0, 132.339, 1313.881, 30.978, 480.854, 16.201, 458.402, 444.717, 0.000, 443.473, 0.000, 0.941, 3.286, 0.000, 
116, 4, 0, 125.847, 1321.525, 43.993, 944.627, 15.870, 673.827, 517.754, 0.000, 1024.327, 0.000, 0.832, 3.887, 0.000, 
116, 4, 0, 130.025, 1324.290, 44.153, 1146.015, 21.571, 486.505, 513.094, 0.000, 935.119, 0.000, 0.671, 3.727, 0.000, 
116, 4, 0, 130.766, 1312.609, 43.041, 1127.269, 15.268, 477.648, 518.174, 0.000, 967.539, 0.000, 0.922, 3.086, 0.000, 
116, 4, 0, 128.131, 1309.202, 30.818, 1173.897, 16.812, 471.466, 514.297, 0.000, 966.817, 0.000, 0.772, 4.007, 0.000, 
117, 4, 0, 128.682, 1353.224, 44.543, 1149.802, 16.852, 478.730, 516.561, 0.000, 948.263, 0.000, 0.682, 3.807, 0.000, 
117, 4, 0, 133.170, 1335.622, 39.133, 1098.896, 16.692, 475.845, 522.513, 0.000, 924.699, 0.000, 0.661, 3.086, 0.000, 
117, 4, 0, 131.808, 1324.801, 43.792, 1093.326, 15.509, 478.730, 517.373, 0.000, 929.989, 0.000, 0.571, 3.887, 0.000, 
117, 4, 0, 129.042, 1300.466, 38.993, 1159.650, 20.989, 489.821, 902.998, 0.000, 648.419, 0.000, 0.572, 3.327, 0.000, 
117, 4, 0, 134.293, 1366.018, 44.775, 502.696, 15.840, 464.363, 452.251, 0.000, 451.569, 0.000, 0.782, 3.045, 0.000, 
117, 4, 0, 129.423, 1316.115, 47.990, 512.313, 15.169, 458.623, 449.205, 0.000, 451.168, 0.000, 0.801, 3.927, 0.000, 
117, 4, 0, 129.764, 1357.213, 44.113, 1263.666, 21.821, 488.178, 901.094, 0.000, 647.097, 0.000, 0.561, 3.086, 0.000, 
117, 4, 0, 129.063, 1323.920, 43.632, 509.037, 16.211, 457.972, 455.537, 0.000, 455.136, 0.000, 0.932, 3.927, 0.000, 
117, 4, 0, 131.166, 1341.463, 30.558, 1176.192, 15.890, 475.374, 517.564, 0.000, 981.846, 0.000, 0.881, 3.888, 0.000, 
117, 4, 0, 133.101, 1319.631, 29.114, 484.922, 15.950, 461.397, 451.409, 0.000, 451.208, 0.000, 0.661, 3.727, 0.000, 
118, 4, 0, 129.032, 1331.064, 43.692, 944.847, 15.389, 644.913, 531.680, 0.000, 1052.820, 0.000, 0.972, 3.045, 0.000, 
118, 4, 0, 133.090, 1321.966, 29.686, 1193.875, 20.379, 489.992, 910.893, 0.000, 647.939, 0.000, 0.612, 3.927, 0.000, 
118, 4, 0, 132.099, 1333.247, 39.374, 501.463, 16.111, 468.852, 459.545, 0.000, 457.821, 0.000, 0.562, 3.888, 0.000, 
118, 4, 0, 134.943, 1325.262, 43.832, 1114.586, 21.410, 491.344, 489.821, 0.000, 944.616, 0.000, 1.052, 3.888, 0.000, 
118, 4, 0, 145.303, 1349.959, 25.908, 1072.306, 15.850, 483.129, 910.572, 0.000, 657.236, 0.000, 0.851, 3.767, 0.000, 
118, 4, 0, 130.976, 1344.198, 25.698, 1231.917, 16.641, 485.012, 920.962, 0.000, 639.242, 0.000, 0.771, 3.968, 0.000, 
118, 4, 0, 127.449, 1292.651, 47.198, 508.315, 15.950, 463.732, 456.900, 0.000, 456.659, 0.000, 0.912, 3.807, 0.000, 
118, 4, 0, 128.822, 1335.451, 25.408, 1219.313, 15.309, 488.008, 529.095, 0.000, 905.342, 0.000, 0.461, 3.206, 0.000, 
118, 4, 0, 133.752, 1347.544, 43.081, 1094.318, 15.369, 487.667, 919.309, 0.000, 644.171, 0.000, 1.012, 3.968, 0.000, 
118, 4, 0, 133.722, 1342.575, 43.672, 507.184, 15.229, 466.027, 456.699, 0.000, 456.900, 0.000, 0.982, 4.007, 0.000, 
119, 4, 0, 134.183, 1321.545, 24.927, 489.360, 15.739, 470.003, 461.588, 0.000, 464.033, 0.000, 1.082, 3.046, 0.000, 
119, 4, 0, 132.339, 1347.754, 42.841, 1267.474, 16.601, 492.366, 919.740, 0.000, 639.923, 0.000, 0.972, 3.086, 0.000, 
119, 4, 0, 135.846, 1315.764, 25.508, 1217.981, 21.250, 496.153, 918.077, 0.000, 645.213, 0.000, 0.922, 3.246, 0.000, 
119, 4, 0, 131.167, 1332.195, 25.518, 1240.213, 16.881, 483.769, 923.727, 0.000, 639.843, 0.000, 0.491, 3.046, 0.000, 
119, 4, 0, 133.121, 1345.680, 29.665, 1211.347, 20.839, 496.002, 920.241, 0.000, 644.853, 0.000, 0.922, 3.887, 0.000, 
119, 4, 0, 137.518, 1336.974, 30.036, 1228.530, 20.638, 494.439, 494.730, 0.000, 991.063, 0.000, 1.082, 3.166, 0.000, 
119, 4, 0, 132.008, 1330.242, 41.298, 1103.265, 15.349, 486.795, 503.647, 0.000, 978.841, 0.000, 0.701, 3.807, 0.000, 
119, 4, 0, 129.113, 1344.448, 23.965, 1061.566, 15.349, 491.865, 918.277, 0.000, 648.138, 0.000, 0.831, 3.807, 0.000, 
119, 4, 0, 132.780, 1328.969, 25.979, 1219.072, 20.308, 494.079, 502.765, 0.000, 982.969, 0.000, 0.671, 3.166, 0.000, 
119, 4, 0, 134.062, 1342.966, 31.169, 496.063, 15.719, 464.073, 459.865, 0.000, 460.065, 0.000, 0.531, 3.086, 0.000, 
120, 4, 0, 129.974, 1330.051, 37.621, 1198.484, 15.880, 492.326, 929.698, 0.000, 644.132, 0.000, 1.002, 3.888, 0.000, 
120, 4, 0, 128.551, 1352.373, 39.704, 1190.138, 20.919, 501.833, 938.204, 0.000, 633.551, 0.000, 1.022, 3.006, 0.000, 
120, 4, 0, 133.401, 1342.224, 27.792, 1229.332, 16.762, 493.799, 936.542, 0.000, 629.504, 0.000, 0.861, 3.887, 0.000, 
120, 4, 0, 135.595, 1341.062, 38.412, 511.592, 15.890, 474.502, 459.624, 0.000, 463.030, 0.000, 0.921, 4.008, 0.000, 
120, 4, 0, 132.229, 1360.508, 27.702, 1082.395, 15.298, 495.391, 939.417, 0.000, 634.393, 0.000, 0.762, 3.006, 0.000, 
120, 4, 0, 130.385, 1310.063, 43.331, 521.120, 15.509, 470.995, 464.593, 0.000, 462.509, 0.000, 1.142, 3.888, 0.000, 
120, 4, 0, 136.897, 1343.877, 43.212, 516.932, 15.819, 467.569, 464.673, 0.000, 462.630, 0.000, 0.901, 3.887, 0.000, 
120, 4, 0, 133.451, 1315.684, 40.406, 514.287, 15.620, 470.034, 466.999, 0.000, 465.034, 0.000, 0.931, 3.085, 0.000, 
120, 4, 0, 138.570, 1357.162, 45.064, 512.754, 15.569, 473.110, 464.473, 0.000, 458.382, 0.000, 1.152, 4.008, 0.000, 
120, 4, 0, 142.478, 1413.598, 50.004, 517.473, 15.800, 468.281, 547.299, 0.000, 1064.482, 0.000, 0.832, 3.887, 0.000, 
121, 4, 0, 136.466, 1350.009, 32.020, 1067.407, 15.820, 502.034, 935.600, 0.000, 631.788, 0.000, 1.272, 3.166, 0.000, 
121, 4, 0, 140.474, 1411.715, 46.216, 1123.873, 21.901, 502.525, 944.557, 0.000, 546.067, 0.000, 0.911, 3.847, 0.000, 
121, 4, 0, 134.543, 1345.080, 35.036, 1233.990, 16.541, 497.886, 941.751, 0.000, 599.247, 0.000, 0.611, 3.847, 0.000, 
121, 4, 0, 142.568, 1376.107, 36.689, 1201.649, 16.321, 500.561, 943.975, 0.000, 629.183, 0.000, 0.691, 3.206, 0.000, 
121, 4, 0, 136.938, 1327.206, 25.989, 1261.943, 20.689, 502.746, 946.510, 0.000, 630.826, 0.000, 0.781, 3.085, 0.000, 
121, 4, 0, 136.957, 1346.472, 26.660, 1242.697, 15.980, 500.221, 932.574, 0.000, 643.089, 0.000, 0.831, 3.086, 0.000, 
121, 4, 0, 137.278, 1365.899, 40.356, 1169.680, 16.431, 499.519, 945.618, 0.000, 606.300, 0.000, 0.661, 3.206, 0.000, 
121, 4, 0, 139.222, 1376.689, 34.294, 1225.274, 20.389, 505.461, 935.028, 0.000, 641.647, 0.000, 1.072, 4.208, 0.000, 
121, 4, 0, 135.244, 1344.759, 35.136, 1206.699, 15.690, 499.399, 935.178, 0.000, 646.376, 0.000, 0.782, 3.005, 0.000, 
121, 4, 0, 134.683, 1350.159, 36.128, 1211.018, 15.930, 498.738, 940.369, 0.000, 641.005, 0.000, 0.992, 3.888, 0.000, 
122, 4, 0, 137.398, 1370.488, 41.478, 1210.145, 18.164, 505.751, 947.452, 0.000, 601.932, 0.000, 1.102, 3.888, 0.000, 
122, 4, 0, 138.851, 1337.715, 44.183, 1283.523, 15.079, 501.934, 941.060, 0.000, 642.168, 0.000, 1.112, 3.928, 0.000, 
122, 4, 0, 136.747, 1344.889, 41.618, 992.286, 16.692, 636.337, 518.895, 0.000, 1021.722, 0.000, 0.811, 3.086, 0.000, 
122, 4, 0, 142.869, 1356.651, 30.427, 1074.451, 21.099, 505.190, 945.098, 0.000, 580.252, 0.000, 0.711, 3.848, 0.000, 
122, 4, 0, 136.036, 1364.727, 35.216, 1215.676, 21.260, 512.323, 948.063, 0.000, 629.424, 0.000, 0.631, 3.046, 0.000, 
122, 4, 0, 139.723, 1366.550, 30.948, 1238.820, 15.709, 503.336, 946.700, 0.000, 603.615, 0.000, 1.102, 3.085, 0.000, 
122, 4, 0, 134.713, 1339.208, 26.170, 1253.919, 21.580, 505.951, 952.952, 0.000, 625.536, 0.000, 0.812, 3.928, 0.000, 
122, 4, 0, 134.694, 1332.195, 32.902, 985.173, 15.309, 642.478, 518.455, 0.000, 1022.041, 0.000, 0.942, 3.887, 0.000, 
122, 4, 0, 136.036, 1346.171, 38.983, 1126.879, 16.391, 504.268, 947.582, 0.000, 607.062, 0.000, 0.781, 4.008, 0.000, 
122, 4, 0, 137.018, 1333.577, 35.497, 1220.976, 20.609, 507.565, 952.481, 0.000, 632.749, 0.000, 0.771, 3.887, 0.000, 
123, 4, 0, 132.149, 1367.461, 47.960, 1212.399, 20.959, 514.167, 956.940, 0.000, 601.251, 0.000, 1.042, 3.006, 0.000, 
123, 4, 0, 136.697, 1331.093, 27.702, 1269.237, 15.910, 508.998, 948.404, 0.000, 603.656, 0.000, 0.681, 3.888, 0.000, 
123, 4, 0, 137.859, 1348.336, 25.758, 1270.980, 16.060, 504.118, 955.316, 0.000, 632.550, 0.000, 1.263, 2.966, 0.000, 
123, 4, 0, 146.385, 1340.992, 43.872, 1187.162, 20.799, 513.366, 959.274, 0.000, 581.854, 0.000, 0.911, 3.928, 0.000, 
123, 4, 0, 136.357, 1346.882, 26.079, 1264.137, 15.910, 508.517, 956.318, 0.000, 548.030, 0.000, 0.881, 3.005, 0.000, 
123, 4, 0, 135.615, 1336.403, 44.313, 1140.224, 21.771, 512.634, 953.112, 0.000, 635.715, 0.000, 0.642, 3.847, 0.000, 
123, 4, 0, 141.847, 1368.082, 34.224, 1245.462, 20.629, 509.488, 956.408, 0.000, 653.068, 0.000, 0.811, 4.008, 0.000, 
123, 4, 0, 135.676, 1360.959, 34.765, 1221.657, 15.879, 508.576, 952.782, 0.000, 568.389, 0.000, 0.982, 3.887, 0.000, 
123, 4, 0, 135.855, 1361.119, 35.707, 1179.178, 21.200, 512.904, 954.936, 0.000, 592.675, 0.000, 0.802, 3.967, 0.000, 
123, 4, 0, 136.877, 1365.608, 34.265, 1230.424, 21.130, 513.566, 955.687, 0.000, 602.453, 0.000, 0.992, 3.326, 0.000, 
124, 4, 0, 137.779, 1384.393, 44.844, 1155.373, 15.639, 512.263, 956.889, 0.000, 607.823, 0.000, 0.792, 3.847, 0.000, 
124, 4, 0, 136.757, 1357.432, 35.347, 1242.036, 20.920, 519.407, 968.331, 0.000, 558.610, 0.000, 1.082, 3.888, 0.000, 
124, 4, 0, 139.131, 1416.124, 45.666, 1049.463, 20.949, 514.176, 966.257, 0.000, 553.841, 0.000, 0.651, 4.048, 0.000, 
124, 4, 0, 137.949, 1379.444, 42.240, 1074.822, 16.731, 513.395, 966.297, 0.000, 544.705, 0.000, 0.861, 3.046, 0.000, 
124, 4, 0, 135.274, 1356.631, 44.674, 1188.946, 20.969, 511.582, 971.256, 0.000, 592.314, 0.000, 1.132, 3.767, 0.000, 
124, 4, 0, 146.956, 1405.002, 34.034, 524.427, 16.581, 480.403, 472.769, 0.000, 476.576, 0.000, 0.902, 3.045, 0.000, 
124, 4, 0, 144.692, 1389.933, 39.033, 512.042, 16.601, 479.592, 476.376, 0.000, 472.328, 0.000, 0.912, 3.086, 0.000, 
124, 4, 0, 138.360, 1347.795, 45.345, 1187.994, 16.451, 508.967, 966.497, 0.000, 628.502, 0.000, 0.801, 3.887, 0.000, 
124, 4, 0, 130.445, 1378.713, 36.258, 519.046, 15.659, 483.940, 474.732, 0.000, 473.450, 0.000, 0.912, 3.887, 0.000, 
124, 4, 0, 139.913, 1378.202, 45.385, 1159.260, 21.731, 516.221, 964.734, 0.000, 553.481, 0.000, 0.641, 4.168, 0.000, 
125, 4, 0, 138.180, 1365.097, 37.771, 1084.880, 21.230, 521.250, 971.447, 0.000, 623.292, 0.000, 1.062, 3.848, 0.000, 
125, 4, 0, 137.369, 1354.336, 26.529, 1193.013, 17.493, 514.999, 974.122, 0.000, 549.593, 0.000, 0.672, 3.888, 0.000, 
125, 4, 0, 136.797, 1378.973, 42.200, 1230.745, 21.380, 518.335, 976.406, 0.000, 571.795, 0.000, 0.932, 3.046, 0.000, 
125, 4, 0, 140.885, 1360.880, 39.985, 1223.901, 21.411, 513.706, 968.141, 0.000, 608.504, 0.000, 0.551, 3.847, 0.000, 
125, 4, 0, 138.600, 1341.323, 30.848, 1253.177, 16.230, 516.170, 970.465, 0.000, 591.873, 0.000, 0.681, 3.887, 0.000, 
125, 4, 0, 141.637, 1344.778, 31.258, 1256.072, 21.160, 521.420, 972.539, 0.000, 603.695, 0.000, 0.691, 3.848, 0.000, 
125, 4, 0, 139.813, 1372.260, 46.057, 1152.317, 21.150, 517.203, 974.022, 0.000, 544.784, 0.000, 0.952, 3.086, 0.000, 
125, 4, 0, 144.832, 1354.898, 45.406, 1218.972, 16.511, 516.721, 962.831, 0.000, 587.866, 0.000, 0.791, 3.887, 0.000, 
125, 4, 0, 138.721, 1393.360, 44.654, 1161.324, 21.140, 522.293, 970.325, 0.000, 547.109, 0.000, 0.922, 3.887, 0.000, 
125, 4, 0, 140.394, 1358.675, 43.592, 1071.796, 22.251, 520.328, 970.505, 0.000, 600.809, 0.000, 0.792, 2.845, 0.000, 
126, 4, 0, 180.639, 1488.189, 28.033, 515.369, 16.331, 486.074, 584.709, 0.000, 930.710, 0.000, 1.493, 3.126, 0.000, 
126, 4, 0, 145.794, 1471.407, 41.128, 1020.940, 21.621, 516.782, 986.726, 0.000, 567.908, 0.000, 0.931, 4.047, 0.000, 
126, 4, 0, 135.234, 1392.949, 44.944, 1191.911, 16.191, 510.560, 979.812, 0.000, 604.456, 0.000, 0.842, 3.888, 0.000, 
126, 4, 0, 140.214, 1341.092, 26.159, 515.860, 16.311, 490.683, 487.116, 0.000, 482.026, 0.000, 0.762, 3.927, 0.000, 
126, 4, 0, 139.483, 1419.810, 42.941, 1159.230, 21.220, 525.588, 970.455, 0.000, 586.142, 0.000, 0.531, 2.806, 0.000, 
126, 4, 0, 139.873, 1315.353, 24.186, 989.361, 17.192, 640.084, 554.303, 0.000, 934.237, 0.000, 1.162, 3.848, 0.000, 
126, 4, 0, 137.960, 1385.675, 22.151, 513.615, 15.560, 489.020, 488.679, 0.000, 485.312, 0.000, 0.691, 3.888, 0.000, 
126, 4, 0, 145.815, 1427.284, 36.208, 1143.701, 16.040, 519.477, 969.443, 0.000, 609.706, 0.000, 0.561, 4.088, 0.000, 
126, 4, 0, 135.294, 1377.871, 35.497, 1261.683, 20.999, 523.374, 976.777, 0.000, 594.438, 0.000, 0.531, 3.887, 0.000, 
126, 4, 0, 134.573, 1352.934, 26.940, 1264.998, 20.299, 515.610, 974.563, 0.000, 625.296, 0.000, 0.511, 3.887, 0.000, 
127, 4, 0, 134.182, 1388.621, 38.512, 1217.068, 15.890, 519.998, 1036.830, 0.000, 514.167, 0.000, 0.911, 3.967, 0.000, 
127, 4, 0, 131.958, 1315.253, 20.899, 517.713, 15.109, 494.891, 489.962, 0.000, 488.559, 0.000, 0.782, 4.008, 0.000, 
127, 4, 0, 129.714, 1340.721, 23.784, 1123.683, 16.862, 519.677, 973.731, 0.000, 627.420, 0.000, 0.882, 3.968, 0.000, 
127, 4, 0, 141.526, 1350.048, 23.334, 1011.462, 15.339, 644.021, 592.774, 0.000, 967.980, 0.000, 0.801, 3.206, 0.000, 
127, 4, 0, 133.210, 1356.621, 31.809, 1094.738, 20.679, 525.569, 979.131, 0.000, 598.525, 0.000, 0.341, 3.326, 0.000, 
127, 4, 0, 138.301, 1361.690, 30.257, 1279.035, 19.687, 521.711, 990.523, 0.000, 587.464, 0.000, 0.792, 3.086, 0.000, 
127, 4, 0, 134.923, 1340.180, 25.318, 1022.583, 16.551, 636.968, 554.562, 0.000, 987.938, 0.000, 0.561, 3.887, 0.000, 
127, 4, 0, 136.527, 1377.220, 43.312, 544.865, 15.539, 498.728, 491.444, 0.000, 488.518, 0.000, 0.510, 3.967, 0.000, 
127, 4, 0, 134.963, 1364.977, 34.885, 528.604, 16.371, 496.484, 489.921, 0.000, 488.960, 0.000, 0.441, 3.006, 0.000, 
127, 4, 0, 141.536, 1372.812, 49.934, 540.677, 16.080, 491.073, 485.473, 0.000, 489.040, 0.000, 0.461, 3.968, 0.000, 
128, 4, 0, 142.298, 1369.044, 25.147, 1137.689, 21.591, 527.502, 995.451, 0.000, 550.275, 0.000, 0.842, 3.847, 0.000, 
128, 4, 0, 145.223, 1369.595, 24.355, 1129.944, 16.200, 522.743, 993.558, 0.000, 603.775, 0.000, 0.581, 3.848, 0.000, 
128, 4, 0, 140.705, 1377.991, 26.390, 529.326, 16.771, 502.014, 496.735, 0.000, 488.278, 0.000, 0.871, 3.848, 0.000, 
128, 4, 0, 143.179, 1372.721, 44.864, 1228.870, 18.935, 534.605, 990.061, 0.000, 565.744, 0.000, 0.701, 3.807, 0.000, 
128, 4, 0, 144.772, 1369.956, 41.598, 1165.852, 21.140, 529.867, 994.179, 0.000, 586.302, 0.000, 0.982, 3.046, 0.000, 
128, 4, 0, 143.540, 1377.671, 39.694, 1116.650, 23.795, 526.350, 997.446, 0.000, 552.399, 0.000, 1.082, 3.887, 0.000, 
128, 4, 0, 142.088, 1311.365, 26.349, 1029.476, 16.231, 633.040, 987.256, 0.000, 647.458, 0.000, 0.932, 3.045, 0.000, 
128, 4, 0, 145.002, 1372.521, 31.449, 1109.426, 21.180, 530.648, 991.133, 0.000, 568.870, 0.000, 1.012, 3.727, 0.000, 
128, 4, 0, 144.702, 1306.046, 26.180, 1293.002, 16.862, 522.192, 997.947, 0.000, 599.527, 0.000, 1.362, 3.045, 0.000, 
128, 4, 0, 139.072, 1321.655, 42.961, 1259.739, 21.220, 529.415, 988.759, 0.000, 621.889, 0.000, 0.731, 3.887, 0.000, 
129, 4, 0, 143.820, 1396.496, 27.752, 1144.312, 21.150, 533.403, 1000.541, 0.000, 555.445, 0.000, 0.862, 3.848, 0.000, 
129, 4, 0, 145.273, 1299.363, 44.072, 1188.515, 15.218, 527.822, 999.009, 0.000, 629.784, 0.000, 0.922, 3.887, 0.000, 
129, 4, 0, 145.434, 1387.018, 35.397, 1166.554, 21.200, 534.605, 996.745, 0.000, 589.348, 0.000, 0.971, 3.046, 0.000, 
129, 4, 0, 147.397, 1293.763, 44.794, 551.096, 15.810, 502.355, 492.086, 0.000, 495.933, 0.000, 0.571, 3.888, 0.000, 
129, 4, 0, 145.974, 1412.947, 45.385, 1095.049, 17.062, 519.186, 997.105, 0.000, 580.331, 0.000, 1.132, 3.807, 0.000, 
129, 4, 0, 146.977, 1379.895, 30.688, 1120.657, 16.381, 529.295, 999.079, 0.000, 532.241, 0.000, 0.571, 3.887, 0.000, 
129, 4, 0, 144.712, 1374.244, 23.434, 1144.382, 21.491, 529.937, 993.949, 0.000, 557.408, 0.000, 0.801, 3.767, 0.000, 
129, 4, 0, 144.822, 1384.363, 22.562, 1132.269, 16.320, 526.880, 992.787, 0.000, 575.602, 0.000, 0.641, 3.727, 0.000, 
129, 4, 0, 142.528, 1378.221, 28.865, 1110.879, 15.689, 526.530, 1000.832, 0.000, 570.272, 0.000, 0.662, 3.126, 0.000, 
129, 4, 0, 145.133, 1364.445, 23.945, 1137.168, 21.591, 532.872, 997.125, 0.000, 575.883, 0.000, 0.651, 3.246, 0.000, 
130, 4, 0, 141.587, 1407.877, 24.876, 1124.865, 15.980, 538.813, 1066.846, 0.000, 528.474, 0.000, 0.792, 3.848, 0.000, 
130, 4, 0, 154.060, 1403.098, 27.992, 536.589, 15.960, 505.911, 613.765, 0.000, 971.907, 0.000, 0.952, 3.887, 0.000, 
130, 4, 0, 146.175, 1398.710, 32.842, 537.080, 17.072, 511.051, 615.437, 0.000, 1059.953, 0.000, 0.681, 3.887, 0.000, 
130, 4, 0, 144.892, 1394.483, 32.361, 542.540, 15.609, 500.601, 504.108, 0.000, 499.739, 0.000, 0.952, 3.887, 0.000, 
130, 4, 0, 143.740, 1428.336, 32.391, 1114.466, 22.903, 533.774, 1003.296, 0.000, 543.743, 0.000, 0.571, 3.887, 0.000, 
130, 4, 0, 146.836, 1400.805, 33.302, 1100.269, 19.817, 532.481, 996.334, 0.000, 557.248, 0.000, 0.781, 3.887, 0.000, 
130, 4, 0, 147.777, 1391.687, 42.820, 1079.289, 20.769, 541.718, 1001.414, 0.000, 534.365, 0.000, 0.551, 3.046, 0.000, 
130, 4, 0, 143.570, 1403.299, 41.558, 1075.913, 20.809, 539.745, 1009.328, 0.000, 611.991, 0.000, 1.052, 3.847, 0.000, 
130, 4, 0, 145.704, 1409.531, 46.507, 562.227, 16.131, 503.557, 612.262, 0.000, 1039.274, 0.000, 0.581, 3.006, 0.000, 
130, 4, 0, 148.850, 1403.569, 48.791, 559.512, 16.681, 513.185, 613.974, 0.000, 1037.311, 0.000, 0.631, 3.046, 0.000, 
131, 4, 0, 143.611, 1395.784, 41.448, 543.953, 16.501, 508.696, 508.315, 0.000, 503.828, 0.000, 0.642, 3.807, 0.000, 
131, 4, 0, 148.339, 1388.972, 44.925, 1111.370, 20.428, 544.294, 1004.629, 0.000, 575.682, 0.000, 0.330, 3.927, 0.000, 
131, 4, 0, 147.578, 1427.865, 42.229, 1097.123, 16.341, 543.673, 1015.549, 0.000, 612.391, 0.000, 0.651, 3.888, 0.000, 
131, 4, 0, 146.936, 1409.902, 45.485, 560.684, 17.122, 513.756, 623.853, 0.000, 1033.624, 0.000, 0.661, 3.927, 0.000, 
131, 4, 0, 143.790, 1397.068, 33.362, 552.098, 15.970, 512.043, 626.859, 0.000, 1013.105, 0.000, 0.922, 3.046, 0.000, 
131, 4, 0, 144.983, 1385.626, 31.910, 546.778, 16.050, 514.718, 505.110, 0.000, 506.152, 0.000, 1.002, 4.168, 0.000, 
131, 4, 0, 148.289, 1406.414, 27.793, 1138.742, 21.661, 546.017, 1024.787, 0.000, 551.958, 0.000, 0.551, 3.848, 0.000, 
131, 4, 0, 148.178, 1380.526, 36.198, 556.317, 16.331, 511.602, 505.631, 0.000, 503.066, 0.000, 0.862, 3.847, 0.000, 
131, 4, 0, 148.910, 1405.883, 44.794, 1110.919, 15.609, 542.450, 1025.047, 0.000, 543.302, 0.000, 0.661, 3.887, 0.000, 
131, 4, 0, 148.029, 1378.362, 35.296, 547.650, 15.970, 513.406, 628.893, 0.000, 1046.088, 0.000, 0.752, 3.927, 0.000, 
132, 4, 0, 146.135, 1409.450, 46.117, 560.334, 16.350, 519.927, 632.710, 0.000, 995.192, 0.000, 0.721, 3.887, 0.000, 
132, 4, 0, 152.116, 1359.857, 46.287, 564.472, 15.499, 509.057, 589.258, 0.000, 973.992, 0.000, 1.011, 3.046, 0.000, 
132, 4, 0, 149.611, 1425.671, 25.699, 540.096, 17.052, 513.746, 591.211, 0.000, 983.409, 0.000, 0.781, 3.888, 0.000, 
132, 4, 0, 147.317, 1388.140, 41.858, 1211.107, 16.381, 552.199, 1063.840, 0.000, 537.291, 0.000, 0.561, 8.776, 0.000, 
132, 4, 0, 147.507, 1409.160, 43.361, 627.099, 15.960, 1034.275, 509.278, 0.000, 507.674, 0.000, 0.651, 3.847, 0.000, 
132, 4, 0, 147.508, 1368.483, 25.728, 540.346, 16.631, 514.477, 509.237, 0.000, 504.989, 0.000, 0.551, 3.206, 0.000, 
132, 4, 0, 150.743, 1405.714, 43.862, 1118.523, 16.921, 544.213, 1064.521, 0.000, 538.252, 0.000, 0.781, 8.776, 0.000, 
132, 4, 0, 150.633, 1417.215, 45.345, 644.071, 16.461, 1015.890, 607.953, 0.000, 1042.320, 0.000, 0.872, 3.046, 0.000, 
132, 4, 0, 149.341, 1392.719, 34.866, 549.403, 15.399, 517.163, 594.908, 0.000, 993.789, 0.000, 0.561, 3.887, 0.000, 
132, 4, 0, 149.541, 1400.724, 41.839, 1205.588, 16.701, 549.754, 1063.680, 0.000, 537.251, 0.000, 0.701, 9.057, 0.000, 
133, 4, 0, 152.096, 1448.684, 36.289, 642.328, 17.894, 1041.148, 606.521, 0.000, 992.867, 0.000, 0.561, 3.888, 0.000, 
133, 4, 0, 151.595, 1387.409, 35.998, 1194.957, 16.311, 546.688, 1033.614, 0.000, 610.788, 0.000, 0.551, 3.086, 0.000, 
133, 4, 0, 151.756, 1423.727, 44.223, 638.100, 16.031, 1101.973, 515.329, 0.000, 511.481, 0.000, 0.702, 3.887, 0.000, 
133, 4, 0, 153.979, 1431.673, 44.434, 1118.163, 21.521, 549.363, 1053.541, 0.000, 537.131, 0.000, 0.982, 9.338, 0.000, 
133, 4, 0, 151.866, 1328.829, 26.390, 666.623, 15.779, 1032.551, 513.566, 0.000, 512.884, 0.000, 0.771, 3.848, 0.000, 
133, 4, 0, 156.675, 1385.125, 43.842, 1080.822, 17.062, 554.262, 1028.093, 0.000, 525.468, 0.000, 0.962, 3.086, 0.000, 
133, 4, 0, 146.726, 1425.661, 43.031, 1123.974, 23.183, 551.547, 1029.987, 0.000, 612.231, 0.000, 0.632, 3.246, 0.000, 
133, 4, 0, 146.475, 1391.386, 45.005, 568.960, 15.859, 520.538, 640.274, 0.000, 973.190, 0.000, 1.162, 3.847, 0.000, 
133, 4, 0, 145.404, 1387.058, 48.411, 557.358, 15.409, 517.082, 639.793, 0.000, 1035.507, 0.000, 1.133, 3.847, 0.000, 
133, 4, 0, 148.599, 1323.720, 32.892, 559.792, 16.651, 526.690, 513.405, 0.000, 510.760, 0.000, 0.842, 3.166, 0.000, 
134, 4, 0, 153.559, 1411.975, 35.747, 560.494, 16.501, 516.411, 652.106, 0.000, 945.779, 0.000, 0.621, 3.166, 0.000, 
134, 4, 0, 145.073, 1370.738, 53.100, 578.227, 17.323, 522.012, 655.623, 0.000, 1024.086, 0.000, 0.671, 3.968, 0.000, 
134, 4, 0, 144.722, 1380.145, 35.065, 560.964, 17.222, 518.876, 515.489, 0.000, 510.400, 0.000, 0.742, 3.807, 0.000, 
134, 4, 0, 149.321, 1319.341, 50.615, 575.502, 16.591, 521.300, 619.235, 0.000, 1051.617, 0.000, 0.681, 4.007, 0.000, 
134, 4, 0, 153.228, 1453.643, 33.994, 553.280, 16.281, 516.882, 654.862, 0.000, 981.125, 0.000, 0.851, 3.887, 0.000, 
134, 4, 0, 147.538, 1388.942, 29.986, 554.242, 15.950, 520.048, 648.620, 0.000, 913.197, 0.000, 0.811, 4.007, 0.000, 
134, 4, 0, 148.900, 1391.547, 44.574, 1231.245, 21.230, 549.313, 1066.405, 0.000, 549.072, 0.000, 0.531, 9.377, 0.000, 
134, 4, 0, 147.677, 1407.987, 44.925, 691.140, 15.960, 978.731, 516.371, 0.000, 516.451, 0.000, 0.691, 4.047, 0.000, 
134, 4, 0, 147.788, 1395.945, 41.819, 1133.171, 16.631, 547.480, 1035.818, 0.000, 544.143, 0.000, 0.380, 3.046, 0.000, 
134, 4, 0, 149.000, 1399.793, 27.511, 1060.033, 22.682, 554.632, 1065.203, 0.000, 548.752, 0.000, 0.391, 8.816, 0.000, 
135, 4, 0, 151.104, 1429.197, 45.155, 699.185, 16.351, 942.202, 676.072, 0.000, 1021.922, 0.000, 0.431, 3.927, 0.000, 
135, 4, 0, 154.540, 1466.929, 44.825, 666.834, 17.012, 1083.297, 516.170, 0.000, 520.659, 0.000, 0.782, 4.048, 0.000, 
135, 4, 0, 154.390, 1419.680, 44.945, 563.961, 16.020, 526.730, 651.544, 0.000, 960.967, 0.000, 0.541, 3.887, 0.000, 
135, 4, 0, 153.188, 1394.222, 42.821, 1154.361, 16.671, 551.387, 1049.213, 0.000, 607.142, 0.000, 0.802, 3.928, 0.000, 
135, 4, 0, 150.382, 1432.745, 39.845, 568.499, 16.261, 526.330, 656.995, 0.000, 908.749, 0.000, 0.942, 3.046, 0.000, 
135, 4, 0, 149.211, 1371.459, 35.356, 1146.957, 20.308, 557.639, 1064.001, 0.000, 545.907, 0.000, 0.631, 8.817, 0.000, 
135, 4, 0, 148.088, 1392.559, 44.404, 707.120, 16.862, 971.848, 520.459, 0.000, 518.575, 0.000, 0.982, 3.847, 0.000, 
135, 4, 0, 150.994, 1430.880, 44.714, 1120.868, 20.719, 561.065, 1074.140, 0.000, 550.875, 0.000, 0.661, 3.046, 0.000, 
135, 4, 0, 147.457, 1399.342, 26.199, 546.378, 16.441, 524.937, 656.906, 0.000, 967.379, 0.000, 0.791, 3.968, 0.000, 
135, 4, 0, 148.930, 1368.373, 31.990, 562.067, 15.609, 522.413, 618.784, 0.000, 1034.906, 0.000, 0.931, 3.045, 0.000, 
136, 4, 0, 150.803, 1417.266, 37.180, 568.760, 16.832, 528.754, 629.524, 0.000, 926.262, 0.000, 0.841, 3.848, 0.000, 
136, 4, 0, 148.299, 1392.949, 43.942, 1234.431, 15.559, 562.047, 1082.275, 0.000, 553.440, 0.000, 0.501, 9.538, 0.000, 
136, 4, 0, 151.745, 1404.100, 43.633, 657.387, 16.551, 1028.574, 625.476, 0.000, 1068.610, 0.000, 0.641, 3.767, 0.000, 
136, 4, 0, 152.457, 1338.316, 47.980, 577.095, 16.160, 524.656, 524.066, 0.000, 522.623, 0.000, 0.791, 3.928, 0.000, 
136, 4, 0, 149.421, 1340.010, 27.080, 1200.938, 15.770, 569.902, 1048.892, 0.000, 551.517, 0.000, 0.662, 3.767, 0.000, 
136, 4, 0, 174.528, 1361.240, 45.215, 574.010, 21.040, 535.818, 659.661, 0.000, 1036.349, 0.000, 0.561, 3.045, 0.000, 
136, 4, 0, 143.510, 1340.782, 38.612, 573.578, 16.531, 529.135, 523.544, 0.000, 521.981, 0.000, 0.441, 3.888, 0.000, 
136, 4, 0, 146.345, 1301.137, 26.169, 1223.000, 21.039, 563.409, 1048.241, 0.000, 569.791, 0.000, 0.771, 3.888, 0.000, 
136, 4, 0, 148.028, 1317.939, 34.665, 1163.919, 16.601, 565.723, 1073.579, 0.000, 554.202, 0.000, 0.792, 8.817, 0.000, 
136, 4, 0, 147.027, 1351.511, 35.085, 655.131, 15.769, 1031.630, 527.071, 0.000, 517.132, 0.000, 0.772, 3.887, 0.000, 
137, 4, 0, 159.199, 1436.321, 46.277, 716.017, 15.970, 1081.454, 527.472, 0.000, 528.153, 0.000, 0.571, 3.005, 0.000, 
137, 4, 0, 152.637, 1420.842, 28.163, 558.881, 16.361, 536.559, 671.864, 0.000, 932.955, 0.000, 0.992, 3.086, 0.000, 
137, 4, 0, 150.713, 1415.092, 39.243, 1090.420, 23.805, 570.132, 1096.021, 0.000, 556.607, 0.000, 0.681, 8.776, 0.000, 
137, 4, 0, 150.473, 1317.527, 38.562, 707.500, 19.437, 1013.205, 522.903, 0.000, 525.869, 0.000, 0.290, 3.206, 0.000, 
137, 4, 0, 154.731, 1441.200, 45.306, 1113.755, 20.378, 565.383, 523.224, 0.000, 526.710, 0.000, 0.651, 3.847, 0.000, 
137, 4, 0, 149.722, 1381.007, 36.108, 572.446, 15.899, 540.145, 660.362, 0.000, 1025.929, 0.000, 0.882, 3.046, 0.000, 
137, 4, 0, 149.381, 1324.421, 44.454, 584.359, 15.900, 529.236, 678.476, 0.000, 987.136, 0.000, 0.742, 3.968, 0.000, 
137, 4, 0, 147.477, 1344.348, 44.484, 583.447, 15.759, 529.014, 664.750, 0.000, 1011.702, 0.000, 0.922, 3.887, 0.000, 
137, 4, 0, 154.861, 1416.995, 36.639, 571.394, 15.740, 537.581, 671.483, 0.000, 908.909, 0.000, 0.671, 3.767, 0.000, 
137, 4, 0, 155.622, 1435.159, 27.361, 1088.817, 18.465, 568.830, 526.710, 0.000, 525.789, 0.000, 0.752, 3.927, 0.000, 
138, 4, 0, 151.696, 1438.936, 46.728, 579.219, 16.742, 539.605, 673.827, 0.000, 980.244, 0.000, 0.281, 3.046, 0.000, 
138, 4, 0, 152.797, 1406.685, 45.836, 1171.443, 22.242, 573.789, 1081.954, 0.000, 561.416, 0.000, 1.152, 9.297, 0.000, 
138, 4, 0, 154.570, 1400.554, 46.047, 721.707, 15.579, 955.637, 646.326, 0.000, 1044.404, 0.000, 0.611, 3.887, 0.000, 
138, 4, 0, 147.988, 1429.529, 45.415, 585.651, 16.071, 532.552, 1074.961, 0.000, 617.521, 0.000, 1.042, 3.005, 0.000, 
138, 4, 0, 151.014, 1345.921, 26.660, 565.654, 16.310, 536.038, 531.118, 0.000, 524.907, 0.000, 0.671, 3.888, 0.000, 
138, 4, 0, 151.535, 1423.236, 34.464, 576.103, 15.519, 538.513, 671.343, 0.000, 919.369, 0.000, 0.762, 3.887, 0.000, 
138, 4, 0, 151.154, 1414.731, 44.934, 1118.313, 18.234, 572.256, 1080.873, 0.000, 560.814, 0.000, 0.651, 3.125, 0.000, 
138, 4, 0, 144.331, 1403.670, 45.335, 1280.127, 23.034, 573.549, 1095.941, 0.000, 557.489, 0.000, 0.701, 3.887, 0.000, 
138, 4, 0, 154.451, 1411.895, 26.650, 1225.545, 21.901, 571.595, 1077.266, 0.000, 560.695, 0.000, 0.551, 3.126, 0.000, 
138, 4, 0, 149.732, 1399.943, 35.307, 1254.239, 16.591, 571.965, 1078.829, 0.000, 560.774, 0.000, 0.922, 3.046, 0.000, 
139, 4, 0, 155.873, 1353.094, 42.701, 1284.336, 22.312, 577.315, 1095.420, 0.000, 564.862, 0.000, 0.642, 3.928, 0.000, 
139, 4, 0, 153.479, 1343.246, 25.157, 1089.248, 16.491, 649.371, 1070.914, 0.000, 626.899, 0.000, 0.671, 3.887, 0.000, 
139, 4, 0, 154.461, 1447.201, 46.067, 579.149, 16.361, 538.914, 656.895, 0.000, 987.978, 0.000, 0.451, 3.887, 0.000, 
139, 4, 0, 152.106, 1425.471, 43.802, 1076.074, 23.514, 575.402, 538.773, 0.000, 533.563, 0.000, 0.621, 3.888, 0.000, 
139, 4, 0, 148.619, 1419.580, 25.338, 573.829, 15.429, 534.575, 679.567, 0.000, 953.793, 0.000, 0.621, 3.687, 0.000, 
139, 4, 0, 151.776, 1404.932, 43.682, 1126.989, 22.973, 576.053, 1090.651, 0.000, 560.935, 0.000, 0.582, 3.847, 0.000, 
139, 4, 0, 152.958, 1432.774, 27.191, 1228.190, 23.224, 578.207, 1101.271, 0.000, 562.659, 0.000, 0.662, 8.696, 0.000, 
139, 4, 0, 144.923, 1381.838, 42.781, 700.077, 16.261, 1020.729, 532.361, 0.000, 533.283, 0.000, 0.471, 3.847, 0.000, 
139, 4, 0, 145.072, 1392.078, 39.995, 586.644, 16.090, 545.746, 637.859, 0.000, 1034.265, 0.000, 0.691, 3.807, 0.000, 
139, 4, 0, 164.570, 1453.814, 42.861, 715.706, 17.553, 1074.440, 537.170, 0.000, 534.165, 0.000, 0.561, 3.086, 0.000, 
140, 4, 0, 142.839, 1384.984, 26.690, 1204.315, 18.836, 581.333, 1074.681, 0.000, 553.842, 0.000, 0.310, 3.006, 0.000, 
140, 4, 0, 147.738, 1402.557, 41.228, 1172.044, 23.084, 581.604, 1081.233, 0.000, 566.786, 0.000, 0.551, 3.807, 0.000, 
140, 4, 0, 148.770, 1408.729, 24.216, 1192.843, 23.084, 581.844, 1104.638, 0.000, 566.866, 0.000, 0.642, 3.927, 0.000, 
140, 4, 0, 147.658, 1385.335, 24.536, 1215.336, 23.524, 582.706, 1089.489, 0.000, 563.700, 0.000, 1.032, 9.338, 0.000, 
140, 4, 0, 156.354, 1441.050, 35.567, 1130.055, 16.611, 660.442, 652.016, 0.000, 993.869, 0.000, 0.631, 3.046, 0.000, 
140, 4, 0, 148.138, 1399.541, 34.706, 585.431, 16.280, 539.574, 686.431, 0.000, 919.609, 0.000, 0.662, 3.887, 0.000, 
140, 4, 0, 151.345, 1412.606, 45.576, 1169.319, 23.033, 580.542, 1101.111, 0.000, 566.585, 0.000, 0.802, 3.848, 0.000, 
140, 4, 0, 145.113, 1382.790, 43.081, 1337.325, 23.354, 580.222, 1094.659, 0.000, 565.183, 0.000, 0.751, 8.616, 0.000, 
140, 4, 0, 153.148, 1444.406, 25.838, 665.011, 16.521, 1030.638, 653.899, 0.000, 1050.095, 0.000, 0.922, 3.967, 0.000, 
140, 4, 0, 156.654, 1423.407, 32.210, 578.317, 15.700, 543.392, 682.363, 0.000, 918.527, 0.000, 0.662, 3.046, 0.000, 
141, 4, 0, 159.390, 1425.100, 26.861, 1111.691, 21.290, 588.146, 543.462, 0.000, 541.018, 0.000, 0.672, 3.888, 0.000, 
141, 4, 0, 153.949, 1441.911, 35.136, 584.620, 15.870, 550.575, 663.888, 0.000, 991.865, 0.000, 0.611, 3.045, 0.000, 
141, 4, 0, 158.038, 1464.854, 46.277, 1068.619, 22.302, 584.780, 537.811, 0.000, 543.943, 0.000, 1.022, 3.085, 0.000, 
141, 4, 0, 151.214, 1411.384, 27.592, 572.948, 15.829, 545.335, 701.679, 0.000, 968.421, 0.000, 1.253, 3.887, 0.000, 
141, 4, 0, 151.184, 1433.786, 26.519, 1105.789, 20.509, 581.855, 546.147, 0.000, 540.777, 0.000, 1.052, 3.085, 0.000, 
141, 4, 0, 155.893, 1401.095, 45.085, 595.750, 15.920, 553.832, 669.879, 0.000, 987.577, 0.000, 0.652, 3.086, 0.000, 
141, 4, 0, 154.521, 1423.647, 34.104, 1093.156, 23.344, 582.365, 543.141, 0.000, 537.972, 0.000, 0.902, 3.888, 0.000, 
141, 4, 0, 155.292, 1421.353, 34.896, 702.081, 16.210, 1101.271, 541.739, 0.000, 539.494, 0.000, 0.441, 3.847, 0.000, 
141, 4, 0, 166.142, 1431.481, 45.475, 740.152, 16.451, 1071.895, 538.292, 0.000, 536.649, 0.000, 1.433, 4.008, 0.000, 
141, 4, 0, 154.039, 1397.608, 30.598, 581.764, 16.351, 551.237, 707.380, 0.000, 911.554, 0.000, 0.791, 3.888, 0.000, 
142, 4, 0, 159.169, 1449.296, 37.260, 1076.795, 23.724, 585.962, 546.187, 0.000, 544.544, 0.000, 0.732, 3.888, 0.000, 
142, 4, 0, 152.877, 1417.536, 38.462, 597.063, 16.491, 550.535, 702.882, 0.000, 939.807, 0.000, 0.771, 3.767, 0.000, 
142, 4, 0, 159.289, 1395.244, 35.066, 1125.466, 20.589, 594.799, 547.149, 0.000, 546.027, 0.000, 1.382, 3.887, 0.000, 
142, 4, 0, 157.596, 1420.792, 26.079, 574.891, 15.720, 555.264, 682.644, 0.000, 1008.056, 0.000, 0.942, 3.046, 0.000, 
142, 4, 0, 159.360, 1430.640, 46.928, 1079.280, 23.033, 587.024, 546.708, 0.000, 544.584, 0.000, 0.782, 3.967, 0.000, 
142, 4, 0, 159.050, 1425.911, 46.988, 597.794, 16.231, 550.515, 1093.968, 0.000, 613.634, 0.000, 0.701, 3.848, 0.000, 
142, 4, 0, 157.005, 1466.187, 29.816, 716.868, 16.761, 1079.930, 541.619, 0.000, 545.265, 0.000, 0.742, 3.888, 0.000, 
142, 4, 0, 152.887, 1422.746, 44.935, 595.180, 16.741, 552.539, 1101.902, 0.000, 585.301, 0.000, 0.541, 3.046, 0.000, 
142, 4, 0, 157.216, 1430.490, 46.017, 751.614, 17.413, 1072.306, 541.538, 0.000, 544.183, 0.000, 0.891, 3.206, 0.000, 
142, 4, 0, 157.346, 1435.429, 45.125, 593.897, 16.802, 549.313, 1099.808, 0.000, 618.604, 0.000, 0.491, 3.807, 0.000, 
143, 4, 0, 152.917, 1418.849, 45.525, 596.061, 15.859, 555.955, 1108.976, 0.000, 596.321, 0.000, 0.871, 3.166, 0.000, 
143, 4, 0, 153.628, 1444.888, 45.425, 598.425, 16.592, 556.407, 1103.345, 0.000, 612.392, 0.000, 0.622, 3.927, 0.000, 
143, 4, 0, 159.069, 1448.424, 44.864, 716.157, 15.820, 1107.633, 554.803, 0.000, 547.990, 0.000, 0.792, 9.257, 0.000, 
143, 4, 0, 170.751, 1488.849, 41.909, 1138.802, 18.825, 639.993, 1114.415, 0.000, 594.958, 0.000, 0.902, 3.246, 0.000, 
143, 4, 0, 149.090, 1371.089, 25.598, 581.072, 17.152, 557.498, 682.152, 0.000, 1030.818, 0.000, 0.831, 3.166, 0.000, 
143, 4, 0, 156.735, 1431.482, 46.978, 606.430, 17.392, 555.735, 1109.827, 0.000, 617.401, 0.000, 1.092, 3.046, 0.000, 
143, 4, 0, 154.650, 1424.690, 44.393, 598.215, 16.511, 556.867, 1105.368, 0.000, 629.905, 0.000, 1.163, 3.767, 0.000, 
143, 4, 0, 156.705, 1425.470, 44.424, 604.537, 16.812, 555.535, 1108.434, 0.000, 581.013, 0.000, 0.802, 3.006, 0.000, 
143, 4, 0, 162.165, 1437.844, 26.560, 689.417, 16.250, 1082.445, 550.675, 0.000, 552.279, 0.000, 1.042, 3.006, 0.000, 
143, 4, 0, 156.814, 1445.058, 45.876, 724.643, 16.160, 1087.695, 680.930, 0.000, 1063.279, 0.000, 0.792, 3.807, 0.000, 
144, 4, 0, 157.286, 1403.188, 38.753, 1147.808, 22.162, 598.025, 555.164, 0.000, 552.559, 0.000, 0.831, 3.847, 0.000, 
144, 4, 0, 155.221, 1391.247, 35.968, 597.854, 16.131, 554.894, 719.412, 0.000, 947.302, 0.000, 0.702, 3.967, 0.000, 
144, 4, 0, 154.080, 1364.416, 40.456, 1143.600, 22.212, 598.857, 553.762, 0.000, 552.479, 0.000, 0.401, 3.967, 0.000, 
144, 4, 0, 157.958, 1364.956, 45.366, 606.270, 16.641, 560.273, 724.833, 0.000, 987.336, 0.000, 1.083, 3.086, 0.000, 
144, 4, 0, 158.107, 1362.352, 44.433, 1153.479, 22.803, 594.027, 554.803, 0.000, 547.149, 0.000, 1.132, 3.887, 0.000, 
144, 4, 0, 158.809, 1355.639, 45.375, 608.193, 15.900, 561.345, 682.673, 0.000, 1013.225, 0.000, 0.972, 3.045, 0.000, 
144, 4, 0, 157.897, 1360.990, 41.428, 1210.506, 20.989, 596.992, 1113.454, 0.000, 581.414, 0.000, 0.812, 3.086, 0.000, 
144, 4, 0, 157.315, 1408.939, 25.698, 1136.507, 22.202, 598.406, 550.195, 0.000, 546.668, 0.000, 0.802, 3.046, 0.000, 
144, 4, 0, 153.619, 1349.227, 40.226, 600.720, 16.020, 563.961, 690.369, 0.000, 1059.553, 0.000, 0.501, 3.927, 0.000, 
144, 4, 0, 163.728, 1451.039, 33.493, 1072.978, 26.811, 593.897, 551.677, 0.000, 551.397, 0.000, 0.591, 3.006, 0.000, 
145, 4, 0, 156.264, 1462.019, 29.405, 752.996, 18.826, 1061.887, 728.109, 0.000, 1031.180, 0.000, 0.651, 3.045, 0.000, 
145, 4, 0, 158.688, 1418.899, 32.881, 1114.876, 21.681, 601.902, 559.051, 0.000, 551.757, 0.000, 0.722, 3.046, 0.000, 
145, 4, 0, 160.923, 1425.691, 36.278, 1123.733, 21.670, 593.997, 554.964, 0.000, 553.320, 0.000, 0.551, 3.246, 0.000, 
145, 4, 0, 157.947, 1431.081, 25.879, 726.787, 19.918, 1067.327, 728.450, 0.000, 1013.344, 0.000, 0.881, 3.888, 0.000, 
145, 4, 0, 165.792, 1461.038, 46.307, 1097.784, 21.962, 597.404, 559.772, 0.000, 551.918, 0.000, 0.822, 3.807, 0.000, 
145, 4, 0, 153.759, 1374.665, 43.311, 1166.493, 22.141, 602.382, 559.573, 0.000, 551.678, 0.000, 0.921, 3.045, 0.000, 
145, 4, 0, 152.056, 1420.331, 27.061, 752.355, 20.408, 1066.966, 736.235, 0.000, 1012.184, 0.000, 0.751, 3.888, 0.000, 
145, 4, 0, 156.585, 1426.272, 32.311, 1118.493, 22.262, 600.489, 557.929, 0.000, 556.206, 0.000, 0.842, 3.847, 0.000, 
145, 4, 0, 157.667, 1467.319, 27.472, 748.748, 20.319, 1071.265, 745.382, 0.000, 1017.153, 0.000, 0.682, 3.046, 0.000, 
145, 4, 0, 157.476, 1380.136, 44.764, 1164.530, 22.662, 602.653, 558.170, 0.000, 556.727, 0.000, 0.671, 3.767, 0.000, 
146, 4, 0, 159.390, 1440.499, 31.830, 761.793, 18.865, 1075.723, 738.680, 0.000, 1002.405, 0.000, 0.762, 3.887, 0.000, 
146, 4, 0, 165.361, 1452.030, 38.973, 1115.347, 21.571, 604.327, 561.576, 0.000, 555.525, 0.000, 0.942, 3.848, 0.000, 
146, 4, 0, 161.484, 1457.100, 48.872, 1101.461, 21.431, 601.612, 561.135, 0.000, 556.086, 0.000, 0.662, 3.126, 0.000, 
146, 4, 0, 162.545, 1454.826, 23.885, 1130.216, 21.811, 602.823, 561.416, 0.000, 555.845, 0.000, 0.852, 3.847, 0.000, 
146, 4, 0, 159.289, 1442.814, 24.285, 729.532, 16.230, 1077.686, 739.651, 0.000, 1037.551, 0.000, 0.832, 3.005, 0.000, 
146, 4, 0, 161.755, 1472.559, 45.796, 1084.980, 21.640, 602.262, 562.859, 0.000, 555.284, 0.000, 0.641, 3.768, 0.000, 
146, 4, 0, 159.890, 1447.312, 49.894, 1106.922, 21.781, 601.611, 561.536, 0.000, 558.130, 0.000, 0.531, 3.005, 0.000, 
146, 4, 0, 157.526, 1416.043, 30.607, 1120.076, 21.010, 602.553, 566.785, 0.000, 559.172, 0.000, 0.551, 3.847, 0.000, 
146, 4, 0, 160.612, 1435.900, 45.405, 1111.850, 22.282, 602.974, 562.458, 0.000, 555.445, 0.000, 0.811, 3.286, 0.000, 
146, 4, 0, 161.644, 1440.128, 38.543, 766.532, 16.361, 1033.543, 732.177, 0.000, 995.432, 0.000, 0.952, 3.887, 0.000, 
147, 4, 0, 161.473, 1462.771, 42.350, 1107.112, 21.912, 606.130, 565.423, 0.000, 559.011, 0.000, 0.762, 3.166, 0.000, 
147, 4, 0, 161.414, 1434.798, 44.915, 1103.275, 21.951, 607.011, 565.343, 0.000, 561.176, 0.000, 0.711, 3.086, 0.000, 
147, 4, 0, 165.582, 1449.375, 45.075, 785.247, 17.102, 1009.518, 743.628, 0.000, 1011.222, 0.000, 1.002, 3.847, 0.000, 
147, 4, 0, 160.322, 1433.656, 31.158, 1125.185, 21.199, 605.538, 561.416, 0.000, 561.255, 0.000, 0.651, 3.166, 0.000, 
147, 4, 0, 159.691, 1426.061, 25.739, 781.260, 18.545, 1048.993, 714.093, 0.000, 1043.001, 0.000, 0.682, 3.126, 0.000, 
147, 4, 0, 159.089, 1434.127, 49.022, 1113.424, 21.350, 608.014, 568.389, 0.000, 558.690, 0.000, 0.792, 4.008, 0.000, 
147, 4, 0, 157.807, 1440.398, 45.255, 1080.030, 22.021, 606.129, 567.627, 0.000, 563.139, 0.000, 0.340, 3.086, 0.000, 
147, 4, 0, 160.953, 1437.663, 30.507, 1083.808, 21.170, 608.955, 567.026, 0.000, 559.371, 0.000, 1.022, 3.887, 0.000, 
147, 4, 0, 155.373, 1428.606, 25.167, 754.820, 16.170, 1066.024, 747.366, 0.000, 1014.147, 0.000, 1.002, 3.166, 0.000, 
147, 4, 0, 158.699, 1435.810, 34.434, 1133.281, 21.871, 604.607, 567.467, 0.000, 563.219, 0.000, 0.972, 3.006, 0.000, 
148, 4, 0, 161.463, 1449.025, 34.645, 798.843, 15.459, 1030.307, 719.603, 0.000, 1011.182, 0.000, 0.722, 3.847, 0.000, 
148, 4, 0, 162.896, 1435.981, 37.831, 1131.177, 21.471, 610.087, 571.755, 0.000, 563.339, 0.000, 0.541, 3.927, 0.000, 
148, 4, 0, 166.443, 1455.206, 45.405, 1127.430, 20.979, 614.496, 564.381, 0.000, 569.310, 0.000, 0.771, 3.888, 0.000, 
148, 4, 0, 171.473, 1475.835, 37.440, 1030.838, 21.630, 605.869, 570.313, 0.000, 567.748, 0.000, 0.701, 3.767, 0.000, 
148, 4, 0, 167.324, 1484.632, 33.312, 750.201, 16.601, 1067.667, 715.916, 0.000, 990.944, 0.000, 1.012, 3.847, 0.000, 
148, 4, 0, 167.125, 1445.117, 27.943, 603.425, 15.760, 573.388, 1146.626, 0.000, 614.596, 0.000, 0.791, 3.887, 0.000, 
148, 4, 0, 164.610, 1483.450, 40.426, 770.228, 16.421, 1019.658, 726.386, 0.000, 945.939, 0.000, 0.802, 3.847, 0.000, 
148, 4, 0, 166.704, 1490.863, 44.214, 617.251, 18.205, 574.160, 1117.020, 0.000, 586.423, 0.000, 1.132, 8.696, 0.000, 
148, 4, 0, 169.749, 1474.864, 33.333, 1157.607, 16.271, 653.850, 1129.464, 0.000, 584.699, 0.000, 0.932, 8.696, 0.000, 
148, 4, 0, 199.706, 1667.866, 33.563, 1040.537, 22.332, 621.178, 762.935, 0.000, 1002.164, 0.000, 0.861, 9.337, 0.000, 
149, 4, 0, 199.044, 1848.616, 52.309, 1019.317, 24.476, 630.927, 802.268, 0.000, 950.627, 0.000, 0.972, 8.857, 0.000, 
149, 4, 0, 178.536, 1561.206, 43.903, 1343.527, 23.564, 614.265, 572.637, 0.000, 567.547, 0.000, 0.931, 3.126, 0.000, 
149, 4, 0, 163.308, 1487.978, 47.129, 625.506, 17.182, 581.463, 1125.346, 0.000, 592.514, 0.000, 1.382, 3.887, 0.000, 
149, 4, 0, 160.622, 1467.309, 46.317, 800.625, 16.952, 1013.937, 754.609, 0.000, 980.884, 0.000, 0.871, 3.928, 0.000, 
149, 4, 0, 159.811, 1461.187, 47.129, 1120.838, 23.214, 616.510, 572.636, 0.000, 572.797, 0.000, 0.852, 3.887, 0.000, 
149, 4, 0, 164.299, 1458.572, 40.115, 616.529, 16.761, 575.983, 1151.475, 0.000, 611.309, 0.000, 0.541, 3.807, 0.000, 
149, 4, 0, 159.880, 1473.912, 51.456, 798.752, 17.112, 1034.024, 752.115, 0.000, 996.474, 0.000, 0.882, 3.206, 0.000, 
149, 4, 0, 163.767, 1447.852, 26.821, 1059.954, 21.881, 615.557, 567.146, 0.000, 571.274, 0.000, 0.921, 3.847, 0.000, 
149, 4, 0, 164.660, 1479.031, 47.059, 622.671, 16.671, 582.475, 1149.141, 0.000, 589.549, 0.000, 0.561, 9.298, 0.000, 
149, 4, 0, 188.665, 1664.520, 49.392, 1195.989, 22.051, 615.016, 735.724, 0.000, 1031.058, 0.000, 1.433, 8.936, 0.000, 
150, 4, 0, 192.412, 1527.242, 32.822, 1239.351, 22.973, 618.283, 577.286, 0.000, 576.885, 0.000, 1.243, 3.847, 0.000, 
150, 4, 0, 160.111, 1419.980, 34.645, 1157.437, 22.242, 620.167, 576.244, 0.000, 574.600, 0.000, 0.802, 3.046, 0.000, 
150, 4, 0, 156.574, 1455.597, 46.778, 788.553, 16.871, 1034.074, 779.235, 0.000, 959.044, 0.000, 1.142, 3.887, 0.000, 
150, 4, 0, 160.692, 1457.421, 32.251, 615.477, 17.613, 580.822, 1153.940, 0.000, 606.260, 0.000, 0.871, 4.008, 0.000, 
150, 4, 0, 160.632, 1471.878, 26.911, 760.620, 16.491, 1083.617, 768.344, 0.000, 1015.069, 0.000, 0.942, 3.967, 0.000, 
150, 4, 0, 164.840, 1473.360, 44.755, 628.683, 17.062, 587.715, 1156.684, 0.000, 596.642, 0.000, 0.802, 3.887, 0.000, 
150, 4, 0, 172.234, 1481.126, 27.872, 783.633, 16.871, 987.206, 769.156, 0.000, 898.369, 0.000, 1.293, 3.888, 0.000, 
150, 4, 0, 161.404, 1455.517, 27.652, 1057.749, 22.051, 616.970, 578.968, 0.000, 577.686, 0.000, 0.782, 3.888, 0.000, 
150, 4, 0, 165.832, 1450.227, 28.173, 786.589, 16.711, 1072.887, 736.956, 0.000, 1014.909, 0.000, 1.202, 3.927, 0.000, 
150, 4, 0, 164.700, 1449.966, 31.058, 1087.224, 21.952, 617.041, 576.965, 0.000, 578.167, 0.000, 0.901, 4.008, 0.000, 
151, 4, 0, 161.614, 1470.164, 26.641, 1068.099, 21.511, 622.881, 580.652, 0.000, 575.923, 0.000, 1.212, 3.927, 0.000, 
151, 4, 0, 185.449, 1563.189, 39.594, 992.055, 22.022, 625.927, 579.931, 0.000, 579.650, 0.000, 1.002, 3.046, 0.000, 
151, 4, 0, 164.509, 1526.501, 41.868, 812.738, 18.004, 1024.687, 776.110, 0.000, 968.381, 0.000, 0.681, 4.208, 0.000, 
151, 4, 0, 163.026, 1459.264, 44.824, 1094.027, 22.102, 622.090, 574.760, 0.000, 579.089, 0.000, 1.242, 3.888, 0.000, 
151, 4, 0, 162.616, 1484.853, 26.399, 1063.470, 22.001, 623.021, 574.600, 0.000, 577.085, 0.000, 1.062, 3.888, 0.000, 
151, 4, 0, 163.528, 1486.014, 26.621, 1060.625, 21.641, 619.635, 575.322, 0.000, 574.159, 0.000, 1.022, 4.008, 0.000, 
151, 4, 0, 165.010, 1506.422, 38.512, 1055.444, 22.552, 621.478, 580.411, 0.000, 578.648, 0.000, 0.902, 3.847, 0.000, 
151, 4, 0, 163.507, 1476.106, 30.818, 621.238, 18.554, 589.638, 1171.643, 0.000, 598.004, 0.000, 1.032, 3.086, 0.000, 
151, 4, 0, 164.149, 1471.517, 43.622, 819.110, 17.032, 1004.208, 731.696, 0.000, 1008.216, 0.000, 0.901, 3.847, 0.000, 
151, 4, 0, 162.185, 1503.678, 25.889, 1068.800, 21.421, 622.461, 577.887, 0.000, 579.529, 0.000, 0.701, 3.887, 0.000, 
152, 4, 0, 168.988, 1489.571, 31.239, 1060.384, 22.462, 631.157, 579.449, 0.000, 581.854, 0.000, 1.042, 3.046, 0.000, 
152, 4, 0, 168.397, 1479.021, 44.844, 821.575, 16.741, 1001.704, 792.701, 0.000, 933.075, 0.000, 1.122, 3.927, 0.000, 
152, 4, 0, 167.855, 1528.014, 47.499, 832.786, 18.003, 1020.078, 1173.537, 0.000, 608.424, 0.000, 0.902, 8.897, 0.000, 
152, 4, 0, 169.338, 1451.039, 26.169, 1185.950, 16.922, 710.526, 1136.617, 0.000, 618.483, 0.000, 0.862, 4.127, 0.000, 
152, 4, 0, 154.911, 1413.067, 39.534, 1196.800, 21.170, 628.512, 583.978, 0.000, 582.175, 0.000, 0.751, 3.046, 0.000, 
152, 4, 0, 160.822, 1467.960, 51.617, 1153.670, 23.714, 624.745, 583.738, 0.000, 581.373, 0.000, 0.932, 3.046, 0.000, 
152, 4, 0, 164.109, 1476.176, 44.955, 637.118, 16.351, 584.019, 1123.222, 0.000, 603.695, 0.000, 0.882, 3.848, 0.000, 
152, 4, 0, 160.562, 1473.972, 41.167, 834.730, 16.691, 1025.578, 747.315, 0.000, 995.792, 0.000, 0.561, 3.046, 0.000, 
152, 4, 0, 167.856, 1489.270, 25.188, 780.277, 17.222, 1080.742, 784.515, 0.000, 943.814, 0.000, 1.022, 3.888, 0.000, 
152, 4, 0, 170.861, 1542.331, 45.245, 820.202, 17.753, 991.795, 750.160, 0.000, 994.590, 0.000, 1.052, 3.727, 0.000, 
153, 4, 0, 166.352, 1520.560, 48.141, 842.795, 16.682, 1021.641, 783.874, 0.000, 939.206, 0.000, 0.942, 4.007, 0.000, 
153, 4, 0, 166.363, 1508.627, 45.606, 834.069, 17.142, 992.546, 793.021, 0.000, 894.642, 0.000, 0.682, 3.887, 0.000, 
153, 4, 0, 168.937, 1518.656, 46.097, 801.868, 17.002, 1030.388, 772.723, 0.000, 936.040, 0.000, 0.782, 3.046, 0.000, 
153, 4, 0, 169.578, 1508.296, 46.838, 823.348, 17.433, 1020.680, 787.090, 0.000, 922.335, 0.000, 0.672, 3.847, 0.000, 
153, 4, 0, 172.153, 1535.798, 34.946, 812.288, 17.132, 988.269, 1173.677, 0.000, 622.771, 0.000, 0.441, 8.777, 0.000, 
153, 4, 0, 176.452, 1515.480, 46.367, 1227.869, 17.012, 650.614, 1150.283, 0.000, 618.202, 0.000, 0.611, 3.126, 0.000, 
153, 4, 0, 169.819, 1509.158, 28.083, 619.184, 17.122, 601.801, 1144.472, 0.000, 616.960, 0.000, 1.082, 3.888, 0.000, 
153, 4, 0, 179.608, 1526.992, 34.314, 824.520, 18.044, 1057.458, 787.611, 0.000, 910.271, 0.000, 0.721, 3.887, 0.000, 
153, 4, 0, 171.202, 1515.389, 36.819, 819.351, 16.631, 985.203, 1191.810, 0.000, 620.287, 0.000, 0.691, 9.337, 0.000, 
153, 4, 0, 166.614, 1477.929, 25.087, 1204.886, 16.932, 645.614, 1170.030, 0.000, 606.341, 0.000, 0.782, 9.258, 0.000, 
154, 4, 0, 176.732, 1556.197, 37.500, 1370.106, 21.841, 637.960, 587.545, 0.000, 585.461, 0.000, 0.992, 3.767, 0.000, 
154, 4, 0, 171.453, 1465.896, 45.496, 801.227, 17.153, 1056.888, 797.459, 0.000, 915.361, 0.000, 0.681, 4.007, 0.000, 
154, 4, 0, 170.861, 1538.373, 35.467, 821.084, 17.453, 986.325, 1189.497, 0.000, 664.088, 0.000, 0.712, 9.378, 0.000, 
154, 4, 0, 174.528, 1477.228, 28.414, 1215.105, 17.212, 653.629, 1139.583, 0.000, 621.489, 0.000, 0.662, 3.807, 0.000, 
154, 4, 0, 168.046, 1493.187, 24.456, 1089.619, 21.230, 635.545, 592.234, 0.000, 590.430, 0.000, 0.812, 3.848, 0.000, 
154, 4, 0, 171.522, 1527.453, 39.494, 791.508, 17.162, 1033.203, 1179.418, 0.000, 612.833, 0.000, 0.992, 3.888, 0.000, 
154, 4, 0, 174.939, 1493.018, 41.428, 823.869, 16.772, 1015.109, 762.043, 0.000, 999.680, 0.000, 0.682, 3.046, 0.000, 
154, 4, 0, 175.720, 1503.768, 42.209, 838.437, 17.332, 1008.536, 795.155, 0.000, 947.783, 0.000, 0.561, 3.126, 0.000, 
154, 4, 0, 168.808, 1497.696, 42.169, 639.011, 16.021, 594.258, 1181.481, 0.000, 614.956, 0.000, 0.791, 9.819, 0.000, 
154, 4, 0, 173.457, 1503.447, 40.316, 1219.092, 16.511, 662.035, 1148.639, 0.000, 622.570, 0.000, 0.691, 3.206, 0.000, 
155, 4, 0, 169.929, 1485.133, 42.720, 646.195, 16.862, 596.412, 1183.716, 0.000, 623.293, 0.000, 0.440, 9.217, 0.000, 
155, 4, 0, 174.488, 1509.599, 46.598, 1230.384, 17.022, 661.855, 1139.583, 0.000, 625.537, 0.000, 0.791, 3.206, 0.000, 
155, 4, 0, 170.902, 1490.543, 27.672, 1080.472, 21.681, 634.203, 591.312, 0.000, 593.435, 0.000, 1.032, 3.928, 0.000, 
155, 4, 0, 165.492, 1519.888, 40.636, 820.102, 16.491, 1037.000, 765.790, 0.000, 1006.573, 0.000, 0.591, 3.927, 0.000, 
155, 4, 0, 172.354, 1496.894, 42.810, 844.828, 17.583, 1010.821, 1193.905, 0.000, 627.379, 0.000, 0.722, 3.888, 0.000, 
155, 4, 0, 172.895, 1512.785, 26.259, 783.483, 16.962, 1034.756, 803.501, 0.000, 944.897, 0.000, 0.781, 3.927, 0.000, 
155, 4, 0, 172.254, 1543.652, 29.265, 822.016, 16.651, 1003.056, 1186.191, 0.000, 635.756, 0.000, 0.932, 8.697, 0.000, 
155, 4, 0, 173.206, 1489.541, 40.927, 1236.545, 16.191, 646.787, 1149.361, 0.000, 625.336, 0.000, 0.551, 3.085, 0.000, 
155, 4, 0, 173.046, 1515.279, 40.587, 646.286, 16.611, 598.826, 1165.412, 0.000, 630.386, 0.000, 0.651, 9.297, 0.000, 
155, 4, 0, 177.294, 1517.323, 41.588, 1226.507, 16.821, 663.768, 1147.958, 0.000, 624.214, 0.000, 0.651, 3.968, 0.000, 
156, 4, 0, 171.793, 1498.748, 29.536, 827.436, 17.453, 1082.315, 811.646, 0.000, 949.706, 0.000, 0.430, 3.887, 0.000, 
156, 4, 0, 171.272, 1495.853, 29.255, 828.538, 16.421, 1073.388, 816.346, 0.000, 947.342, 0.000, 0.581, 3.887, 0.000, 
156, 4, 0, 168.416, 1508.377, 31.640, 1080.512, 21.470, 638.381, 599.207, 0.000, 596.883, 0.000, 0.501, 3.005, 0.000, 
156, 4, 0, 169.930, 1492.727, 23.274, 787.110, 16.602, 1038.944, 807.899, 0.000, 928.225, 0.000, 0.541, 3.046, 0.000, 
156, 4, 0, 168.577, 1499.209, 38.642, 855.599, 17.022, 1027.833, 815.714, 0.000, 941.491, 0.000, 0.441, 3.126, 0.000, 
156, 4, 0, 170.501, 1521.431, 44.885, 843.426, 17.182, 1005.871, 810.824, 0.000, 970.745, 0.000, 1.122, 4.088, 0.000, 
156, 4, 0, 172.374, 1510.501, 37.540, 638.140, 16.781, 605.819, 1191.190, 0.000, 622.771, 0.000, 0.731, 8.697, 0.000, 
156, 4, 0, 173.496, 1504.549, 41.088, 1234.772, 17.473, 649.191, 1148.039, 0.000, 629.103, 0.000, 0.501, 3.006, 0.000, 
156, 4, 0, 169.138, 1525.499, 43.101, 1041.850, 21.760, 640.274, 599.968, 0.000, 592.554, 0.000, 0.812, 9.178, 0.000, 
156, 4, 0, 178.857, 1522.733, 34.155, 1394.513, 21.811, 640.224, 600.208, 0.000, 597.042, 0.000, 0.411, 3.046, 0.000, 
157, 4, 0, 169.549, 1495.913, 37.922, 857.122, 18.164, 1037.952, 778.033, 0.000, 939.366, 0.000, 0.691, 3.887, 0.000, 
157, 4, 0, 174.128, 1523.214, 43.552, 812.218, 16.541, 1052.559, 818.789, 0.000, 945.458, 0.000, 0.632, 3.887, 0.000, 
157, 4, 0, 172.114, 1528.675, 26.019, 842.123, 17.333, 991.836, 1205.467, 0.000, 616.440, 0.000, 0.791, 3.887, 0.000, 
157, 4, 0, 174.909, 1525.579, 37.190, 858.715, 16.572, 994.561, 1204.425, 0.000, 627.179, 0.000, 0.701, 9.258, 0.000, 
157, 4, 0, 178.656, 1551.507, 31.329, 1366.410, 22.773, 648.820, 603.414, 0.000, 602.012, 0.000, 1.052, 3.927, 0.000, 
157, 4, 0, 167.525, 1473.151, 38.783, 862.181, 16.792, 1031.490, 781.370, 0.000, 1003.366, 0.000, 0.932, 3.927, 0.000, 
157, 4, 0, 172.725, 1478.831, 39.164, 812.628, 17.212, 1052.640, 814.992, 0.000, 950.588, 0.000, 1.022, 3.848, 0.000, 
157, 4, 0, 172.334, 1480.213, 35.516, 1077.366, 21.490, 643.590, 603.175, 0.000, 600.890, 0.000, 0.621, 3.166, 0.000, 
157, 4, 0, 172.183, 1502.967, 40.326, 835.431, 16.421, 1040.016, 811.176, 0.000, 924.699, 0.000, 0.330, 3.927, 0.000, 
157, 4, 0, 172.575, 1505.711, 36.449, 858.014, 16.290, 1042.169, 776.671, 0.000, 955.997, 0.000, 0.882, 3.847, 0.000, 
158, 4, 0, 175.650, 1499.309, 42.630, 821.615, 16.762, 1049.614, 825.623, 0.000, 970.786, 0.000, 0.911, 3.005, 0.000, 
158, 4, 0, 172.505, 1523.465, 41.468, 860.037, 17.122, 1013.095, 789.614, 0.000, 1003.406, 0.000, 0.982, 3.286, 0.000, 
158, 4, 0, 176.803, 1508.126, 41.298, 821.034, 16.711, 1043.522, 796.227, 0.000, 995.111, 0.000, 0.891, 4.008, 0.000, 
158, 4, 0, 172.704, 1532.401, 32.061, 835.852, 18.144, 984.562, 793.502, 0.000, 947.101, 0.000, 0.771, 2.885, 0.000, 
158, 4, 0, 175.420, 1522.212, 43.151, 877.140, 18.184, 992.065, 821.434, 0.000, 968.221, 0.000, 0.682, 3.847, 0.000, 
158, 4, 0, 179.077, 1508.717, 43.462, 869.616, 16.481, 933.555, 824.380, 0.000, 884.023, 0.000, 0.712, 3.086, 0.000, 
158, 4, 0, 169.920, 1510.921, 40.436, 659.220, 16.240, 616.529, 1166.674, 0.000, 642.929, 0.000, 0.431, 4.128, 0.000, 
158, 4, 0, 172.054, 1473.290, 24.335, 635.555, 16.992, 610.849, 1122.161, 0.000, 634.473, 0.000, 0.772, 9.497, 0.000, 
158, 4, 0, 178.706, 1521.681, 38.172, 1421.353, 21.851, 652.067, 607.703, 0.000, 605.258, 0.000, 0.992, 3.888, 0.000, 
158, 4, 0, 176.893, 1465.396, 40.476, 866.139, 16.511, 1040.657, 784.274, 0.000, 1009.818, 0.000, 1.012, 3.847, 0.000, 
159, 4, 0, 175.520, 1499.589, 34.986, 833.758, 17.854, 1033.604, 1218.391, 0.000, 640.725, 0.000, 0.581, 8.816, 0.000, 
159, 4, 0, 180.780, 1501.414, 24.035, 1402.818, 23.575, 653.719, 611.670, 0.000, 605.418, 0.000, 0.972, 3.808, 0.000, 
159, 4, 0, 175.681, 1517.984, 40.747, 845.751, 17.272, 1057.929, 829.389, 0.000, 946.860, 0.000, 0.751, 3.046, 0.000, 
159, 4, 0, 176.752, 1513.947, 41.779, 859.737, 17.173, 1023.034, 1217.880, 0.000, 629.143, 0.000, 0.922, 8.816, 0.000, 
159, 4, 0, 180.880, 1524.036, 29.285, 1254.108, 19.436, 658.027, 1149.682, 0.000, 647.498, 0.000, 0.881, 3.887, 0.000, 
159, 4, 0, 176.603, 1518.245, 33.143, 845.871, 16.992, 1074.020, 804.754, 0.000, 999.279, 0.000, 0.782, 4.047, 0.000, 
159, 4, 0, 180.179, 1510.601, 36.208, 872.641, 16.661, 995.121, 793.152, 0.000, 1004.248, 0.000, 0.651, 3.046, 0.000, 
159, 4, 0, 183.435, 1537.001, 41.819, 863.754, 17.353, 1010.410, 1223.049, 0.000, 627.981, 0.000, 0.751, 8.816, 0.000, 
159, 4, 0, 176.702, 1510.721, 26.089, 1174.208, 17.213, 644.342, 1225.345, 0.000, 641.005, 0.000, 0.892, 9.057, 0.000, 
159, 4, 0, 179.427, 1527.302, 40.275, 1251.884, 19.597, 653.779, 1161.745, 0.000, 644.492, 0.000, 0.902, 3.767, 0.000, 
160, 4, 0, 172.835, 1509.468, 29.355, 644.141, 17.062, 619.044, 1175.811, 0.000, 650.383, 0.000, 0.622, 3.046, 0.000, 
160, 4, 0, 175.409, 1527.652, 33.023, 850.720, 17.273, 1029.817, 1220.014, 0.000, 635.355, 0.000, 0.591, 8.656, 0.000, 
160, 4, 0, 181.632, 1535.096, 23.505, 1401.826, 22.552, 655.322, 617.201, 0.000, 611.390, 0.000, 0.752, 3.046, 0.000, 
160, 4, 0, 182.713, 1572.127, 40.366, 882.479, 17.072, 1007.274, 1231.807, 0.000, 635.315, 0.000, 1.022, 8.857, 0.000, 
160, 4, 0, 179.257, 1502.035, 41.298, 1173.938, 17.643, 656.745, 1177.775, 0.000, 653.590, 0.000, 0.822, 3.887, 0.000, 
160, 4, 0, 181.041, 1519.647, 42.050, 875.617, 17.463, 1020.509, 1231.456, 0.000, 641.126, 0.000, 0.681, 8.857, 0.000, 
160, 4, 0, 188.063, 1541.399, 30.758, 1387.760, 22.643, 660.552, 813.941, 0.000, 1014.148, 0.000, 0.782, 9.337, 0.000, 
160, 4, 0, 193.664, 1563.841, 26.499, 1226.446, 23.264, 655.833, 609.506, 0.000, 612.271, 0.000, 1.002, 3.887, 0.000, 
160, 4, 0, 182.603, 1455.947, 28.274, 841.373, 17.072, 1027.973, 847.013, 0.000, 954.475, 0.000, 0.742, 3.006, 0.000, 
160, 4, 0, 171.132, 1466.448, 24.205, 1132.520, 22.211, 655.362, 608.865, 0.000, 611.791, 0.000, 0.762, 3.927, 0.000, 
161, 4, 0, 183.595, 1500.863, 41.799, 859.566, 18.475, 1031.841, 1235.994, 0.000, 648.700, 0.000, 1.052, 3.046, 0.000, 
161, 4, 0, 180.449, 1465.095, 26.791, 1279.336, 16.491, 656.825, 1233.069, 0.000, 647.979, 0.000, 0.882, 9.338, 0.000, 
161, 4, 0, 173.767, 1483.079, 40.686, 1265.860, 16.972, 666.924, 1186.111, 0.000, 654.791, 0.000, 0.992, 3.847, 0.000, 
161, 4, 0, 179.007, 1494.711, 25.218, 646.205, 16.982, 621.349, 1172.604, 0.000, 651.305, 0.000, 1.113, 3.888, 0.000, 
161, 4, 0, 172.094, 1489.450, 23.535, 651.405, 16.000, 619.835, 1134.142, 0.000, 645.734, 0.000, 0.772, 9.338, 0.000, 
161, 4, 0, 180.119, 1515.830, 26.750, 1267.152, 16.961, 655.342, 1175.049, 0.000, 646.296, 0.000, 0.932, 3.808, 0.000, 
161, 4, 0, 178.856, 1445.018, 42.329, 663.608, 16.531, 623.743, 1177.294, 0.000, 638.601, 0.000, 0.652, 9.778, 0.000, 
161, 4, 0, 180.370, 1483.590, 24.345, 1246.093, 17.493, 674.699, 1178.737, 0.000, 655.272, 0.000, 0.431, 3.767, 0.000, 
161, 4, 0, 175.570, 1451.660, 41.488, 666.112, 16.532, 627.160, 1153.860, 0.000, 638.921, 0.000, 0.762, 8.737, 0.000, 
161, 4, 0, 173.867, 1500.091, 42.520, 1274.938, 20.759, 659.310, 1173.446, 0.000, 653.508, 0.000, 0.762, 3.045, 0.000, 
162, 4, 0, 177.534, 1411.183, 41.698, 671.683, 16.972, 625.186, 1238.358, 0.000, 654.350, 0.000, 0.812, 9.017, 0.000, 
162, 4, 0, 179.378, 1420.811, 38.492, 1287.250, 17.624, 646.877, 1177.895, 0.000, 657.357, 0.000, 0.862, 3.887, 0.000, 
162, 4, 0, 184.828, 1447.171, 42.030, 1107.353, 23.023, 659.991, 621.448, 0.000, 621.088, 0.000, 0.671, 3.767, 0.000, 
162, 4, 0, 180.430, 1416.072, 24.085, 1130.616, 26.389, 664.670, 621.368, 0.000, 620.487, 0.000, 0.661, 3.888, 0.000, 
162, 4, 0, 176.852, 1405.213, 28.133, 657.406, 16.992, 630.155, 1162.827, 0.000, 647.698, 0.000, 0.751, 4.007, 0.000, 
162, 4, 0, 178.475, 1426.914, 23.274, 876.919, 18.114, 1022.633, 855.719, 0.000, 894.322, 0.000, 0.531, 3.927, 0.000, 
162, 4, 0, 175.671, 1479.161, 40.556, 887.989, 18.004, 1039.435, 822.607, 0.000, 998.477, 0.000, 0.922, 3.206, 0.000, 
162, 4, 0, 174.609, 1402.167, 23.554, 1149.682, 22.281, 660.702, 622.370, 0.000, 621.689, 0.000, 0.611, 3.927, 0.000, 
162, 4, 0, 180.359, 1447.262, 46.076, 900.012, 18.194, 1034.264, 854.837, 0.000, 943.735, 0.000, 0.651, 3.848, 0.000, 
162, 4, 0, 175.930, 1391.466, 41.318, 861.500, 17.633, 1055.625, 856.771, 0.000, 948.584, 0.000, 0.551, 3.887, 0.000, 
163, 4, 0, 177.073, 1432.614, 36.890, 671.713, 18.324, 628.391, 1244.159, 0.000, 658.599, 0.000, 0.401, 8.737, 0.000, 
163, 4, 0, 179.889, 1509.829, 41.949, 1183.025, 17.854, 656.966, 1243.388, 0.000, 658.398, 0.000, 0.932, 8.977, 0.000, 
163, 4, 0, 178.997, 1451.750, 43.442, 1295.105, 21.731, 661.845, 1189.637, 0.000, 661.965, 0.000, 1.362, 3.006, 0.000, 
163, 4, 0, 178.646, 1409.180, 33.633, 1125.416, 21.851, 666.454, 621.368, 0.000, 626.538, 0.000, 0.410, 3.928, 0.000, 
163, 4, 0, 183.585, 1446.961, 43.071, 904.120, 17.313, 1003.658, 855.579, 0.000, 944.056, 0.000, 1.012, 3.887, 0.000, 
163, 4, 0, 191.640, 1425.971, 44.433, 908.348, 16.982, 954.795, 859.265, 0.000, 892.519, 0.000, 1.332, 3.046, 0.000, 
163, 4, 0, 193.845, 1426.803, 26.580, 892.608, 16.992, 995.783, 872.811, 0.000, 1000.442, 0.000, 0.692, 3.847, 0.000, 
163, 4, 0, 181.061, 1443.444, 27.813, 861.891, 17.283, 1035.267, 1230.665, 0.000, 645.494, 0.000, 0.511, 3.126, 0.000, 
163, 4, 0, 189.697, 1498.989, 42.430, 1295.105, 16.882, 690.198, 1183.867, 0.000, 657.637, 0.000, 0.722, 3.848, 0.000, 
163, 4, 0, 179.848, 1413.438, 36.719, 670.000, 17.123, 629.775, 1139.012, 0.000, 644.492, 0.000, 0.671, 3.086, 0.000, 
164, 4, 0, 180.820, 1526.501, 36.037, 1294.294, 17.032, 668.296, 1183.145, 0.000, 656.435, 0.000, 0.731, 3.887, 0.000, 
164, 4, 0, 180.239, 1438.726, 28.834, 658.308, 17.132, 636.778, 1171.122, 0.000, 664.851, 0.000, 0.641, 3.807, 0.000, 
164, 4, 0, 185.870, 1436.481, 37.681, 670.531, 17.082, 633.842, 1177.975, 0.000, 651.144, 0.000, 0.691, 9.819, 0.000, 
164, 4, 0, 178.877, 1477.167, 26.810, 1280.818, 19.978, 669.760, 1191.881, 0.000, 664.209, 0.000, 0.701, 4.008, 0.000, 
164, 4, 0, 179.758, 1488.258, 34.906, 672.545, 17.082, 629.444, 1179.898, 0.000, 664.048, 0.000, 0.561, 3.887, 0.000, 
164, 4, 0, 182.012, 1447.122, 47.158, 883.221, 17.403, 1077.747, 832.315, 0.000, 1004.689, 0.000, 0.772, 3.887, 0.000, 
164, 4, 0, 178.075, 1430.320, 40.276, 865.327, 16.842, 1068.690, 872.500, 0.000, 958.482, 0.000, 1.092, 3.086, 0.000, 
164, 4, 0, 181.121, 1551.978, 42.951, 901.576, 17.843, 934.447, 1251.624, 0.000, 660.963, 0.000, 0.431, 8.976, 0.000, 
164, 4, 0, 175.119, 1417.025, 45.255, 1299.694, 17.362, 675.540, 1179.498, 0.000, 665.051, 0.000, 1.372, 4.008, 0.000, 
164, 4, 0, 174.939, 1502.415, 25.839, 896.907, 17.192, 993.678, 841.913, 0.000, 1005.090, 0.000, 1.162, 3.847, 0.000, 
165, 4, 0, 172.985, 1459.775, 31.579, 906.825, 17.202, 1010.079, 1228.510, 0.000, 662.886, 0.000, 0.701, 8.776, 0.000, 
165, 4, 0, 179.126, 1424.610, 46.117, 1301.828, 17.132, 670.551, 633.711, 0.000, 630.626, 0.000, 0.892, 3.206, 0.000, 
165, 4, 0, 179.488, 1429.458, 36.339, 679.248, 17.132, 638.150, 1225.886, 0.000, 666.894, 0.000, 0.681, 8.696, 0.000, 
165, 4, 0, 175.490, 1408.268, 37.100, 1252.806, 17.082, 661.133, 1167.125, 0.000, 650.383, 0.000, 0.981, 9.418, 0.000, 
165, 4, 0, 180.870, 1522.854, 29.866, 1358.024, 22.702, 675.059, 633.351, 0.000, 630.305, 0.000, 0.952, 3.847, 0.000, 
165, 4, 0, 174.838, 1495.933, 37.270, 879.454, 17.563, 1047.219, 1168.437, 0.000, 651.665, 0.000, 0.992, 8.697, 0.000, 
165, 4, 0, 177.994, 1519.297, 37.741, 1403.058, 21.661, 672.224, 630.947, 0.000, 626.177, 0.000, 1.001, 3.847, 0.000, 
165, 4, 0, 172.274, 1513.596, 28.865, 909.982, 17.172, 1015.680, 1257.354, 0.000, 661.123, 0.000, 0.692, 8.776, 0.000, 
165, 4, 0, 173.697, 1518.365, 22.152, 1284.385, 17.152, 671.803, 1192.563, 0.000, 669.539, 0.000, 0.911, 3.808, 0.000, 
165, 4, 0, 171.632, 1492.236, 43.202, 878.923, 16.692, 1059.473, 875.126, 0.000, 951.749, 0.000, 0.811, 3.807, 0.000, 
166, 4, 0, 176.421, 1513.617, 41.738, 935.629, 16.631, 938.776, 849.166, 0.000, 1008.577, 0.000, 0.812, 9.458, 0.000, 
166, 4, 0, 177.334, 1489.451, 25.478, 1287.682, 16.841, 677.374, 637.198, 0.000, 636.757, 0.000, 1.042, 3.767, 0.000, 
166, 4, 0, 187.653, 1507.264, 32.501, 925.460, 17.373, 891.727, 1160.912, 0.000, 659.320, 0.000, 0.811, 8.817, 0.000, 
166, 4, 0, 174.498, 1512.485, 34.865, 1421.663, 21.741, 680.039, 639.322, 0.000, 634.834, 0.000, 0.691, 4.088, 0.000, 
166, 4, 0, 181.562, 1467.109, 23.244, 868.173, 16.922, 1044.945, 1149.231, 0.000, 656.394, 0.000, 0.892, 9.778, 0.000, 
166, 4, 0, 176.782, 1501.253, 32.040, 1423.176, 21.350, 681.571, 636.517, 0.000, 638.521, 0.000, 0.862, 3.086, 0.000, 
166, 4, 0, 181.221, 1523.695, 37.992, 926.202, 16.361, 1007.354, 1189.397, 0.000, 672.505, 0.000, 0.992, 3.086, 0.000, 
166, 4, 0, 173.737, 1509.108, 42.320, 929.598, 17.333, 1018.265, 845.100, 0.000, 1013.906, 0.000, 1.072, 3.887, 0.000, 
166, 4, 0, 183.294, 1502.646, 32.130, 1304.653, 17.223, 675.020, 1193.404, 0.000, 672.665, 0.000, 0.772, 3.046, 0.000, 
166, 4, 0, 175.110, 1525.879, 31.749, 922.344, 17.453, 980.133, 1264.158, 0.000, 669.459, 0.000, 0.551, 9.458, 0.000, 
167, 4, 0, 175.390, 1508.777, 32.571, 1430.500, 22.402, 680.530, 640.525, 0.000, 638.681, 0.000, 0.571, 9.298, 0.000, 
167, 4, 0, 176.822, 1487.397, 29.385, 1441.561, 21.741, 687.793, 636.236, 0.000, 638.881, 0.000, 0.862, 9.218, 0.000, 
167, 4, 0, 185.128, 1488.950, 31.099, 1416.784, 21.630, 681.942, 642.127, 0.000, 634.232, 0.000, 0.822, 9.017, 0.000, 
167, 4, 0, 180.941, 1501.493, 28.884, 1298.592, 16.651, 678.977, 642.247, 0.000, 637.840, 0.000, 0.792, 3.206, 0.000, 
167, 4, 0, 178.075, 1473.360, 33.302, 928.816, 18.635, 1013.596, 1261.943, 0.000, 676.632, 0.000, 0.712, 9.458, 0.000, 
167, 4, 0, 181.582, 1522.142, 45.656, 1393.961, 23.064, 684.929, 637.358, 0.000, 634.593, 0.000, 0.662, 9.698, 0.000, 
167, 4, 0, 191.090, 1511.482, 47.971, 1351.943, 22.452, 678.526, 642.007, 0.000, 638.401, 0.000, 0.661, 9.337, 0.000, 
167, 4, 0, 181.892, 1506.052, 45.566, 1369.565, 22.793, 689.457, 634.874, 0.000, 638.520, 0.000, 0.912, 8.616, 0.000, 
167, 4, 0, 182.403, 1455.206, 27.392, 1179.198, 18.525, 675.089, 1192.802, 0.000, 670.180, 0.000, 0.852, 3.847, 0.000, 
167, 4, 0, 190.589, 1537.040, 37.550, 926.532, 17.092, 1009.799, 1208.612, 0.000, 673.266, 0.000, 1.082, 9.457, 0.000, 
168, 4, 0, 174.108, 1515.429, 39.304, 1441.020, 22.783, 688.545, 641.727, 0.000, 634.874, 0.000, 0.611, 9.017, 0.000, 
168, 4, 0, 184.507, 1506.864, 46.117, 1412.847, 22.242, 682.824, 643.771, 0.000, 646.496, 0.000, 1.022, 8.536, 0.000, 
168, 4, 0, 185.820, 1537.481, 44.834, 1368.784, 22.342, 688.434, 643.611, 0.000, 636.717, 0.000, 0.992, 8.737, 0.000, 
168, 4, 0, 178.826, 1517.103, 44.373, 1396.145, 22.001, 687.082, 643.570, 0.000, 642.969, 0.000, 0.992, 9.537, 0.000, 
168, 4, 0, 183.905, 1513.446, 45.866, 1398.900, 22.833, 688.465, 640.043, 0.000, 638.641, 0.000, 0.791, 8.616, 0.000, 
168, 4, 0, 182.483, 1499.099, 44.944, 1387.689, 22.262, 688.716, 644.933, 0.000, 641.526, 0.000, 0.772, 8.897, 0.000, 
168, 4, 0, 187.663, 1531.159, 37.640, 1336.062, 21.911, 684.778, 644.051, 0.000, 641.847, 0.000, 0.902, 8.576, 0.000, 
168, 4, 0, 182.193, 1508.397, 45.395, 1360.188, 22.352, 685.720, 643.570, 0.000, 643.971, 0.000, 0.661, 8.777, 0.000, 
168, 4, 0, 181.712, 1529.887, 46.428, 1374.174, 22.452, 682.193, 645.294, 0.000, 641.847, 0.000, 1.102, 8.737, 0.000, 
168, 4, 0, 180.540, 1488.038, 44.313, 1410.923, 22.112, 688.295, 643.811, 0.000, 641.967, 0.000, 1.223, 9.377, 0.000, 
169, 4, 0, 186.200, 1518.255, 46.788, 1373.162, 22.673, 693.003, 642.849, 0.000, 641.326, 0.000, 0.511, 8.856, 0.000, 
169, 4, 0, 191.329, 1563.380, 28.734, 1324.180, 22.352, 691.701, 884.273, 0.000, 1039.114, 0.000, 1.112, 9.257, 0.000, 
169, 4, 0, 192.552, 1537.731, 35.767, 1326.614, 22.583, 688.675, 647.177, 0.000, 646.255, 0.000, 1.002, 3.887, 0.000, 
169, 4, 0, 191.540, 1574.902, 40.687, 1275.419, 18.204, 687.252, 1211.518, 0.000, 680.279, 0.000, 0.871, 3.967, 0.000, 
169, 4, 0, 180.429, 1533.414, 34.094, 904.200, 17.392, 1040.526, 1176.050, 0.000, 672.425, 0.000, 0.882, 8.937, 0.000, 
169, 4, 0, 183.395, 1533.333, 29.485, 1341.001, 22.181, 690.188, 642.568, 0.000, 640.846, 0.000, 0.821, 9.859, 0.000, 
169, 4, 0, 188.845, 1494.110, 46.858, 1424.820, 23.083, 692.853, 643.089, 0.000, 640.805, 0.000, 1.152, 8.816, 0.000, 
169, 4, 0, 192.041, 1552.389, 27.411, 1313.990, 22.362, 685.459, 644.973, 0.000, 640.845, 0.000, 0.911, 8.857, 0.000, 
169, 4, 0, 194.155, 1580.221, 45.245, 1284.715, 22.863, 690.248, 643.050, 0.000, 645.734, 0.000, 1.032, 8.856, 0.000, 
169, 4, 0, 194.055, 1552.800, 34.274, 1297.850, 21.801, 685.890, 644.211, 0.000, 644.732, 0.000, 0.531, 9.458, 0.000, 
170, 4, 0, 191.090, 1553.391, 29.435, 1329.570, 22.162, 688.795, 646.776, 0.000, 650.263, 0.000, 0.922, 9.818, 0.000, 
170, 4, 0, 209.695, 1574.801, 53.060, 1278.364, 21.751, 699.045, 648.419, 0.000, 645.895, 0.000, 0.781, 9.658, 0.000, 
170, 4, 0, 197.491, 1567.127, 36.088, 1302.309, 22.231, 691.881, 654.190, 0.000, 649.942, 0.000, 0.922, 8.896, 0.000, 
170, 4, 0, 191.400, 1559.232, 28.694, 1313.691, 22.813, 696.670, 650.784, 0.000, 648.580, 0.000, 0.661, 9.658, 0.000, 
170, 4, 0, 192.953, 1543.122, 28.403, 1339.749, 21.761, 702.141, 652.267, 0.000, 646.296, 0.000, 0.571, 3.887, 0.000, 
170, 4, 0, 191.130, 1558.711, 25.257, 912.686, 16.601, 1050.085, 1244.440, 0.000, 680.480, 0.000, 0.941, 9.217, 0.000, 
170, 4, 0, 186.501, 1525.288, 29.576, 1355.419, 22.482, 694.015, 653.549, 0.000, 649.942, 0.000, 0.871, 8.576, 0.000, 
170, 4, 0, 192.692, 1513.947, 42.189, 1392.308, 22.192, 699.916, 648.058, 0.000, 645.774, 0.000, 0.772, 8.616, 0.000, 
170, 4, 0, 183.906, 1538.683, 37.901, 1371.269, 22.732, 688.595, 648.821, 0.000, 645.855, 0.000, 0.772, 8.737, 0.000, 
170, 4, 0, 204.395, 1512.083, 37.781, 1355.749, 22.102, 700.858, 647.898, 0.000, 645.775, 0.000, 0.531, 8.857, 0.000, 
171, 4, 0, 192.712, 1546.599, 30.628, 1315.323, 21.711, 703.533, 655.832, 0.000, 653.669, 0.000, 0.772, 8.697, 0.000, 
171, 4, 0, 195.477, 1561.056, 43.412, 1283.043, 22.272, 699.756, 653.669, 0.000, 652.266, 0.000, 0.992, 8.656, 0.000, 
171, 4, 0, 192.692, 1537.171, 25.759, 1339.850, 22.883, 704.715, 903.319, 0.000, 1022.963, 0.000, 0.801, 8.777, 0.000, 
171, 4, 0, 202.621, 1547.200, 35.096, 1305.255, 29.686, 701.399, 651.385, 0.000, 649.782, 0.000, 0.902, 9.218, 0.000, 
171, 4, 0, 190.648, 1529.426, 45.445, 1382.209, 25.919, 701.600, 654.672, 0.000, 650.743, 0.000, 0.911, 9.498, 0.000, 
171, 4, 0, 195.688, 1546.237, 28.083, 1324.531, 23.244, 704.946, 654.832, 0.000, 653.910, 0.000, 1.343, 8.817, 0.000, 
171, 4, 0, 199.034, 1592.655, 46.768, 1259.208, 23.124, 704.254, 927.113, 0.000, 1001.283, 0.000, 0.911, 3.888, 0.000, 
171, 4, 0, 201.048, 1541.710, 44.684, 1324.761, 17.633, 698.414, 1170.361, 0.000, 692.903, 0.000, 0.681, 3.046, 0.000, 
171, 4, 0, 197.090, 1534.757, 45.365, 1711.478, 22.773, 697.291, 654.911, 0.000, 654.591, 0.000, 0.982, 9.017, 0.000, 
171, 4, 0, 196.940, 1557.309, 31.820, 1314.642, 22.543, 701.911, 650.544, 0.000, 653.388, 0.000, 1.142, 8.817, 0.000, 
172, 4, 0, 199.946, 1545.506, 45.826, 1296.608, 22.182, 708.622, 652.827, 0.000, 658.518, 0.000, 1.012, 3.166, 0.000, 
172, 4, 0, 207.601, 1555.625, 46.989, 978.661, 17.643, 931.011, 1201.139, 0.000, 687.854, 0.000, 0.641, 3.887, 0.000, 
172, 4, 0, 204.684, 1550.395, 41.368, 1325.893, 17.012, 699.325, 662.325, 0.000, 656.274, 0.000, 0.420, 8.576, 0.000, 
172, 4, 0, 193.875, 1555.645, 33.623, 1305.024, 22.442, 702.541, 658.719, 0.000, 656.154, 0.000, 0.761, 8.857, 0.000, 
172, 4, 0, 199.405, 1577.426, 45.395, 1277.282, 22.783, 700.747, 900.884, 0.000, 1029.055, 0.000, 0.561, 3.887, 0.000, 
172, 4, 0, 204.033, 1549.844, 45.396, 1328.228, 32.902, 701.079, 654.470, 0.000, 653.910, 0.000, 0.791, 9.338, 0.000, 
172, 4, 0, 198.173, 1544.975, 46.818, 1274.136, 22.462, 705.777, 937.894, 0.000, 1002.325, 0.000, 1.072, 3.166, 0.000, 
172, 4, 0, 198.052, 1563.169, 28.093, 1316.125, 17.543, 699.506, 659.841, 0.000, 657.196, 0.000, 0.942, 9.217, 0.000, 
172, 4, 0, 195.167, 1527.953, 34.495, 1373.614, 23.344, 707.049, 930.740, 0.000, 987.136, 0.000, 1.082, 3.767, 0.000, 
172, 4, 0, 194.696, 1514.979, 27.412, 1217.310, 20.899, 698.323, 1209.955, 0.000, 694.627, 0.000, 0.591, 3.126, 0.000, 
173, 4, 0, 199.785, 1560.545, 41.989, 1334.229, 16.191, 692.352, 659.720, 0.000, 661.564, 0.000, 1.242, 3.126, 0.000, 
173, 4, 0, 193.934, 1566.736, 27.021, 1285.367, 16.922, 706.859, 663.408, 0.000, 656.595, 0.000, 0.812, 8.536, 0.000, 
173, 4, 0, 196.149, 1537.031, 46.437, 1336.964, 22.412, 704.244, 658.078, 0.000, 660.682, 0.000, 0.851, 8.697, 0.000, 
173, 4, 0, 194.856, 1554.233, 56.496, 1301.558, 22.573, 708.252, 657.756, 0.000, 655.913, 0.000, 1.112, 8.737, 0.000, 
173, 4, 0, 190.659, 1564.181, 45.075, 1286.730, 22.292, 709.454, 660.803, 0.000, 660.442, 0.000, 0.681, 8.577, 0.000, 
173, 4, 0, 192.352, 1566.175, 36.309, 1319.091, 23.284, 712.359, 662.165, 0.000, 663.087, 0.000, 0.922, 8.857, 0.000, 
173, 4, 0, 190.298, 1535.007, 37.981, 1324.079, 22.833, 706.929, 658.638, 0.000, 660.842, 0.000, 0.701, 9.498, 0.000, 
173, 4, 0, 200.147, 1615.628, 39.234, 1215.806, 22.402, 707.139, 662.966, 0.000, 656.354, 0.000, 1.072, 9.378, 0.000, 
173, 4, 0, 187.883, 1568.440, 44.413, 1319.060, 23.253, 701.108, 665.572, 0.000, 656.355, 0.000, 0.791, 8.697, 0.000, 
173, 4, 0, 201.008, 1578.548, 31.078, 1236.304, 21.510, 702.982, 662.326, 0.000, 661.884, 0.000, 0.821, 3.887, 0.000, 
174, 4, 0, 191.601, 1574.521, 31.289, 956.478, 17.063, 1043.032, 1183.515, 0.000, 696.991, 0.000, 0.651, 3.968, 0.000, 
174, 4, 0, 192.071, 1563.881, 44.855, 992.637, 16.852, 962.530, 1227.508, 0.000, 694.105, 0.000, 0.842, 3.848, 0.000, 
174, 4, 0, 201.499, 1554.683, 43.492, 1335.542, 16.621, 706.228, 671.302, 0.000, 664.850, 0.000, 1.012, 3.887, 0.000, 
174, 4, 0, 201.739, 1548.492, 35.517, 1310.755, 16.971, 713.531, 1213.843, 0.000, 702.040, 0.000, 0.781, 3.887, 0.000, 
174, 4, 0, 204.083, 1616.610, 46.166, 943.915, 17.313, 1054.072, 1217.529, 0.000, 700.236, 0.000, 0.902, 3.085, 0.000, 
174, 4, 0, 199.956, 1575.783, 30.167, 1324.331, 18.004, 708.202, 667.175, 0.000, 666.734, 0.000, 0.782, 9.337, 0.000, 
174, 4, 0, 194.085, 1564.852, 35.627, 1315.584, 22.292, 711.718, 662.807, 0.000, 665.131, 0.000, 1.172, 3.927, 0.000, 
174, 4, 0, 191.751, 1593.135, 43.772, 940.558, 17.393, 1055.004, 1216.247, 0.000, 700.076, 0.000, 1.022, 3.086, 0.000, 
174, 4, 0, 190.949, 1544.755, 41.909, 1072.337, 22.673, 711.869, 939.517, 0.000, 980.724, 0.000, 0.801, 4.007, 0.000, 
174, 4, 0, 217.800, 1578.248, 24.165, 1316.996, 17.092, 709.333, 662.085, 0.000, 659.441, 0.000, 1.212, 9.458, 0.000, 
175, 4, 0, 192.712, 1579.490, 37.210, 1322.577, 22.974, 717.590, 671.904, 0.000, 663.448, 0.000, 0.992, 9.497, 0.000, 
175, 4, 0, 207.240, 1564.473, 43.752, 1291.278, 22.853, 709.995, 674.949, 0.000, 668.016, 0.000, 0.782, 9.297, 0.000, 
175, 4, 0, 189.726, 1553.672, 45.195, 1311.867, 21.771, 712.981, 673.346, 0.000, 664.610, 0.000, 0.812, 8.977, 0.000, 
175, 4, 0, 195.117, 1568.449, 40.857, 1293.853, 22.593, 712.260, 670.982, 0.000, 667.977, 0.000, 0.992, 9.057, 0.000, 
175, 4, 0, 184.436, 1531.360, 25.287, 1379.774, 22.051, 715.275, 667.495, 0.000, 668.978, 0.000, 0.551, 9.538, 0.000, 
175, 4, 0, 185.299, 1549.975, 23.745, 1372.350, 21.630, 712.389, 670.701, 0.000, 668.016, 0.000, 0.922, 8.737, 0.000, 
175, 4, 0, 194.636, 1532.432, 23.715, 1375.747, 22.122, 711.949, 669.298, 0.000, 668.577, 0.000, 0.531, 8.737, 0.000, 
175, 4, 0, 192.341, 1612.763, 26.920, 1230.684, 22.182, 722.709, 956.988, 0.000, 998.878, 0.000, 1.293, 3.967, 0.000, 
175, 4, 0, 189.627, 1552.699, 39.184, 1316.757, 17.303, 723.220, 1230.835, 0.000, 705.367, 0.000, 0.641, 3.046, 0.000, 
175, 4, 0, 183.014, 1536.008, 42.300, 961.498, 16.221, 1033.534, 1231.476, 0.000, 708.853, 0.000, 1.163, 4.008, 0.000, 
176, 4, 0, 190.318, 1537.080, 40.687, 1722.550, 21.671, 720.555, 675.671, 0.000, 672.104, 0.000, 0.802, 9.337, 0.000, 
176, 4, 0, 209.003, 1662.656, 38.853, 1220.565, 21.801, 711.829, 968.592, 0.000, 971.347, 0.000, 0.952, 9.538, 0.000, 
176, 4, 0, 190.007, 1605.850, 38.422, 1272.042, 22.973, 722.278, 673.626, 0.000, 667.015, 0.000, 1.423, 3.767, 0.000, 
176, 4, 0, 193.604, 1588.266, 46.237, 996.704, 19.196, 983.530, 1238.449, 0.000, 712.379, 0.000, 1.433, 2.965, 0.000, 
176, 4, 0, 188.424, 1573.018, 46.007, 1718.702, 22.322, 722.840, 674.308, 0.000, 670.461, 0.000, 0.571, 9.417, 0.000, 
176, 4, 0, 194.596, 1620.908, 46.718, 1281.640, 22.712, 723.149, 931.271, 0.000, 1018.395, 0.000, 1.733, 9.138, 0.000, 
176, 4, 0, 190.027, 1615.949, 46.748, 1293.342, 22.302, 719.944, 965.796, 0.000, 995.432, 0.000, 0.601, 9.377, 0.000, 
176, 4, 0, 190.658, 1640.124, 40.566, 1267.494, 22.542, 728.560, 960.956, 0.000, 981.806, 0.000, 0.731, 3.888, 0.000, 
176, 4, 0, 189.216, 1633.191, 25.468, 1402.738, 22.122, 720.265, 962.390, 0.000, 995.712, 0.000, 0.441, 8.777, 0.000, 
176, 4, 0, 192.783, 1602.603, 42.239, 1306.697, 22.572, 718.952, 939.777, 0.000, 1019.196, 0.000, 0.832, 8.577, 0.000, 
177, 4, 0, 191.480, 1573.699, 37.631, 1338.818, 21.981, 720.224, 965.666, 0.000, 1015.189, 0.000, 0.731, 3.046, 0.000, 
177, 4, 0, 191.580, 1599.488, 38.142, 1283.814, 18.265, 718.091, 678.796, 0.000, 676.633, 0.000, 0.661, 9.378, 0.000, 
177, 4, 0, 190.849, 1601.452, 29.756, 1327.216, 23.013, 724.883, 969.592, 0.000, 997.756, 0.000, 0.811, 3.927, 0.000, 
177, 4, 0, 197.982, 1718.632, 41.979, 1274.547, 23.524, 727.238, 956.308, 0.000, 987.898, 0.000, 0.581, 8.856, 0.000, 
177, 4, 0, 197.682, 1603.225, 41.128, 1287.251, 22.593, 729.191, 677.033, 0.000, 671.343, 0.000, 0.581, 9.298, 0.000, 
177, 4, 0, 186.882, 1581.805, 33.312, 1330.311, 22.562, 726.165, 985.944, 0.000, 992.827, 0.000, 0.782, 4.047, 0.000, 
177, 4, 0, 191.200, 1581.574, 44.884, 1495.352, 21.891, 726.446, 675.470, 0.000, 679.037, 0.000, 0.662, 3.928, 0.000, 
177, 4, 0, 194.175, 1625.898, 43.512, 1321.715, 20.929, 726.526, 1202.780, 0.000, 711.618, 0.000, 0.932, 3.887, 0.000, 
177, 4, 0, 193.734, 1587.816, 34.666, 1710.347, 23.754, 729.642, 671.904, 0.000, 675.430, 0.000, 0.842, 9.178, 0.000, 
177, 4, 0, 199.576, 1599.728, 29.235, 1235.904, 22.442, 723.029, 975.495, 0.000, 985.854, 0.000, 0.882, 9.298, 0.000, 
178, 4, 0, 196.791, 1620.367, 28.013, 1259.899, 22.593, 726.767, 975.905, 0.000, 991.785, 0.000, 1.072, 8.415, 0.000, 
178, 4, 0, 199.565, 1647.909, 38.382, 1234.541, 22.332, 731.697, 983.800, 0.000, 965.416, 0.000, 1.042, 8.736, 0.000, 
178, 4, 0, 189.957, 1580.512, 46.568, 1364.175, 22.072, 725.395, 980.112, 0.000, 1000.883, 0.000, 1.002, 3.086, 0.000, 
178, 4, 0, 194.986, 1619.355, 38.032, 1347.184, 16.271, 720.495, 680.680, 0.000, 680.079, 0.000, 1.122, 9.137, 0.000, 
178, 4, 0, 193.094, 1603.796, 46.557, 1289.775, 22.312, 728.390, 985.824, 0.000, 942.332, 0.000, 1.012, 8.737, 0.000, 
178, 4, 0, 200.237, 1619.956, 30.247, 1262.133, 23.143, 724.111, 983.569, 0.000, 984.211, 0.000, 0.661, 9.377, 0.000, 
178, 4, 0, 196.950, 1598.636, 32.010, 1317.597, 21.951, 724.863, 978.871, 0.000, 1000.721, 0.000, 0.671, 8.616, 0.000, 
178, 4, 0, 193.243, 1609.467, 34.856, 1312.518, 24.406, 730.103, 952.821, 0.000, 1000.201, 0.000, 0.872, 9.217, 0.000, 
178, 4, 0, 194.686, 1603.716, 48.220, 1303.701, 22.272, 729.833, 985.894, 0.000, 951.990, 0.000, 0.641, 8.416, 0.000, 
178, 4, 0, 192.462, 1575.813, 45.235, 1330.612, 22.623, 724.843, 988.439, 0.000, 1014.829, 0.000, 0.651, 9.378, 0.000, 
179, 4, 0, 192.121, 1597.474, 33.102, 1305.164, 22.502, 728.890, 990.352, 0.000, 1002.645, 0.000, 0.651, 9.017, 0.000, 
179, 4, 0, 197.201, 1622.591, 28.052, 1264.177, 22.502, 734.862, 991.404, 0.000, 973.230, 0.000, 0.762, 9.738, 0.000, 
179, 4, 0, 195.438, 1624.344, 36.840, 1290.597, 22.703, 733.049, 987.707, 0.000, 958.963, 0.000, 1.042, 9.298, 0.000, 
179, 4, 0, 195.969, 1585.943, 46.117, 1304.052, 23.053, 731.295, 992.216, 0.000, 921.333, 0.000, 1.092, 8.576, 0.000, 
179, 4, 0, 204.084, 1613.104, 46.006, 1215.035, 23.654, 734.341, 998.317, 0.000, 979.322, 0.000, 1.082, 4.047, 0.000, 
179, 4, 0, 193.965, 1611.420, 41.798, 1372.040, 23.905, 725.905, 952.801, 0.000, 1014.708, 0.000, 0.642, 9.137, 0.000, 
179, 4, 0, 195.958, 1616.921, 43.893, 1297.841, 23.414, 733.669, 957.731, 0.000, 1002.645, 0.000, 0.771, 9.458, 0.000, 
179, 4, 0, 198.954, 1589.389, 41.638, 1297.200, 22.792, 730.684, 985.492, 0.000, 972.829, 0.000, 0.751, 8.896, 0.000, 
179, 4, 0, 198.223, 1621.279, 37.671, 1281.510, 23.915, 730.213, 990.642, 0.000, 978.680, 0.000, 1.032, 8.656, 0.000, 
179, 4, 0, 199.665, 1614.557, 27.051, 1269.958, 22.502, 727.468, 999.078, 0.000, 966.297, 0.000, 1.042, 9.258, 0.000, 
180, 4, 0, 196.971, 1644.542, 36.749, 1253.427, 22.562, 745.472, 989.892, 0.000, 985.894, 0.000, 0.902, 9.297, 0.000, 
180, 4, 0, 203.162, 1614.766, 37.560, 1242.837, 23.344, 730.584, 999.119, 0.000, 998.037, 0.000, 0.662, 9.298, 0.000, 
180, 4, 0, 201.620, 1536.179, 42.890, 1289.184, 23.965, 732.608, 1000.961, 0.000, 964.614, 0.000, 1.042, 8.856, 0.000, 
180, 4, 0, 195.989, 1648.349, 30.828, 1277.242, 24.085, 733.640, 991.374, 0.000, 992.707, 0.000, 0.761, 9.378, 0.000, 
180, 4, 0, 198.764, 1569.502, 47.178, 1308.090, 22.753, 734.260, 956.659, 0.000, 1015.149, 0.000, 0.832, 9.258, 0.000, 
180, 4, 0, 199.636, 1550.536, 32.892, 1336.353, 22.642, 737.346, 688.014, 0.000, 682.924, 0.000, 0.951, 3.046, 0.000, 
180, 4, 0, 201.740, 1548.582, 29.115, 981.766, 17.634, 983.099, 1239.931, 0.000, 717.590, 0.000, 1.172, 3.086, 0.000, 
180, 4, 0, 195.648, 1527.963, 47.069, 1116.500, 23.765, 742.657, 1005.620, 0.000, 961.568, 0.000, 0.801, 8.616, 0.000, 
180, 4, 0, 204.264, 1558.531, 43.321, 1298.932, 22.262, 733.419, 994.290, 0.000, 988.058, 0.000, 0.672, 3.086, 0.000, 
180, 4, 0, 206.388, 1562.679, 45.215, 1312.188, 18.054, 735.543, 686.531, 0.000, 686.691, 0.000, 0.802, 8.536, 0.000, 
181, 4, 0, 201.429, 1518.245, 32.100, 1357.552, 22.732, 739.310, 691.942, 0.000, 692.222, 0.000, 0.641, 3.727, 0.000, 
181, 4, 0, 205.948, 1528.233, 41.808, 1043.121, 17.083, 938.696, 1247.666, 0.000, 721.677, 0.000, 0.651, 3.887, 0.000, 
181, 4, 0, 199.304, 1529.516, 46.918, 1109.036, 22.713, 739.240, 964.553, 0.000, 1014.468, 0.000, 0.661, 8.657, 0.000, 
181, 4, 0, 208.883, 1534.465, 47.288, 1314.972, 23.094, 736.155, 994.790, 0.000, 1016.671, 0.000, 0.601, 3.888, 0.000, 
181, 4, 0, 207.650, 1498.378, 28.674, 977.208, 17.392, 1064.882, 1246.264, 0.000, 728.370, 0.000, 0.882, 4.007, 0.000, 
181, 4, 0, 197.291, 1516.602, 38.021, 1094.458, 21.891, 736.665, 1006.613, 0.000, 994.671, 0.000, 0.661, 4.007, 0.000, 
181, 4, 0, 196.299, 1567.328, 46.227, 1374.715, 17.593, 742.797, 689.336, 0.000, 686.451, 0.000, 0.892, 9.298, 0.000, 
181, 4, 0, 195.427, 1501.905, 37.691, 1386.528, 23.664, 738.258, 693.143, 0.000, 690.459, 0.000, 0.781, 3.166, 0.000, 
181, 4, 0, 198.013, 1510.841, 24.946, 991.514, 17.152, 1056.176, 1287.040, 0.000, 731.896, 0.000, 0.882, 3.006, 0.000, 
181, 4, 0, 199.906, 1587.305, 29.575, 981.906, 17.182, 1060.243, 1256.522, 0.000, 732.578, 0.000, 0.992, 3.888, 0.000, 
182, 4, 0, 204.133, 1534.336, 24.246, 1320.984, 17.503, 745.693, 698.153, 0.000, 689.858, 0.000, 0.911, 9.377, 0.000, 
182, 4, 0, 199.034, 1516.512, 42.470, 1366.039, 22.232, 743.829, 1010.039, 0.000, 1006.453, 0.000, 0.901, 8.697, 0.000, 
182, 4, 0, 202.771, 1533.033, 45.095, 1330.993, 22.803, 744.170, 698.714, 0.000, 694.386, 0.000, 0.842, 3.046, 0.000, 
182, 4, 0, 208.422, 1518.205, 36.438, 989.250, 17.754, 1055.585, 1250.391, 0.000, 736.265, 0.000, 0.742, 3.888, 0.000, 
182, 4, 0, 200.808, 1526.540, 43.141, 1108.314, 22.813, 740.733, 1004.299, 0.000, 956.078, 0.000, 1.132, 3.887, 0.000, 
182, 4, 0, 203.613, 1611.901, 38.462, 1256.222, 20.719, 748.187, 696.390, 0.000, 696.390, 0.000, 0.691, 8.977, 0.000, 
182, 4, 0, 203.322, 1596.152, 24.957, 1292.872, 22.622, 746.874, 978.610, 0.000, 1004.569, 0.000, 0.932, 8.817, 0.000, 
182, 4, 0, 198.423, 1634.774, 35.567, 1267.874, 21.791, 748.187, 966.738, 0.000, 1024.847, 0.000, 0.882, 9.017, 0.000, 
182, 4, 0, 200.366, 1653.880, 43.542, 1245.993, 23.204, 742.496, 1002.315, 0.000, 950.788, 0.000, 1.122, 8.736, 0.000, 
182, 4, 0, 205.477, 1594.037, 28.604, 1289.215, 22.372, 745.161, 1014.167, 0.000, 973.150, 0.000, 0.731, 9.618, 0.000, 
183, 4, 0, 200.106, 1649.752, 37.611, 1279.757, 22.342, 746.393, 973.129, 0.000, 964.934, 0.000, 1.062, 8.536, 0.000, 
183, 4, 0, 199.515, 1620.437, 33.183, 1284.336, 23.674, 748.628, 1013.927, 0.000, 972.790, 0.000, 0.812, 8.536, 0.000, 
183, 4, 0, 207.891, 1581.444, 29.676, 1292.180, 23.514, 743.278, 1015.420, 0.000, 989.902, 0.000, 0.581, 8.857, 0.000, 
183, 4, 0, 201.259, 1601.001, 27.552, 1301.197, 24.115, 745.522, 1013.195, 0.000, 975.594, 0.000, 0.922, 9.778, 0.000, 
183, 4, 0, 199.325, 1584.890, 43.381, 1313.950, 23.143, 748.728, 1017.644, 0.000, 961.969, 0.000, 0.591, 8.977, 0.000, 
183, 4, 0, 200.326, 1587.525, 37.871, 1314.282, 22.983, 751.202, 1025.779, 0.000, 978.921, 0.000, 0.471, 8.816, 0.000, 
183, 4, 0, 196.029, 1591.302, 37.901, 1314.932, 22.853, 754.218, 1019.107, 0.000, 955.196, 0.000, 0.701, 8.335, 0.000, 
183, 4, 0, 204.304, 1628.172, 42.700, 1266.401, 23.094, 755.150, 1011.762, 0.000, 932.513, 0.000, 0.652, 9.217, 0.000, 
183, 4, 0, 197.671, 1616.831, 25.508, 1285.307, 22.072, 748.758, 1013.776, 0.000, 984.892, 0.000, 0.531, 8.736, 0.000, 
183, 4, 0, 198.433, 1599.919, 36.960, 1308.030, 23.855, 746.153, 979.331, 0.000, 1022.603, 0.000, 0.411, 9.257, 0.000, 
184, 4, 0, 197.501, 1570.533, 33.443, 1367.882, 21.942, 757.334, 1018.144, 0.000, 930.310, 0.000, 1.032, 9.458, 0.000, 
184, 4, 0, 206.889, 1590.181, 24.216, 1298.211, 22.342, 751.813, 1021.080, 0.000, 959.083, 0.000, 0.822, 9.337, 0.000, 
184, 4, 0, 206.028, 1626.548, 28.604, 1263.276, 22.903, 750.151, 1013.866, 0.000, 970.745, 0.000, 0.621, 9.417, 0.000, 
184, 4, 0, 200.236, 1552.961, 36.729, 1332.867, 22.472, 751.383, 983.750, 0.000, 1026.130, 0.000, 0.882, 8.897, 0.000, 
184, 4, 0, 200.326, 1611.881, 30.708, 1290.557, 22.332, 753.588, 1021.201, 0.000, 986.895, 0.000, 0.631, 9.057, 0.000, 
184, 4, 0, 205.005, 1620.868, 35.497, 1268.486, 22.582, 753.868, 1018.044, 0.000, 975.875, 0.000, 0.651, 8.657, 0.000, 
184, 4, 0, 206.498, 1610.648, 28.865, 1279.507, 23.063, 745.602, 1023.194, 0.000, 930.751, 0.000, 1.142, 9.218, 0.000, 
184, 4, 0, 200.807, 1610.258, 34.835, 1288.042, 21.631, 747.646, 1021.030, 0.000, 987.456, 0.000, 0.531, 8.816, 0.000, 
184, 4, 0, 199.726, 1619.656, 25.217, 1291.809, 23.454, 754.308, 1029.677, 0.000, 956.158, 0.000, 0.782, 9.618, 0.000, 
184, 4, 0, 207.100, 1604.296, 27.131, 1308.650, 22.893, 752.364, 1018.676, 0.000, 967.419, 0.000, 0.962, 9.137, 0.000, 
185, 4, 0, 202.862, 1640.996, 44.524, 1243.589, 22.572, 759.618, 1030.558, 0.000, 901.815, 0.000, 0.641, 9.498, 0.000, 
185, 4, 0, 203.984, 1585.892, 24.677, 1301.548, 22.723, 751.443, 1297.991, 0.000, 747.766, 0.000, 0.791, 3.887, 0.000, 
185, 4, 0, 211.979, 1606.782, 40.506, 1518.636, 22.632, 755.450, 990.943, 0.000, 1020.318, 0.000, 0.862, 8.817, 0.000, 
185, 4, 0, 192.391, 1569.020, 29.826, 1377.741, 22.542, 756.533, 1031.480, 0.000, 990.864, 0.000, 0.681, 9.418, 0.000, 
185, 4, 0, 198.303, 1578.929, 35.457, 1330.923, 22.402, 759.007, 1026.140, 0.000, 953.072, 0.000, 0.771, 8.696, 0.000, 
185, 4, 0, 203.552, 1597.284, 27.682, 1303.892, 21.991, 751.854, 1025.028, 0.000, 937.724, 0.000, 0.721, 8.656, 0.000, 
185, 4, 0, 202.300, 1627.431, 27.501, 1292.420, 22.352, 750.852, 1040.837, 0.000, 944.456, 0.000, 0.551, 9.057, 0.000, 
185, 4, 0, 203.723, 1587.375, 28.323, 1293.663, 22.212, 758.937, 1030.959, 0.000, 986.575, 0.000, 0.802, 9.097, 0.000, 
185, 4, 0, 205.477, 1579.590, 29.896, 1290.777, 22.512, 759.488, 1025.258, 0.000, 959.284, 0.000, 0.551, 9.659, 0.000, 
185, 4, 0, 208.052, 1605.459, 33.543, 1277.552, 22.553, 758.026, 1028.364, 0.000, 939.607, 0.000, 0.892, 8.816, 0.000, 
186, 4, 0, 207.160, 1626.508, 41.498, 1264.527, 22.483, 760.841, 1039.826, 0.000, 961.167, 0.000, 0.982, 9.377, 0.000, 
186, 4, 0, 204.545, 1624.785, 32.942, 1289.425, 22.162, 756.162, 997.626, 0.000, 1027.492, 0.000, 1.182, 9.498, 0.000, 
186, 4, 0, 206.659, 1637.499, 33.904, 1262.404, 21.941, 760.951, 1037.000, 0.000, 913.879, 0.000, 0.651, 8.536, 0.000, 
186, 4, 0, 205.967, 1605.809, 34.896, 1291.038, 22.933, 754.209, 1032.402, 0.000, 942.211, 0.000, 0.722, 9.217, 0.000, 
186, 4, 0, 200.517, 1589.960, 23.764, 1307.278, 22.472, 760.340, 994.280, 0.000, 1021.521, 0.000, 0.892, 9.418, 0.000, 
186, 4, 0, 200.186, 1618.614, 41.458, 1270.850, 28.052, 759.287, 1032.752, 0.000, 916.363, 0.000, 0.982, 8.856, 0.000, 
186, 4, 0, 197.362, 1595.129, 24.587, 1304.223, 22.262, 759.619, 1039.144, 0.000, 981.085, 0.000, 0.451, 8.616, 0.000, 
186, 4, 0, 193.273, 1565.764, 44.594, 1350.930, 22.742, 764.297, 1034.635, 0.000, 950.788, 0.000, 0.901, 8.897, 0.000, 
186, 4, 0, 198.033, 1648.550, 44.474, 1283.103, 22.593, 758.998, 1034.155, 0.000, 887.789, 0.000, 0.702, 8.776, 0.000, 
186, 4, 0, 194.626, 1555.675, 38.042, 1357.924, 23.434, 755.961, 1038.283, 0.000, 998.839, 0.000, 0.901, 8.897, 0.000, 
187, 4, 0, 199.455, 1598.596, 25.167, 1313.379, 23.303, 765.820, 1049.173, 0.000, 981.767, 0.000, 0.931, 9.097, 0.000, 
187, 4, 0, 196.871, 1590.761, 25.188, 1311.356, 22.433, 767.253, 1054.062, 0.000, 982.647, 0.000, 0.691, 8.697, 0.000, 
187, 4, 0, 205.236, 1636.027, 49.293, 1294.254, 24.286, 761.212, 1278.324, 0.000, 752.214, 0.000, 0.982, 3.046, 0.000, 
187, 4, 0, 212.640, 1596.522, 43.471, 1081.463, 17.163, 920.191, 1285.537, 0.000, 750.131, 0.000, 0.902, 3.046, 0.000, 
187, 4, 0, 204.685, 1599.888, 27.762, 1076.404, 18.955, 1026.961, 1277.402, 0.000, 751.173, 0.000, 0.932, 3.045, 0.000, 
187, 4, 0, 198.593, 1600.599, 24.405, 1036.208, 17.563, 1055.745, 1284.936, 0.000, 756.463, 0.000, 0.651, 3.928, 0.000, 
187, 4, 0, 211.939, 1619.585, 30.928, 1042.981, 19.737, 1073.268, 1242.897, 0.000, 746.964, 0.000, 0.811, 3.888, 0.000, 
187, 4, 0, 206.078, 1605.409, 26.851, 1065.714, 17.954, 937.182, 1287.420, 0.000, 757.063, 0.000, 0.672, 3.927, 0.000, 
187, 4, 0, 207.941, 1606.742, 32.882, 1075.122, 17.623, 966.387, 1278.164, 0.000, 750.371, 0.000, 0.802, 3.046, 0.000, 
187, 4, 0, 207.540, 1579.691, 28.513, 1074.220, 17.663, 1026.751, 1283.293, 0.000, 756.422, 0.000, 1.152, 3.246, 0.000, 
188, 4, 0, 210.596, 1573.068, 23.965, 1051.106, 17.463, 1052.890, 1282.332, 0.000, 761.151, 0.000, 0.922, 3.006, 0.000, 
188, 4, 0, 206.277, 1585.672, 30.808, 1041.128, 18.314, 1060.684, 1282.892, 0.000, 755.060, 0.000, 1.082, 3.206, 0.000, 
188, 4, 0, 194.856, 1568.370, 41.378, 1079.009, 17.874, 1026.470, 1271.390, 0.000, 755.100, 0.000, 0.440, 3.767, 0.000, 
188, 4, 0, 216.427, 1620.327, 43.582, 1388.261, 16.701, 769.397, 720.234, 0.000, 722.078, 0.000, 0.561, 9.458, 0.000, 
188, 4, 0, 206.228, 1603.185, 37.851, 1300.696, 22.432, 769.106, 1058.861, 0.000, 980.404, 0.000, 0.421, 8.816, 0.000, 
188, 4, 0, 210.827, 1603.595, 36.980, 1301.438, 23.133, 763.005, 1057.840, 0.000, 943.694, 0.000, 0.621, 9.618, 0.000, 
188, 4, 0, 215.715, 1588.868, 35.256, 1299.464, 22.783, 767.894, 1052.319, 0.000, 992.066, 0.000, 0.692, 8.937, 0.000, 
188, 4, 0, 207.100, 1599.978, 39.544, 1293.091, 23.504, 766.341, 1052.508, 0.000, 996.754, 0.000, 0.631, 8.857, 0.000, 
188, 4, 0, 214.283, 1590.391, 41.548, 1274.797, 21.441, 769.427, 1051.166, 0.000, 992.747, 0.000, 0.982, 8.737, 0.000, 
188, 4, 0, 219.793, 1593.557, 23.013, 1217.870, 22.262, 764.077, 1050.987, 0.000, 986.335, 0.000, 0.752, 9.297, 0.000, 
189, 4, 0, 218.701, 1626.068, 42.230, 1263.136, 22.933, 765.259, 1060.734, 0.000, 889.112, 0.000, 0.972, 9.178, 0.000, 
189, 4, 0, 215.244, 1609.437, 42.450, 1283.954, 26.530, 766.732, 1061.937, 0.000, 997.516, 0.000, 0.912, 8.576, 0.000, 
189, 4, 0, 216.547, 1572.858, 46.317, 1280.498, 23.284, 773.875, 1036.879, 0.000, 1005.852, 0.000, 0.652, 9.378, 0.000, 
189, 4, 0, 212.139, 1588.597, 41.418, 1252.736, 23.525, 763.596, 1066.385, 0.000, 953.353, 0.000, 0.431, 8.976, 0.000, 
189, 4, 0, 208.673, 1610.067, 44.955, 1258.888, 22.853, 769.026, 1057.269, 0.000, 886.788, 0.000, 0.862, 9.057, 0.000, 
189, 4, 0, 206.418, 1583.959, 36.288, 1326.424, 22.843, 770.710, 1065.554, 0.000, 964.774, 0.000, 0.511, 9.257, 0.000, 
189, 4, 0, 217.880, 1626.198, 46.678, 1297.851, 22.222, 772.513, 1027.893, 0.000, 1010.660, 0.000, 0.842, 8.536, 0.000, 
189, 4, 0, 211.217, 1611.962, 33.272, 1243.718, 23.243, 769.386, 1072.676, 0.000, 957.881, 0.000, 0.892, 8.817, 0.000, 
189, 4, 0, 213.562, 1625.747, 36.449, 1209.414, 23.804, 765.459, 1063.871, 0.000, 986.375, 0.000, 0.651, 3.767, 0.000, 
189, 4, 0, 231.245, 1620.317, 39.855, 1358.214, 22.522, 772.943, 793.412, 0.000, 1342.805, 0.000, 0.682, 3.847, 0.000, 
190, 4, 0, 243.749, 1932.864, 33.904, 1255.962, 39.395, 777.873, 1218.451, 0.000, 770.409, 0.000, 1.303, 8.977, 0.000, 
190, 4, 0, 229.832, 1773.776, 49.763, 1175.711, 23.634, 772.152, 1287.101, 0.000, 764.357, 0.000, 1.342, 9.098, 0.000, 
190, 4, 0, 246.694, 1814.863, 35.597, 1656.325, 23.865, 775.388, 1074.311, 0.000, 881.618, 0.000, 0.631, 8.857, 0.000, 
190, 4, 0, 228.229, 1623.734, 32.541, 1229.662, 22.763, 778.444, 1080.471, 0.000, 958.322, 0.000, 0.992, 9.417, 0.000, 
190, 4, 0, 218.000, 1607.273, 27.722, 1233.069, 23.564, 767.794, 1073.218, 0.000, 987.898, 0.000, 0.400, 8.576, 0.000, 
190, 4, 0, 219.282, 1602.885, 30.868, 1246.334, 22.943, 767.854, 1069.972, 0.000, 985.894, 0.000, 0.531, 8.856, 0.000, 
190, 4, 0, 218.050, 1602.864, 28.123, 1241.444, 22.573, 768.636, 1081.985, 0.000, 988.178, 0.000, 0.762, 4.007, 0.000, 
190, 4, 0, 225.504, 1642.028, 46.407, 1445.168, 18.144, 763.616, 1068.941, 0.000, 936.882, 0.000, 0.782, 8.736, 0.000, 
190, 4, 0, 252.555, 1858.945, 54.933, 1612.271, 23.704, 772.212, 1076.374, 0.000, 1016.071, 0.000, 0.932, 9.298, 0.000, 
190, 4, 0, 215.215, 1637.269, 46.608, 1184.928, 23.815, 765.610, 1077.947, 0.000, 986.174, 0.000, 0.942, 8.896, 0.000, 
191, 4, 0, 202.201, 1601.732, 35.827, 1309.572, 24.355, 776.169, 1092.284, 0.000, 982.408, 0.000, 0.712, 3.086, 0.000, 
191, 4, 0, 218.631, 1554.604, 47.068, 1411.965, 18.124, 775.768, 729.852, 0.000, 732.257, 0.000, 0.931, 3.967, 0.000, 
191, 4, 0, 215.105, 1575.913, 47.028, 1407.035, 19.647, 763.966, 732.578, 0.000, 723.761, 0.000, 0.551, 3.006, 0.000, 
191, 4, 0, 218.601, 1616.179, 46.838, 1418.236, 18.254, 777.141, 1078.157, 0.000, 993.588, 0.000, 1.172, 8.656, 0.000, 
191, 4, 0, 232.407, 1638.111, 45.445, 1183.305, 22.893, 779.486, 1364.135, 0.000, 757.144, 0.000, 1.012, 3.887, 0.000, 
191, 4, 0, 219.994, 1594.689, 47.409, 1325.613, 22.132, 782.221, 730.454, 0.000, 727.808, 0.000, 1.163, 3.045, 0.000, 
191, 4, 0, 221.466, 1562.878, 28.483, 1386.798, 18.835, 775.969, 729.692, 0.000, 728.290, 0.000, 1.132, 9.458, 0.000, 
191, 4, 0, 211.288, 1642.639, 40.496, 1226.186, 25.698, 778.023, 1292.150, 0.000, 766.121, 0.000, 1.342, 3.967, 0.000, 
191, 4, 0, 215.084, 1627.761, 40.346, 1513.316, 23.093, 783.142, 1085.481, 0.000, 898.048, 0.000, 0.721, 8.616, 0.000, 
191, 4, 0, 222.258, 1630.296, 51.126, 1223.501, 22.793, 772.172, 1361.170, 0.000, 768.325, 0.000, 0.741, 3.045, 0.000, 
192, 4, 0, 216.156, 1627.260, 36.659, 1508.757, 23.224, 786.750, 1092.725, 0.000, 895.845, 0.000, 0.842, 9.377, 0.000, 
192, 4, 0, 226.216, 1638.041, 37.891, 1228.009, 22.402, 774.467, 1303.291, 0.000, 765.560, 0.000, 0.671, 3.968, 0.000, 
192, 4, 0, 227.828, 1649.161, 29.275, 1487.266, 22.833, 784.795, 1331.314, 0.000, 771.731, 0.000, 0.621, 3.767, 0.000, 
192, 4, 0, 221.466, 1632.029, 33.794, 1520.059, 22.712, 781.219, 1048.782, 0.000, 1041.038, 0.000, 0.902, 2.965, 0.000, 
192, 4, 0, 224.943, 1606.231, 33.994, 1513.526, 22.623, 787.271, 1087.355, 0.000, 979.242, 0.000, 0.701, 3.086, 0.000, 
192, 4, 0, 223.500, 1622.441, 43.352, 1412.517, 18.184, 774.616, 1092.815, 0.000, 953.433, 0.000, 0.922, 9.218, 0.000, 
192, 4, 0, 216.727, 1629.074, 45.225, 1240.623, 23.695, 779.556, 1296.288, 0.000, 761.111, 0.000, 0.771, 3.086, 0.000, 
192, 4, 0, 216.106, 1660.543, 47.670, 1381.728, 24.566, 779.275, 1082.666, 0.000, 1001.123, 0.000, 1.282, 8.937, 0.000, 
192, 4, 0, 220.274, 1626.018, 49.302, 1260.660, 24.096, 785.478, 1294.073, 0.000, 766.922, 0.000, 0.641, 3.887, 0.000, 
192, 4, 0, 231.396, 1599.167, 36.609, 1492.557, 23.404, 789.054, 1088.737, 0.000, 986.936, 0.000, 0.671, 9.177, 0.000, 
193, 4, 0, 210.126, 1554.743, 44.453, 1330.562, 23.624, 791.619, 1104.236, 0.000, 984.652, 0.000, 1.032, 8.696, 0.000, 
193, 4, 0, 213.622, 1606.330, 31.789, 1277.011, 22.963, 783.493, 1110.237, 0.000, 874.845, 0.000, 0.782, 8.656, 0.000, 
193, 4, 0, 214.023, 1651.205, 37.892, 1248.188, 22.542, 786.178, 1336.884, 0.000, 780.828, 0.000, 1.032, 3.006, 0.000, 
193, 4, 0, 207.711, 1624.405, 47.569, 1411.905, 18.625, 774.066, 735.183, 0.000, 736.906, 0.000, 0.711, 4.007, 0.000, 
193, 4, 0, 213.542, 1590.551, 42.270, 1304.454, 17.894, 779.135, 738.309, 0.000, 736.906, 0.000, 1.142, 2.925, 0.000, 
193, 4, 0, 214.764, 1627.440, 35.307, 1407.497, 17.804, 775.558, 1089.309, 0.000, 997.836, 0.000, 0.711, 9.418, 0.000, 
193, 4, 0, 222.729, 1621.720, 27.101, 1251.283, 22.663, 793.523, 1359.336, 0.000, 781.349, 0.000, 0.681, 3.967, 0.000, 
193, 4, 0, 227.759, 1667.055, 46.367, 1446.500, 22.983, 785.858, 1358.795, 0.000, 781.910, 0.000, 1.153, 3.086, 0.000, 
193, 4, 0, 221.045, 1634.012, 45.575, 1451.158, 23.053, 783.874, 1101.722, 0.000, 878.773, 0.000, 0.421, 8.456, 0.000, 
193, 4, 0, 218.520, 1609.486, 26.750, 1268.856, 23.664, 790.256, 1104.046, 0.000, 945.618, 0.000, 0.751, 9.938, 0.000, 
194, 4, 0, 225.975, 1652.798, 46.578, 1226.025, 22.913, 786.609, 1367.502, 0.000, 784.075, 0.000, 0.511, 3.046, 0.000, 
194, 4, 0, 215.225, 1612.733, 45.516, 1487.487, 22.261, 787.611, 1103.776, 0.000, 889.352, 0.000, 0.551, 9.338, 0.000, 
194, 4, 0, 213.702, 1778.614, 41.388, 1155.373, 28.985, 789.475, 1272.513, 0.000, 779.546, 0.000, 0.821, 3.887, 0.000, 
194, 4, 0, 222.819, 1616.820, 45.225, 1301.247, 23.303, 789.194, 745.201, 0.000, 735.102, 0.000, 0.240, 3.767, 0.000, 
194, 4, 0, 216.327, 1591.593, 29.145, 1409.080, 17.803, 780.618, 1115.548, 0.000, 949.425, 0.000, 0.751, 8.696, 0.000, 
194, 4, 0, 215.666, 1625.055, 41.859, 1245.503, 22.813, 793.813, 1362.412, 0.000, 786.159, 0.000, 1.042, 3.046, 0.000, 
194, 4, 0, 237.887, 1624.946, 27.852, 1416.283, 18.776, 790.777, 742.236, 0.000, 735.382, 0.000, 0.852, 9.458, 0.000, 
194, 4, 0, 214.293, 1635.776, 31.860, 1263.607, 23.815, 792.210, 1107.653, 0.000, 878.091, 0.000, 0.871, 9.458, 0.000, 
194, 4, 0, 224.091, 1637.269, 43.121, 1252.576, 23.143, 789.665, 1367.061, 0.000, 779.626, 0.000, 0.931, 3.085, 0.000, 
194, 4, 0, 230.724, 1635.074, 28.694, 1411.004, 18.805, 796.508, 741.595, 0.000, 742.957, 0.000, 0.691, 3.887, 0.000, 
195, 4, 0, 222.288, 1595.090, 36.659, 1500.892, 23.565, 792.210, 1312.117, 0.000, 777.142, 0.000, 0.551, 3.887, 0.000, 
195, 4, 0, 227.198, 1634.904, 45.726, 1510.400, 23.424, 788.623, 1104.346, 0.000, 895.925, 0.000, 0.621, 8.856, 0.000, 
195, 4, 0, 223.130, 1623.733, 46.308, 1212.931, 22.904, 799.384, 1372.912, 0.000, 768.405, 0.000, 0.481, 3.006, 0.000, 
195, 4, 0, 228.300, 1635.836, 46.307, 1154.601, 18.375, 994.080, 1187.553, 0.000, 783.353, 0.000, 0.411, 3.807, 0.000, 
195, 4, 0, 226.115, 1615.218, 45.155, 1465.326, 22.883, 786.759, 1114.525, 0.000, 991.063, 0.000, 0.902, 4.048, 0.000, 
195, 4, 0, 220.474, 1675.070, 30.418, 1411.545, 18.184, 799.914, 1070.162, 0.000, 1018.035, 0.000, 0.822, 8.456, 0.000, 
195, 4, 0, 227.097, 1644.352, 46.417, 1227.749, 23.444, 794.334, 1378.773, 0.000, 777.302, 0.000, 1.042, 3.927, 0.000, 
195, 4, 0, 225.634, 1588.046, 32.741, 1137.459, 18.575, 923.346, 1278.043, 0.000, 786.199, 0.000, 0.782, 3.928, 0.000, 
195, 4, 0, 223.621, 1605.669, 46.398, 1420.662, 18.685, 789.325, 1087.125, 0.000, 990.303, 0.000, 0.561, 9.217, 0.000, 
195, 4, 0, 217.620, 1629.594, 48.161, 1254.549, 22.693, 796.929, 1369.024, 0.000, 773.094, 0.000, 1.122, 3.847, 0.000, 
196, 4, 0, 234.381, 1613.705, 28.103, 1425.511, 17.934, 810.865, 749.971, 0.000, 742.116, 0.000, 0.952, 3.888, 0.000, 
196, 4, 0, 231.636, 1617.041, 36.779, 1465.095, 23.013, 802.529, 1364.165, 0.000, 776.821, 0.000, 0.421, 3.848, 0.000, 
196, 4, 0, 227.598, 1652.026, 46.377, 1480.905, 22.603, 794.394, 1115.197, 0.000, 877.610, 0.000, 0.782, 8.857, 0.000, 
196, 4, 0, 221.356, 1678.326, 36.809, 1194.526, 23.394, 800.315, 1375.056, 0.000, 792.971, 0.000, 0.962, 3.767, 0.000, 
196, 4, 0, 222.939, 1613.514, 29.576, 1428.617, 18.705, 791.438, 1118.564, 0.000, 1006.172, 0.000, 1.002, 9.298, 0.000, 
196, 4, 0, 226.375, 1636.978, 46.127, 1227.829, 22.613, 807.499, 1374.535, 0.000, 787.962, 0.000, 0.661, 3.166, 0.000, 
196, 4, 0, 220.575, 1631.518, 33.002, 1435.689, 22.752, 802.729, 1371.459, 0.000, 791.609, 0.000, 0.531, 3.246, 0.000, 
196, 4, 0, 222.047, 1568.249, 46.367, 1466.668, 23.334, 800.235, 1118.043, 0.000, 889.272, 0.000, 0.771, 8.897, 0.000, 
196, 4, 0, 225.254, 1654.551, 45.455, 1214.393, 23.404, 790.827, 1375.787, 0.000, 790.607, 0.000, 0.891, 3.085, 0.000, 
196, 4, 0, 227.648, 1659.240, 46.287, 1420.331, 18.004, 798.241, 744.760, 0.000, 741.635, 0.000, 0.671, 3.005, 0.000, 
197, 4, 0, 222.168, 1535.558, 41.097, 1429.618, 19.126, 804.714, 753.257, 0.000, 755.421, 0.000, 0.631, 3.967, 0.000, 
197, 4, 0, 220.335, 1646.015, 29.516, 1424.188, 22.241, 801.477, 1310.865, 0.000, 783.313, 0.000, 0.641, 3.887, 0.000, 
197, 4, 0, 229.482, 1639.302, 46.718, 1492.697, 23.163, 806.256, 1380.396, 0.000, 777.382, 0.000, 0.821, 3.927, 0.000, 
197, 4, 0, 229.492, 1659.781, 46.918, 1421.403, 18.074, 800.686, 1126.970, 0.000, 945.017, 0.000, 1.172, 9.498, 0.000, 
197, 4, 0, 224.192, 1685.720, 30.377, 1183.485, 22.192, 807.900, 1317.077, 0.000, 786.839, 0.000, 0.381, 3.927, 0.000, 
197, 4, 0, 256.833, 1665.131, 48.631, 1428.857, 17.974, 795.816, 1096.732, 0.000, 1012.705, 0.000, 0.852, 8.616, 0.000, 
197, 4, 0, 218.982, 1658.800, 47.850, 1208.202, 23.504, 799.003, 1351.381, 0.000, 788.683, 0.000, 0.652, 3.086, 0.000, 
197, 4, 0, 218.821, 1652.146, 27.662, 1428.456, 22.953, 802.499, 1126.117, 0.000, 880.977, 0.000, 0.792, 3.046, 0.000, 
197, 4, 0, 211.478, 1612.592, 27.522, 1406.926, 18.335, 799.524, 1129.835, 0.000, 970.745, 0.000, 0.712, 9.177, 0.000, 
197, 4, 0, 218.160, 1635.145, 47.750, 1249.810, 23.074, 805.074, 1379.865, 0.000, 790.767, 0.000, 0.671, 3.847, 0.000, 
198, 4, 0, 227.708, 1633.973, 43.813, 1426.342, 19.095, 804.663, 1092.565, 0.000, 1023.965, 0.000, 0.691, 8.656, 0.000, 
198, 4, 0, 229.622, 1660.773, 35.517, 1178.376, 22.673, 812.879, 1385.385, 0.000, 795.697, 0.000, 0.391, 3.888, 0.000, 
198, 4, 0, 237.747, 1574.150, 46.337, 1433.947, 18.635, 793.201, 1140.084, 0.000, 975.434, 0.000, 0.992, 8.737, 0.000, 
198, 4, 0, 234.682, 1651.005, 45.124, 1804.713, 23.194, 803.772, 1139.563, 0.000, 978.480, 0.000, 0.711, 9.337, 0.000, 
198, 4, 0, 222.378, 1689.647, 43.231, 1215.445, 22.893, 800.576, 1285.438, 0.000, 795.897, 0.000, 0.791, 3.847, 0.000, 
198, 4, 0, 225.353, 1624.385, 33.212, 1486.325, 23.444, 804.393, 1356.361, 0.000, 803.231, 0.000, 0.541, 3.967, 0.000, 
198, 4, 0, 231.906, 1630.847, 28.323, 1150.243, 18.755, 1031.019, 756.302, 0.000, 750.211, 0.000, 0.952, 3.967, 0.000, 
198, 4, 0, 232.948, 1639.232, 28.584, 1441.972, 18.645, 806.968, 750.612, 0.000, 751.293, 0.000, 0.531, 3.166, 0.000, 
198, 4, 0, 223.581, 1649.832, 33.323, 1433.917, 18.244, 799.644, 756.383, 0.000, 750.652, 0.000, 0.812, 3.887, 0.000, 
198, 4, 0, 238.859, 1664.671, 40.947, 1316.205, 23.545, 806.236, 757.825, 0.000, 749.609, 0.000, 0.801, 3.967, 0.000, 
199, 4, 0, 222.549, 1675.711, 47.720, 1409.451, 18.645, 803.421, 1141.777, 0.000, 965.375, 0.000, 0.671, 8.656, 0.000, 
199, 4, 0, 223.751, 1644.532, 36.679, 1199.045, 22.833, 803.802, 1361.571, 0.000, 791.609, 0.000, 0.982, 3.888, 0.000, 
199, 4, 0, 232.858, 1660.703, 36.439, 1475.184, 18.525, 803.782, 1098.967, 0.000, 1022.764, 0.000, 0.662, 9.458, 0.000, 
199, 4, 0, 222.198, 1638.371, 46.528, 1237.578, 22.923, 806.757, 1381.058, 0.000, 795.416, 0.000, 0.691, 3.166, 0.000, 
199, 4, 0, 233.239, 1632.370, 41.037, 1574.992, 22.812, 813.379, 1144.853, 0.000, 957.040, 0.000, 0.491, 3.847, 0.000, 
199, 4, 0, 212.239, 1654.471, 46.337, 1322.497, 25.037, 815.874, 1141.256, 0.000, 964.734, 0.000, 0.651, 9.818, 0.000, 
199, 4, 0, 214.524, 1616.600, 41.228, 1299.183, 23.174, 804.283, 1288.002, 0.000, 791.729, 0.000, 0.812, 3.928, 0.000, 
199, 4, 0, 213.652, 1642.068, 45.406, 1484.231, 23.244, 808.200, 1102.643, 0.000, 1026.450, 0.000, 0.711, 3.125, 0.000, 
199, 4, 0, 205.005, 1607.382, 29.104, 1409.160, 18.294, 811.075, 1141.827, 0.000, 986.294, 0.000, 0.891, 9.538, 0.000, 
199, 4, 0, 212.028, 1619.646, 48.000, 1262.735, 23.484, 804.322, 1392.749, 0.000, 798.982, 0.000, 0.591, 3.967, 0.000, 
200, 4, 0, 225.905, 1688.505, 47.600, 1437.884, 18.666, 805.776, 1141.266, 0.000, 991.745, 0.000, 0.551, 8.737, 0.000, 
200, 4, 0, 216.708, 1674.719, 45.746, 1226.005, 23.013, 810.233, 1265.900, 0.000, 802.990, 0.000, 0.741, 3.847, 0.000, 
200, 4, 0, 229.832, 1671.022, 37.140, 1343.537, 23.985, 824.220, 765.320, 0.000, 759.228, 0.000, 0.872, 3.086, 0.000, 
200, 4, 0, 214.934, 1679.509, 27.782, 1448.303, 23.284, 823.449, 1379.855, 0.000, 803.311, 0.000, 0.792, 2.965, 0.000, 
200, 4, 0, 246.894, 1813.040, 30.748, 1303.281, 25.398, 819.230, 1149.160, 0.000, 803.912, 0.000, 0.681, 9.137, 0.000, 
200, 4, 0, 229.061, 1696.751, 37.851, 1192.042, 23.364, 817.577, 1389.252, 0.000, 802.950, 0.000, 0.701, 3.046, 0.000, 
200, 4, 0, 220.816, 1678.676, 44.864, 1156.524, 18.154, 1051.978, 764.317, 0.000, 760.430, 0.000, 0.701, 3.768, 0.000, 
200, 4, 0, 209.935, 1621.119, 28.994, 1304.844, 23.344, 816.946, 759.629, 0.000, 764.117, 0.000, 0.681, 3.046, 0.000, 
200, 4, 0, 214.503, 1670.662, 29.325, 1434.918, 23.454, 807.839, 1387.278, 0.000, 802.789, 0.000, 0.751, 3.847, 0.000, 
200, 4, 0, 222.458, 1687.103, 28.494, 1117.351, 18.364, 1069.330, 763.715, 0.000, 760.189, 0.000, 0.962, 3.847, 0.000, 
201, 4, 0, 218.992, 1705.477, 37.000, 1408.659, 23.323, 815.703, 1391.366, 0.000, 807.519, 0.000, 0.882, 3.006, 0.000, 
201, 4, 0, 236.254, 1731.085, 30.196, 1307.418, 17.884, 819.792, 1153.630, 0.000, 996.433, 0.000, 0.360, 8.696, 0.000, 
201, 4, 0, 206.959, 1686.011, 47.539, 1271.942, 24.015, 820.984, 1272.644, 0.000, 801.548, 0.000, 0.952, 3.888, 0.000, 
201, 4, 0, 214.513, 1740.373, 35.978, 1375.106, 23.133, 823.879, 773.254, 0.000, 761.472, 0.000, 0.681, 3.246, 0.000, 
201, 4, 0, 215.205, 1693.775, 29.506, 1152.998, 18.736, 1065.474, 770.288, 0.000, 765.720, 0.000, 0.882, 3.046, 0.000, 
201, 4, 0, 223.841, 1664.069, 42.470, 1438.335, 19.036, 827.396, 1134.924, 0.000, 1011.582, 0.000, 0.712, 8.937, 0.000, 
201, 4, 0, 227.408, 1678.085, 47.670, 1830.052, 23.444, 824.751, 1118.834, 0.000, 1008.817, 0.000, 0.922, 3.046, 0.000, 
201, 4, 0, 220.234, 1704.466, 32.711, 1433.766, 23.855, 815.384, 1395.795, 0.000, 805.675, 0.000, 0.922, 4.007, 0.000, 
201, 4, 0, 281.860, 1779.316, 50.946, 1371.599, 23.985, 823.489, 1289.104, 0.000, 805.555, 0.000, 1.222, 3.887, 0.000, 
201, 4, 0, 220.816, 1693.895, 45.806, 1338.918, 20.128, 814.161, 763.195, 0.000, 762.595, 0.000, 1.092, 3.928, 0.000, 
202, 4, 0, 217.158, 1714.554, 29.375, 1185.128, 21.471, 1006.002, 772.974, 0.000, 765.079, 0.000, 0.792, 4.248, 0.000, 
202, 4, 0, 230.734, 1677.615, 47.579, 1443.264, 18.405, 817.077, 1164.299, 0.000, 992.907, 0.000, 0.731, 8.856, 0.000, 
202, 4, 0, 238.569, 1844.318, 44.213, 1620.006, 24.866, 821.294, 1395.184, 0.000, 811.326, 0.000, 0.662, 3.927, 0.000, 
202, 4, 0, 208.342, 1602.393, 48.771, 1513.165, 22.853, 824.270, 1168.107, 0.000, 1000.039, 0.000, 0.611, 3.046, 0.000, 
202, 4, 0, 210.867, 1690.950, 43.902, 1410.191, 25.248, 828.739, 1284.656, 0.000, 807.679, 0.000, 0.781, 3.888, 0.000, 
202, 4, 0, 223.961, 1632.760, 29.195, 1155.694, 19.506, 1059.051, 770.769, 0.000, 770.729, 0.000, 1.182, 3.968, 0.000, 
202, 4, 0, 224.452, 1689.548, 28.844, 1182.654, 21.390, 948.954, 771.291, 0.000, 767.243, 0.000, 1.082, 3.847, 0.000, 
202, 4, 0, 216.307, 1691.852, 46.237, 1384.734, 22.733, 823.048, 1398.490, 0.000, 813.931, 0.000, 0.891, 3.006, 0.000, 
202, 4, 0, 218.311, 1643.600, 40.687, 1453.363, 19.166, 818.769, 1140.293, 0.000, 1018.395, 0.000, 1.112, 3.887, 0.000, 
202, 4, 0, 220.134, 1767.824, 51.106, 1383.571, 23.704, 828.457, 1360.739, 0.000, 808.882, 0.000, 0.641, 3.045, 0.000, 
203, 4, 0, 221.918, 1671.092, 44.514, 1442.413, 18.445, 826.494, 1177.834, 0.000, 951.309, 0.000, 0.662, 3.807, 0.000, 
203, 4, 0, 218.621, 1758.317, 51.237, 1384.434, 23.554, 828.337, 1279.295, 0.000, 815.413, 0.000, 0.791, 3.086, 0.000, 
203, 4, 0, 222.238, 1751.183, 29.124, 1310.374, 19.156, 824.370, 1168.137, 0.000, 969.623, 0.000, 0.952, 8.776, 0.000, 
203, 4, 0, 220.174, 1714.814, 48.090, 1199.525, 23.604, 825.522, 1341.563, 0.000, 820.863, 0.000, 0.861, 8.617, 0.000, 
203, 4, 0, 221.426, 1730.134, 37.330, 1221.797, 23.784, 823.729, 1402.117, 0.000, 808.841, 0.000, 0.812, 3.888, 0.000, 
203, 4, 0, 218.931, 1695.388, 42.480, 1539.615, 23.524, 827.676, 1309.092, 0.000, 825.032, 0.000, 1.262, 4.048, 0.000, 
203, 4, 0, 223.089, 1715.997, 35.427, 1390.355, 23.214, 829.911, 778.944, 0.000, 776.460, 0.000, 0.531, 3.847, 0.000, 
203, 4, 0, 224.592, 1716.798, 48.000, 1583.678, 23.844, 830.551, 1402.107, 0.000, 802.268, 0.000, 1.072, 3.927, 0.000, 
203, 4, 0, 216.998, 1706.389, 43.171, 1445.839, 20.018, 829.150, 1193.144, 0.000, 922.935, 0.000, 1.082, 8.696, 0.000, 
203, 4, 0, 222.068, 1610.207, 30.738, 1236.265, 23.354, 828.298, 1379.995, 0.000, 820.143, 0.000, 1.032, 3.967, 0.000, 
204, 4, 0, 220.985, 1629.495, 42.289, 1451.269, 21.881, 836.964, 1174.729, 0.000, 999.559, 0.000, 0.531, 8.696, 0.000, 
204, 4, 0, 222.709, 1615.037, 29.606, 1257.635, 23.535, 834.760, 1305.976, 0.000, 812.488, 0.000, 0.872, 3.967, 0.000, 
204, 4, 0, 221.366, 1630.897, 47.980, 1350.710, 24.045, 836.353, 777.982, 0.000, 777.302, 0.000, 0.872, 3.887, 0.000, 
204, 4, 0, 223.661, 1732.007, 30.427, 1341.242, 25.639, 823.118, 1346.211, 0.000, 815.253, 0.000, 1.152, 3.046, 0.000, 
204, 4, 0, 221.176, 1612.543, 31.880, 1502.345, 24.646, 829.370, 1403.319, 0.000, 819.141, 0.000, 0.851, 3.727, 0.000, 
204, 4, 0, 224.542, 1623.813, 27.922, 1154.150, 18.736, 1069.942, 777.622, 0.000, 772.973, 0.000, 0.972, 3.767, 0.000, 
204, 4, 0, 218.361, 1634.513, 28.643, 1460.256, 22.893, 836.423, 1405.774, 0.000, 810.725, 0.000, 0.531, 3.246, 0.000, 
204, 4, 0, 224.902, 1632.550, 37.440, 1191.250, 19.065, 949.455, 779.386, 0.000, 776.741, 0.000, 0.501, 3.246, 0.000, 
204, 4, 0, 222.518, 1628.141, 44.333, 1551.608, 23.354, 829.339, 1410.232, 0.000, 821.144, 0.000, 1.002, 3.005, 0.000, 
204, 4, 0, 223.881, 1617.462, 28.233, 1166.904, 20.468, 1074.099, 780.107, 0.000, 777.983, 0.000, 0.641, 3.927, 0.000, 
205, 4, 0, 237.306, 1639.573, 30.327, 1157.377, 20.138, 1071.735, 782.711, 0.000, 781.469, 0.000, 0.752, 3.767, 0.000, 
205, 4, 0, 214.824, 1641.827, 39.405, 1540.577, 22.823, 833.528, 1327.386, 0.000, 820.704, 0.000, 0.461, 3.206, 0.000, 
205, 4, 0, 218.731, 1692.152, 43.722, 1566.616, 23.575, 830.061, 1405.113, 0.000, 820.062, 0.000, 0.531, 3.045, 0.000, 
205, 4, 0, 213.511, 1614.216, 40.827, 1510.521, 23.274, 826.975, 1410.933, 0.000, 816.416, 0.000, 0.551, 3.887, 0.000, 
205, 4, 0, 207.180, 1615.227, 45.796, 1530.508, 22.573, 835.972, 1376.409, 0.000, 824.350, 0.000, 0.992, 3.046, 0.000, 
205, 4, 0, 227.889, 1614.786, 35.196, 1166.404, 20.839, 1075.963, 783.073, 0.000, 780.067, 0.000, 1.122, 3.928, 0.000, 
205, 4, 0, 216.447, 1621.710, 42.219, 1580.792, 23.193, 830.992, 1406.185, 0.000, 827.917, 0.000, 0.812, 3.967, 0.000, 
205, 4, 0, 215.495, 1612.352, 26.480, 1487.968, 23.273, 832.245, 1408.619, 0.000, 823.629, 0.000, 0.691, 3.046, 0.000, 
205, 4, 0, 215.715, 1623.674, 26.469, 1482.287, 23.013, 832.586, 1331.504, 0.000, 823.789, 0.000, 0.591, 3.206, 0.000, 
205, 4, 0, 217.789, 1631.769, 36.839, 1588.637, 22.973, 835.280, 1431.923, 0.000, 818.780, 0.000, 0.762, 3.888, 0.000, 
206, 4, 0, 219.112, 1591.673, 36.839, 1347.654, 17.573, 844.398, 786.038, 0.000, 782.351, 0.000, 0.651, 3.847, 0.000, 
206, 4, 0, 216.337, 1643.982, 31.259, 1472.830, 23.293, 834.429, 1420.731, 0.000, 827.877, 0.000, 0.681, 3.767, 0.000, 
206, 4, 0, 218.681, 1622.522, 36.959, 1455.857, 19.647, 836.974, 1152.547, 0.000, 1008.497, 0.000, 0.882, 8.816, 0.000, 
206, 4, 0, 218.491, 1692.372, 40.396, 1228.049, 23.324, 842.965, 1348.215, 0.000, 820.062, 0.000, 0.801, 3.808, 0.000, 
206, 4, 0, 213.151, 1565.814, 33.503, 1448.473, 17.453, 837.215, 1189.907, 0.000, 997.836, 0.000, 0.932, 4.087, 0.000, 
206, 4, 0, 209.454, 1599.909, 44.093, 1453.493, 17.723, 832.325, 1180.039, 0.000, 1016.191, 0.000, 0.662, 9.177, 0.000, 
206, 4, 0, 218.020, 1590.451, 47.309, 1334.960, 23.023, 835.340, 1295.747, 0.000, 823.188, 0.000, 0.972, 3.847, 0.000, 
206, 4, 0, 225.183, 1613.675, 44.954, 1232.397, 18.435, 925.841, 1315.273, 0.000, 827.636, 0.000, 0.431, 3.046, 0.000, 
206, 4, 0, 219.493, 1628.211, 24.536, 1488.098, 22.392, 835.782, 1408.869, 0.000, 827.156, 0.000, 0.842, 3.166, 0.000, 
206, 4, 0, 218.962, 1622.070, 23.535, 1491.946, 23.334, 834.088, 1412.597, 0.000, 822.787, 0.000, 0.552, 3.046, 0.000, 
207, 4, 0, 221.767, 1631.739, 42.991, 1188.675, 17.533, 1081.644, 789.004, 0.000, 783.914, 0.000, 1.353, 3.887, 0.000, 
207, 4, 0, 217.859, 1661.885, 43.481, 1432.613, 23.875, 837.434, 1324.180, 0.000, 827.956, 0.000, 1.432, 3.046, 0.000, 
207, 4, 0, 218.240, 1592.665, 38.894, 1567.588, 22.612, 833.226, 1159.500, 0.000, 1031.500, 0.000, 0.541, 3.166, 0.000, 
207, 4, 0, 209.664, 1608.866, 28.804, 1438.666, 18.695, 830.041, 1160.793, 0.000, 1037.431, 0.000, 0.672, 8.656, 0.000, 
207, 4, 0, 217.960, 1637.659, 31.699, 1261.111, 23.263, 846.622, 1358.114, 0.000, 834.609, 0.000, 0.491, 3.967, 0.000, 
207, 4, 0, 218.662, 1631.438, 47.209, 1564.592, 23.474, 840.200, 1420.491, 0.000, 837.214, 0.000, 0.671, 3.046, 0.000, 
207, 4, 0, 221.075, 1682.735, 28.023, 1448.755, 21.921, 851.882, 1211.949, 0.000, 977.638, 0.000, 0.441, 3.086, 0.000, 
207, 4, 0, 218.481, 1717.710, 45.165, 1414.941, 23.995, 836.243, 1420.491, 0.000, 824.630, 0.000, 0.731, 3.086, 0.000, 
207, 4, 0, 225.033, 1678.507, 23.414, 1503.437, 22.983, 833.748, 1425.962, 0.000, 826.875, 0.000, 0.981, 3.847, 0.000, 
207, 4, 0, 227.207, 1673.137, 32.381, 1398.510, 18.074, 838.146, 1197.202, 0.000, 982.848, 0.000, 0.521, 3.045, 0.000, 
208, 4, 0, 233.078, 1772.083, 46.277, 1547.570, 23.955, 838.837, 1322.947, 0.000, 838.537, 0.000, 1.002, 3.005, 0.000, 
208, 4, 0, 207.050, 1671.453, 29.395, 1482.908, 23.394, 844.619, 1420.701, 0.000, 840.060, 0.000, 1.032, 3.847, 0.000, 
208, 4, 0, 222.428, 1707.030, 26.650, 1449.575, 19.387, 839.559, 1210.126, 0.000, 891.116, 0.000, 1.193, 9.458, 0.000, 
208, 4, 0, 227.287, 1694.737, 47.560, 1843.106, 23.514, 851.260, 1174.609, 0.000, 948.103, 0.000, 1.122, 3.005, 0.000, 
208, 4, 0, 218.330, 1683.496, 32.762, 1487.928, 24.316, 847.063, 1423.607, 0.000, 832.125, 0.000, 0.561, 3.045, 0.000, 
208, 4, 0, 221.507, 1688.365, 35.296, 1459.675, 18.405, 835.822, 1202.550, 0.000, 943.574, 0.000, 0.741, 9.498, 0.000, 
208, 4, 0, 223.400, 1728.620, 44.764, 1783.513, 23.624, 842.734, 1167.866, 0.000, 1021.561, 0.000, 0.481, 3.848, 0.000, 
208, 4, 0, 218.831, 1734.372, 44.894, 1387.880, 22.923, 848.786, 1419.319, 0.000, 840.500, 0.000, 0.651, 3.086, 0.000, 
208, 4, 0, 217.800, 1690.398, 46.428, 1608.134, 23.354, 844.187, 1419.800, 0.000, 838.176, 0.000, 0.962, 3.006, 0.000, 
208, 4, 0, 220.505, 1682.394, 29.556, 1451.129, 18.014, 842.274, 1200.818, 0.000, 1003.808, 0.000, 0.812, 3.126, 0.000, 
209, 4, 0, 221.888, 1687.302, 28.254, 1504.960, 23.564, 848.435, 1309.062, 0.000, 841.543, 0.000, 0.882, 3.046, 0.000, 
209, 4, 0, 224.362, 1687.774, 46.648, 1598.446, 23.244, 855.208, 1376.308, 0.000, 843.065, 0.000, 0.982, 3.327, 0.000, 
209, 4, 0, 220.104, 1659.971, 45.786, 1415.221, 23.715, 846.532, 1309.763, 0.000, 840.781, 0.000, 1.082, 3.327, 0.000, 
209, 4, 0, 226.416, 1718.602, 48.210, 1350.670, 24.876, 849.898, 1314.371, 0.000, 841.743, 0.000, 0.981, 3.887, 0.000, 
209, 4, 0, 217.138, 1687.262, 38.212, 1376.649, 23.815, 853.616, 1207.531, 0.000, 946.420, 0.000, 0.912, 8.697, 0.000, 
209, 4, 0, 225.244, 1672.234, 46.508, 1239.772, 23.424, 848.926, 1354.627, 0.000, 834.569, 0.000, 0.562, 8.696, 0.000, 
209, 4, 0, 226.806, 1729.613, 47.530, 1232.899, 23.694, 843.987, 1356.070, 0.000, 842.464, 0.000, 0.962, 9.057, 0.000, 
209, 4, 0, 239.049, 1840.291, 32.230, 1710.647, 24.516, 849.517, 1331.333, 0.000, 837.295, 0.000, 0.722, 3.887, 0.000, 
209, 4, 0, 217.579, 1675.652, 33.333, 1229.462, 19.547, 949.105, 791.970, 0.000, 797.099, 0.000, 0.902, 3.968, 0.000, 
209, 4, 0, 231.576, 1757.775, 45.215, 1598.957, 23.414, 848.876, 1426.762, 0.000, 831.484, 0.000, 0.782, 3.968, 0.000, 
210, 4, 0, 231.776, 1739.401, 28.363, 1540.988, 23.314, 853.314, 1357.673, 0.000, 842.785, 0.000, 0.992, 8.375, 0.000, 
210, 4, 0, 227.758, 1716.548, 50.174, 1858.605, 23.775, 854.086, 1230.343, 0.000, 882.339, 0.000, 0.751, 8.817, 0.000, 
210, 4, 0, 224.963, 1773.095, 39.484, 1793.512, 24.256, 854.177, 1227.318, 0.000, 900.133, 0.000, 0.651, 3.887, 0.000, 
210, 4, 0, 232.087, 1729.572, 45.866, 1374.064, 23.494, 847.183, 1370.617, 0.000, 847.193, 0.000, 0.752, 8.656, 0.000, 
210, 4, 0, 233.710, 1726.436, 51.397, 1214.835, 24.125, 845.249, 1375.307, 0.000, 842.664, 0.000, 1.222, 9.338, 0.000, 
210, 4, 0, 228.239, 1739.371, 37.351, 1841.533, 23.814, 857.913, 1231.065, 0.000, 958.362, 0.000, 0.772, 3.847, 0.000, 
210, 4, 0, 230.643, 1689.306, 47.119, 1383.542, 23.965, 852.764, 1187.453, 0.000, 1033.584, 0.000, 0.641, 8.496, 0.000, 
210, 4, 0, 220.675, 1716.177, 29.476, 1826.305, 22.943, 854.557, 1196.300, 0.000, 946.500, 0.000, 0.872, 3.006, 0.000, 
210, 4, 0, 218.250, 1723.902, 40.596, 1423.016, 23.564, 857.432, 1368.374, 0.000, 844.588, 0.000, 1.282, 8.416, 0.000, 
210, 4, 0, 219.643, 1679.038, 46.357, 1255.721, 23.224, 843.987, 1376.428, 0.000, 835.170, 0.000, 0.981, 8.776, 0.000, 
211, 4, 0, 222.739, 1687.022, 46.457, 1247.496, 23.745, 853.154, 1374.304, 0.000, 846.432, 0.000, 0.892, 3.286, 0.000, 
211, 4, 0, 223.460, 1706.279, 38.332, 1414.800, 23.334, 855.489, 1363.484, 0.000, 846.913, 0.000, 0.792, 8.897, 0.000, 
211, 4, 0, 222.559, 1678.767, 40.837, 1259.920, 22.692, 851.591, 1358.434, 0.000, 844.588, 0.000, 0.822, 8.616, 0.000, 
211, 4, 0, 225.594, 1691.631, 45.766, 1255.511, 24.066, 850.389, 1369.976, 0.000, 847.593, 0.000, 1.553, 8.576, 0.000, 
211, 4, 0, 222.428, 1704.055, 45.996, 1257.785, 23.384, 851.892, 1372.141, 0.000, 848.035, 0.000, 0.912, 3.046, 0.000, 
211, 4, 0, 223.450, 1692.703, 47.359, 1361.229, 22.772, 863.664, 1379.394, 0.000, 849.036, 0.000, 0.661, 8.656, 0.000, 
211, 4, 0, 224.883, 1699.315, 45.326, 1248.438, 23.905, 866.309, 1374.224, 0.000, 847.514, 0.000, 0.571, 3.005, 0.000, 
211, 4, 0, 228.830, 1726.016, 47.930, 1335.601, 23.284, 860.909, 1371.339, 0.000, 844.268, 0.000, 0.941, 4.008, 0.000, 
211, 4, 0, 229.161, 1758.497, 51.888, 1343.016, 23.865, 858.765, 1376.469, 0.000, 843.626, 0.000, 1.031, 8.936, 0.000, 
211, 4, 0, 233.889, 1705.097, 31.529, 1831.274, 24.556, 853.104, 1235.012, 0.000, 988.980, 0.000, 0.801, 3.046, 0.000, 
212, 4, 0, 227.929, 1745.653, 46.738, 1359.837, 24.907, 859.687, 1386.006, 0.000, 855.008, 0.000, 1.142, 9.738, 0.000, 
212, 4, 0, 228.830, 1710.687, 33.984, 1850.430, 23.424, 853.916, 1242.527, 0.000, 961.609, 0.000, 0.581, 3.807, 0.000, 
212, 4, 0, 233.118, 1746.895, 35.717, 1574.841, 23.435, 860.208, 1369.335, 0.000, 847.954, 0.000, 0.811, 3.046, 0.000, 
212, 4, 0, 231.215, 1727.007, 32.642, 1305.175, 23.885, 859.737, 1384.042, 0.000, 849.477, 0.000, 0.982, 10.059, 0.000, 
212, 4, 0, 230.102, 1701.029, 46.528, 1238.399, 24.886, 858.183, 1386.407, 0.000, 849.317, 0.000, 0.941, 8.696, 0.000, 
212, 4, 0, 233.018, 1722.439, 34.385, 1847.234, 24.355, 869.905, 1247.316, 0.000, 986.055, 0.000, 1.082, 3.767, 0.000, 
212, 4, 0, 227.207, 1714.374, 38.052, 1473.341, 19.186, 850.199, 1238.429, 0.000, 922.054, 0.000, 0.661, 3.326, 0.000, 
212, 4, 0, 237.547, 1735.303, 45.987, 1616.360, 22.392, 864.456, 1430.200, 0.000, 841.543, 0.000, 0.672, 3.848, 0.000, 
212, 4, 0, 230.253, 1731.265, 33.553, 1421.904, 23.033, 864.455, 1435.769, 0.000, 836.052, 0.000, 0.641, 3.767, 0.000, 
212, 4, 0, 231.645, 1646.947, 46.617, 1476.226, 23.605, 861.741, 1426.292, 0.000, 849.277, 0.000, 0.722, 3.968, 0.000, 
213, 4, 0, 228.580, 1625.607, 41.839, 1589.499, 23.334, 863.323, 1442.993, 0.000, 852.603, 0.000, 0.962, 3.046, 0.000, 
213, 4, 0, 236.545, 1663.408, 47.399, 1470.335, 24.466, 864.606, 1445.879, 0.000, 852.604, 0.000, 0.701, 3.086, 0.000, 
213, 4, 0, 294.274, 1790.888, 45.456, 1297.230, 23.404, 867.020, 1376.469, 0.000, 856.050, 0.000, 1.132, 3.887, 0.000, 
213, 4, 0, 236.465, 1641.286, 33.613, 1316.115, 24.647, 862.061, 1380.837, 0.000, 852.483, 0.000, 0.671, 3.046, 0.000, 
213, 4, 0, 234.400, 1658.529, 47.499, 1364.776, 23.935, 859.346, 1384.724, 0.000, 854.687, 0.000, 0.771, 3.166, 0.000, 
213, 4, 0, 231.175, 1642.999, 33.112, 1287.260, 23.956, 857.142, 1382.920, 0.000, 852.844, 0.000, 0.791, 3.527, 0.000, 
213, 4, 0, 231.906, 1688.956, 50.805, 1284.124, 24.676, 858.985, 1383.762, 0.000, 854.326, 0.000, 1.213, 8.817, 0.000, 
213, 4, 0, 238.268, 1713.973, 30.026, 1835.141, 24.065, 871.148, 1211.228, 0.000, 1025.409, 0.000, 0.721, 3.206, 0.000, 
213, 4, 0, 239.360, 1665.763, 43.632, 1379.644, 22.793, 863.805, 1392.619, 0.000, 851.561, 0.000, 0.902, 8.576, 0.000, 
213, 4, 0, 239.590, 1660.703, 48.110, 1263.225, 23.685, 864.716, 1390.254, 0.000, 853.966, 0.000, 0.942, 3.887, 0.000, 
214, 4, 0, 247.495, 1664.260, 30.587, 1322.116, 23.935, 863.805, 1389.373, 0.000, 862.502, 0.000, 0.651, 3.887, 0.000, 
214, 4, 0, 232.657, 1670.742, 46.167, 1342.635, 23.504, 866.049, 1395.063, 0.000, 859.977, 0.000, 1.052, 9.298, 0.000, 
214, 4, 0, 246.844, 1659.641, 45.746, 1246.414, 23.024, 869.686, 1389.774, 0.000, 862.942, 0.000, 1.022, 3.967, 0.000, 
214, 4, 0, 237.246, 1753.518, 29.926, 1324.992, 24.366, 866.469, 1379.273, 0.000, 856.932, 0.000, 0.531, 8.897, 0.000, 
214, 4, 0, 241.053, 1746.715, 36.648, 1831.343, 24.026, 867.772, 1437.673, 0.000, 851.922, 0.000, 0.791, 3.887, 0.000, 
214, 4, 0, 231.566, 1717.610, 39.855, 1445.207, 23.824, 868.503, 1382.961, 0.000, 861.180, 0.000, 0.942, 9.498, 0.000, 
214, 4, 0, 258.547, 1771.361, 28.874, 1748.728, 23.444, 874.595, 1325.463, 0.000, 866.068, 0.000, 0.831, 3.888, 0.000, 
214, 4, 0, 236.505, 1718.872, 46.808, 1617.061, 23.715, 866.940, 1319.521, 0.000, 858.294, 0.000, 0.521, 3.887, 0.000, 
214, 4, 0, 231.386, 1753.517, 38.783, 1490.783, 24.095, 868.183, 1389.052, 0.000, 858.335, 0.000, 0.622, 9.498, 0.000, 
214, 4, 0, 235.794, 1749.269, 46.508, 1811.717, 23.474, 872.180, 1367.641, 0.000, 859.977, 0.000, 0.551, 3.887, 0.000, 
215, 4, 0, 239.780, 1723.911, 52.519, 1616.640, 23.314, 873.502, 1388.330, 0.000, 864.546, 0.000, 2.404, 9.377, 0.000, 
215, 4, 0, 287.520, 1895.545, 34.114, 1619.957, 25.137, 875.877, 1397.468, 0.000, 867.591, 0.000, 0.931, 9.619, 0.000, 
215, 4, 0, 223.230, 1722.108, 47.490, 1264.378, 23.505, 875.727, 1377.390, 0.000, 866.589, 0.000, 0.912, 9.217, 0.000, 
215, 4, 0, 226.105, 1724.162, 30.047, 1220.074, 24.836, 869.414, 1376.068, 0.000, 869.716, 0.000, 0.872, 9.177, 0.000, 
215, 4, 0, 246.383, 1750.933, 40.266, 1842.575, 24.286, 881.257, 1442.442, 0.000, 863.503, 0.000, 0.901, 2.725, 0.000, 
215, 4, 0, 241.864, 1654.371, 46.798, 1538.163, 23.574, 876.699, 1460.216, 0.000, 864.225, 0.000, 0.571, 3.847, 0.000, 
215, 4, 0, 245.471, 1646.977, 46.578, 1453.684, 22.833, 875.938, 1397.869, 0.000, 866.990, 0.000, 0.771, 8.416, 0.000, 
215, 4, 0, 242.155, 1645.324, 49.814, 1281.270, 23.384, 875.446, 1396.787, 0.000, 867.391, 0.000, 0.611, 9.338, 0.000, 
215, 4, 0, 236.846, 1648.380, 45.726, 1268.054, 23.965, 874.795, 1378.993, 0.000, 867.911, 0.000, 0.681, 9.618, 0.000, 
215, 4, 0, 241.113, 1651.495, 41.108, 1245.863, 23.103, 867.010, 1396.546, 0.000, 867.271, 0.000, 0.902, 8.817, 0.000, 
216, 4, 0, 236.705, 1642.599, 46.929, 1266.021, 23.334, 875.506, 1376.870, 0.000, 872.842, 0.000, 0.941, 9.738, 0.000, 
216, 4, 0, 254.910, 1691.320, 46.418, 1822.247, 23.534, 875.636, 1445.017, 0.000, 854.326, 0.000, 0.871, 3.768, 0.000, 
216, 4, 0, 248.087, 1735.914, 38.483, 1428.757, 23.284, 876.859, 1398.150, 0.000, 864.225, 0.000, 0.612, 9.057, 0.000, 
216, 4, 0, 245.011, 1769.197, 48.421, 1825.062, 22.994, 875.006, 1411.825, 0.000, 866.830, 0.000, 0.652, 3.807, 0.000, 
216, 4, 0, 245.953, 1753.307, 34.355, 1333.758, 23.354, 877.130, 1398.950, 0.000, 863.303, 0.000, 0.771, 9.738, 0.000, 
216, 4, 0, 242.506, 1709.846, 47.129, 1830.472, 24.056, 880.316, 1342.304, 0.000, 868.112, 0.000, 0.781, 3.887, 0.000, 
216, 4, 0, 244.640, 1745.893, 30.958, 1594.448, 23.494, 873.182, 1389.854, 0.000, 865.789, 0.000, 0.792, 8.536, 0.000, 
216, 4, 0, 254.829, 1758.858, 47.098, 1787.832, 23.344, 886.347, 1346.572, 0.000, 869.154, 0.000, 0.991, 3.046, 0.000, 
216, 4, 0, 248.377, 1822.076, 53.731, 1370.978, 25.328, 874.464, 1235.924, 0.000, 864.946, 0.000, 1.002, 8.857, 0.000, 
216, 4, 0, 260.761, 1709.224, 46.858, 1809.994, 24.627, 876.438, 1420.681, 0.000, 862.462, 0.000, 0.561, 3.006, 0.000, 
217, 4, 0, 248.347, 1759.789, 48.141, 1519.007, 24.266, 885.335, 1404.441, 0.000, 872.962, 0.000, 0.831, 9.377, 0.000, 
217, 4, 0, 242.587, 1703.333, 33.644, 1850.179, 24.185, 885.114, 1451.930, 0.000, 862.542, 0.000, 0.792, 3.406, 0.000, 
217, 4, 0, 243.888, 1711.739, 30.598, 1436.652, 23.966, 885.175, 1401.515, 0.000, 869.996, 0.000, 0.641, 9.257, 0.000, 
217, 4, 0, 249.720, 1731.907, 46.437, 1835.201, 23.094, 881.488, 1450.418, 0.000, 868.152, 0.000, 0.852, 3.086, 0.000, 
217, 4, 0, 251.913, 1752.295, 46.648, 1365.899, 24.957, 882.199, 1396.386, 0.000, 863.784, 0.000, 0.962, 8.856, 0.000, 
217, 4, 0, 254.589, 1759.168, 47.439, 1800.976, 23.445, 882.570, 1370.628, 0.000, 870.237, 0.000, 0.912, 4.047, 0.000, 
217, 4, 0, 246.955, 1678.125, 29.044, 1605.428, 24.746, 881.547, 1396.827, 0.000, 864.386, 0.000, 0.581, 9.418, 0.000, 
217, 4, 0, 259.147, 1730.274, 51.176, 1808.661, 24.035, 886.136, 1353.735, 0.000, 876.007, 0.000, 0.982, 3.727, 0.000, 
217, 4, 0, 245.492, 1778.935, 42.550, 1528.514, 24.065, 882.078, 1389.573, 0.000, 871.479, 0.000, 0.811, 8.736, 0.000, 
217, 4, 0, 257.174, 1744.320, 47.800, 1803.983, 24.075, 887.829, 1459.965, 0.000, 867.150, 0.000, 0.881, 3.126, 0.000, 
218, 4, 0, 250.231, 1772.343, 48.782, 1305.154, 23.293, 882.910, 1364.565, 0.000, 867.872, 0.000, 0.951, 8.776, 0.000, 
218, 4, 0, 249.078, 1744.961, 46.647, 1832.886, 24.567, 892.048, 1460.978, 0.000, 878.572, 0.000, 0.661, 3.085, 0.000, 
218, 4, 0, 250.251, 1703.874, 35.376, 1352.974, 24.015, 889.152, 1403.039, 0.000, 879.814, 0.000, 0.921, 8.576, 0.000, 
218, 4, 0, 280.768, 1738.399, 35.206, 1767.223, 24.066, 879.414, 1451.309, 0.000, 871.399, 0.000, 0.912, 3.206, 0.000, 
218, 4, 0, 253.327, 1737.056, 43.352, 1364.205, 24.356, 880.626, 1404.962, 0.000, 878.773, 0.000, 0.461, 8.897, 0.000, 
218, 4, 0, 265.298, 1750.812, 36.188, 1763.827, 23.976, 879.404, 1452.521, 0.000, 880.776, 0.000, 0.782, 3.046, 0.000, 
218, 4, 0, 245.271, 1775.589, 33.112, 1330.783, 23.414, 888.501, 1394.342, 0.000, 879.093, 0.000, 0.911, 8.375, 0.000, 
218, 4, 0, 241.244, 1709.936, 48.120, 1844.839, 23.755, 890.284, 1353.225, 0.000, 874.124, 0.000, 0.982, 3.246, 0.000, 
218, 4, 0, 227.879, 1660.943, 27.332, 1373.153, 23.244, 887.389, 1283.454, 0.000, 920.691, 0.000, 0.912, 3.046, 0.000, 
218, 4, 0, 242.606, 1692.112, 29.135, 1355.018, 24.506, 881.898, 1404.600, 0.000, 879.093, 0.000, 0.581, 9.457, 0.000, 
219, 4, 0, 235.613, 1671.654, 30.407, 1246.514, 23.915, 884.664, 1401.635, 0.000, 877.972, 0.000, 0.892, 8.977, 0.000, 
219, 4, 0, 237.987, 1716.878, 45.937, 1843.647, 24.266, 891.677, 1461.288, 0.000, 875.767, 0.000, 0.981, 3.166, 0.000, 
219, 4, 0, 233.769, 1649.152, 38.713, 1487.697, 18.294, 883.210, 1357.733, 0.000, 879.854, 0.000, 1.243, 3.967, 0.000, 
219, 4, 0, 236.775, 1705.557, 39.624, 1655.153, 24.406, 883.291, 1411.494, 0.000, 880.897, 0.000, 0.551, 8.696, 0.000, 
219, 4, 0, 238.619, 1685.780, 32.661, 1875.136, 23.154, 895.504, 1399.702, 0.000, 874.364, 0.000, 0.701, 3.046, 0.000, 
219, 4, 0, 238.629, 1722.759, 44.924, 1554.883, 24.776, 880.986, 1396.987, 0.000, 877.410, 0.000, 0.661, 9.738, 0.000, 
219, 4, 0, 230.463, 1725.395, 41.929, 1859.937, 22.993, 893.059, 1296.829, 0.000, 1007.415, 0.000, 0.771, 3.887, 0.000, 
219, 4, 0, 222.268, 1687.032, 45.506, 1513.867, 24.897, 888.802, 1353.334, 0.000, 885.625, 0.000, 0.792, 3.887, 0.000, 
219, 4, 0, 235.734, 1718.862, 37.420, 1600.400, 23.644, 895.714, 1411.092, 0.000, 884.423, 0.000, 0.982, 9.658, 0.000, 
219, 4, 0, 243.948, 1750.723, 49.162, 1840.360, 24.175, 894.732, 1460.676, 0.000, 876.969, 0.000, 0.802, 3.206, 0.000, 
220, 4, 0, 254.098, 1732.869, 37.922, 1338.988, 24.416, 896.857, 1417.305, 0.000, 888.590, 0.000, 1.212, 9.178, 0.000, 
220, 4, 0, 259.017, 1748.869, 28.493, 1791.318, 22.833, 887.689, 1467.600, 0.000, 874.525, 0.000, 0.661, 3.086, 0.000, 
220, 4, 0, 252.545, 1750.371, 35.066, 1366.820, 23.213, 893.560, 1416.384, 0.000, 880.736, 0.000, 1.112, 9.377, 0.000, 
220, 4, 0, 260.680, 1723.892, 47.350, 1817.558, 23.103, 891.666, 1461.208, 0.000, 877.530, 0.000, 0.692, 3.888, 0.000, 
220, 4, 0, 255.490, 1729.422, 30.307, 1368.113, 23.645, 887.469, 1406.245, 0.000, 878.772, 0.000, 0.802, 9.698, 0.000, 
220, 4, 0, 253.526, 1716.208, 49.293, 1832.786, 23.193, 892.358, 1350.740, 0.000, 878.131, 0.000, 0.651, 3.046, 0.000, 
220, 4, 0, 249.188, 1740.223, 33.242, 1482.207, 23.874, 888.711, 1414.580, 0.000, 886.668, 0.000, 0.671, 9.458, 0.000, 
220, 4, 0, 252.414, 1725.275, 47.740, 1820.714, 23.975, 894.161, 1458.533, 0.000, 882.941, 0.000, 0.922, 3.126, 0.000, 
220, 4, 0, 248.658, 1732.708, 33.894, 1248.257, 23.834, 891.696, 1325.372, 0.000, 885.065, 0.000, 0.741, 9.258, 0.000, 
220, 4, 0, 257.735, 1733.770, 41.808, 1810.004, 23.254, 892.458, 1481.656, 0.000, 883.982, 0.000, 0.551, 3.045, 0.000, 
221, 4, 0, 253.767, 1743.309, 28.283, 1267.954, 23.825, 894.102, 1370.979, 0.000, 888.991, 0.000, 0.571, 9.297, 0.000, 
221, 4, 0, 256.683, 1752.135, 33.783, 1792.701, 23.354, 899.562, 1466.637, 0.000, 883.982, 0.000, 0.852, 3.927, 0.000, 
221, 4, 0, 248.227, 1737.216, 47.510, 1333.929, 23.024, 901.866, 1397.107, 0.000, 879.735, 0.000, 1.142, 9.257, 0.000, 
221, 4, 0, 253.717, 1742.236, 48.742, 1827.236, 23.705, 896.476, 1463.031, 0.000, 875.045, 0.000, 0.661, 3.847, 0.000, 
221, 4, 0, 246.223, 1774.227, 49.844, 1326.534, 23.364, 897.558, 1358.675, 0.000, 883.421, 0.000, 0.651, 9.137, 0.000, 
221, 4, 0, 249.138, 1733.771, 48.280, 1838.747, 23.073, 898.980, 1462.911, 0.000, 884.303, 0.000, 0.972, 3.847, 0.000, 
221, 4, 0, 249.610, 1783.363, 30.968, 1375.586, 23.594, 900.924, 1403.079, 0.000, 888.911, 0.000, 0.982, 9.418, 0.000, 
221, 4, 0, 264.878, 1768.015, 28.083, 1796.569, 22.482, 899.752, 1358.674, 0.000, 889.072, 0.000, 0.831, 3.046, 0.000, 
221, 4, 0, 242.997, 1711.709, 46.888, 1427.585, 24.516, 899.632, 1406.525, 0.000, 883.943, 0.000, 0.892, 8.776, 0.000, 
221, 4, 0, 265.319, 1733.310, 39.474, 1812.738, 24.095, 903.919, 1488.810, 0.000, 880.014, 0.000, 1.082, 3.888, 0.000, 
222, 4, 0, 260.540, 1751.423, 47.539, 1864.295, 24.606, 907.366, 1304.934, 0.000, 890.795, 0.000, 0.792, 9.298, 0.000, 
222, 4, 0, 271.671, 1722.559, 46.397, 1763.917, 23.464, 894.021, 1471.617, 0.000, 889.032, 0.000, 0.552, 3.767, 0.000, 
222, 4, 0, 237.947, 1695.799, 33.884, 1468.001, 23.875, 897.407, 1419.229, 0.000, 886.627, 0.000, 0.821, 8.696, 0.000, 
222, 4, 0, 262.072, 1738.779, 30.337, 1804.143, 23.745, 904.271, 1461.539, 0.000, 888.311, 0.000, 0.541, 3.085, 0.000, 
222, 4, 0, 240.442, 1683.987, 47.479, 1535.868, 23.795, 901.445, 1416.423, 0.000, 891.557, 0.000, 0.621, 9.338, 0.000, 
222, 4, 0, 255.200, 1744.060, 29.806, 1806.537, 23.324, 902.998, 1349.588, 0.000, 895.724, 0.000, 0.501, 3.967, 0.000, 
222, 4, 0, 260.150, 1779.887, 28.444, 1369.455, 24.256, 903.580, 1421.073, 0.000, 887.109, 0.000, 0.421, 9.258, 0.000, 
222, 4, 0, 255.691, 1753.768, 29.135, 1807.630, 24.426, 904.541, 1473.171, 0.000, 883.662, 0.000, 0.792, 9.177, 0.000, 
222, 4, 0, 254.478, 1694.798, 45.345, 1857.734, 24.065, 901.836, 1441.881, 0.000, 891.917, 0.000, 0.862, 4.008, 0.000, 
222, 4, 0, 245.211, 1709.374, 32.471, 1392.539, 24.867, 904.782, 1388.932, 0.000, 896.125, 0.000, 0.802, 9.578, 0.000, 
223, 4, 0, 257.564, 1759.328, 28.724, 1804.564, 23.424, 903.168, 1471.056, 0.000, 890.074, 0.000, 0.441, 3.887, 0.000, 
223, 4, 0, 252.174, 1739.612, 42.219, 1304.774, 23.123, 899.802, 1362.402, 0.000, 891.396, 0.000, 1.012, 8.536, 0.000, 
223, 4, 0, 254.268, 1743.569, 26.450, 1806.166, 22.382, 902.998, 1437.102, 0.000, 887.188, 0.000, 0.762, 4.007, 0.000, 
223, 4, 0, 254.799, 1703.363, 45.505, 1412.576, 23.845, 902.508, 1425.160, 0.000, 900.333, 0.000, 1.042, 8.897, 0.000, 
223, 4, 0, 249.880, 1766.281, 28.774, 1812.048, 23.645, 907.086, 1347.624, 0.000, 899.532, 0.000, 0.572, 3.206, 0.000, 
223, 4, 0, 247.114, 1748.058, 38.041, 1460.636, 24.496, 901.525, 1412.416, 0.000, 897.207, 0.000, 0.691, 9.659, 0.000, 
223, 4, 0, 258.977, 1817.989, 47.871, 1763.607, 23.885, 914.069, 1425.200, 0.000, 901.335, 0.000, 0.661, 8.696, 0.000, 
223, 4, 0, 263.395, 1756.844, 42.319, 1802.680, 23.784, 908.779, 1422.915, 0.000, 897.087, 0.000, 1.192, 8.777, 0.000, 
223, 4, 0, 276.340, 1806.797, 41.628, 1628.832, 23.905, 903.259, 1419.910, 0.000, 890.595, 0.000, 0.561, 8.416, 0.000, 
223, 4, 0, 251.262, 1732.307, 48.011, 1844.499, 24.566, 897.438, 1471.387, 0.000, 891.156, 0.000, 0.791, 3.887, 0.000, 
224, 4, 0, 252.044, 1776.901, 35.336, 1372.561, 26.891, 905.283, 1350.820, 0.000, 894.683, 0.000, 0.882, 8.736, 0.000, 
224, 4, 0, 258.496, 1730.143, 32.211, 1802.630, 23.294, 907.757, 1372.480, 0.000, 892.598, 0.000, 1.082, 3.086, 0.000, 
224, 4, 0, 240.423, 1706.749, 36.719, 1404.562, 24.947, 913.638, 1295.216, 0.000, 1025.007, 0.000, 0.761, 3.046, 0.000, 
224, 4, 0, 255.330, 1723.240, 45.997, 1559.232, 23.855, 906.736, 1395.985, 0.000, 897.968, 0.000, 0.632, 8.657, 0.000, 
224, 4, 0, 257.725, 1733.550, 40.255, 1797.670, 24.306, 915.712, 1371.349, 0.000, 896.565, 0.000, 0.832, 3.928, 0.000, 
224, 4, 0, 256.423, 1730.424, 43.852, 1366.199, 24.607, 912.697, 1419.710, 0.000, 902.016, 0.000, 0.641, 8.696, 0.000, 
224, 4, 0, 250.942, 1737.257, 30.097, 1827.166, 23.755, 910.953, 1460.707, 0.000, 899.051, 0.000, 0.411, 3.968, 0.000, 
224, 4, 0, 251.012, 1724.032, 46.607, 1329.780, 24.056, 901.426, 1387.169, 0.000, 901.135, 0.000, 0.812, 8.817, 0.000, 
224, 4, 0, 261.843, 1733.319, 46.598, 1779.767, 24.316, 912.566, 1441.220, 0.000, 904.821, 0.000, 0.822, 3.927, 0.000, 
224, 4, 0, 249.970, 1723.861, 49.303, 1358.345, 26.289, 907.677, 1374.946, 0.000, 904.380, 0.000, 0.972, 9.458, 0.000, 
225, 4, 0, 255.521, 1747.325, 44.925, 1798.432, 23.704, 909.891, 1486.805, 0.000, 899.211, 0.000, 0.401, 3.086, 0.000, 
225, 4, 0, 256.021, 1728.761, 30.487, 1312.508, 24.576, 911.584, 1354.507, 0.000, 895.244, 0.000, 0.801, 9.418, 0.000, 
225, 4, 0, 258.466, 1715.105, 46.828, 1765.700, 50.405, 921.292, 1324.291, 0.000, 919.088, 0.000, 0.872, 8.576, 0.000, 
225, 4, 0, 266.081, 1761.492, 43.903, 1752.897, 24.686, 930.860, 1436.260, 0.000, 917.365, 0.000, 0.882, 9.298, 0.000, 
225, 4, 0, 263.144, 1757.504, 46.627, 1773.895, 24.696, 922.324, 1428.726, 0.000, 915.681, 0.000, 1.022, 9.297, 0.000, 
225, 4, 0, 274.957, 1718.822, 32.090, 1732.708, 23.805, 916.283, 1511.192, 0.000, 896.526, 0.000, 0.841, 3.046, 0.000, 
225, 4, 0, 252.174, 1750.813, 38.121, 1277.672, 24.335, 918.296, 1345.971, 0.000, 904.020, 0.000, 0.791, 8.736, 0.000, 
225, 4, 0, 259.398, 1727.880, 49.192, 1806.777, 23.314, 915.181, 1498.458, 0.000, 903.138, 0.000, 0.781, 9.217, 0.000, 
225, 4, 0, 271.119, 1739.411, 46.738, 1785.147, 22.762, 919.709, 1447.292, 0.000, 905.663, 0.000, 0.431, 3.046, 0.000, 
225, 4, 0, 246.613, 1722.459, 48.110, 1455.186, 24.106, 917.956, 1435.419, 0.000, 904.581, 0.000, 0.872, 9.378, 0.000, 
226, 4, 0, 259.948, 1752.495, 50.074, 1806.376, 24.325, 914.409, 1410.412, 0.000, 906.786, 0.000, 0.581, 8.656, 0.000, 
226, 4, 0, 266.101, 1841.913, 34.905, 1728.921, 24.456, 920.211, 1427.765, 0.000, 903.739, 0.000, 0.811, 9.418, 0.000, 
226, 4, 0, 254.429, 1910.843, 49.293, 1683.135, 25.538, 917.115, 1229.071, 0.000, 925.220, 0.000, 0.901, 9.659, 0.000, 
226, 4, 0, 271.861, 2005.301, 44.473, 1695.758, 27.401, 924.298, 865.467, 0.000, 873.963, 0.000, 1.262, 8.657, 0.000, 
226, 4, 0, 265.980, 1801.298, 37.961, 1535.187, 23.434, 916.784, 1484.571, 0.000, 909.270, 0.000, 1.132, 3.927, 0.000, 
226, 4, 0, 233.770, 1762.303, 47.409, 1352.252, 23.324, 922.906, 1427.204, 0.000, 908.308, 0.000, 0.871, 8.857, 0.000, 
226, 4, 0, 237.848, 1797.350, 28.453, 1833.748, 24.346, 921.212, 1467.850, 0.000, 899.251, 0.000, 1.012, 3.848, 0.000, 
226, 4, 0, 237.386, 1813.030, 47.059, 1376.408, 24.285, 914.880, 1391.576, 0.000, 907.827, 0.000, 0.891, 10.019, 0.000, 
226, 4, 0, 243.939, 1818.029, 47.309, 1794.304, 24.466, 922.465, 1438.986, 0.000, 902.417, 0.000, 0.931, 8.656, 0.000, 
226, 4, 0, 234.290, 1789.886, 51.938, 1863.514, 23.824, 920.280, 1497.887, 0.000, 902.858, 0.000, 0.912, 9.338, 0.000, 
227, 4, 0, 240.202, 1815.834, 31.519, 1812.819, 24.176, 929.558, 1376.870, 0.000, 909.350, 0.000, 1.964, 8.696, 0.000, 
227, 4, 0, 263.826, 1910.322, 40.697, 1741.636, 24.446, 926.452, 1441.871, 0.000, 910.872, 0.000, 1.012, 8.776, 0.000, 
227, 4, 0, 229.953, 1767.123, 48.662, 1886.468, 24.325, 922.344, 1384.904, 0.000, 912.195, 0.000, 0.421, 3.887, 0.000, 
227, 4, 0, 225.975, 1781.460, 48.562, 1581.594, 23.454, 921.703, 1435.339, 0.000, 910.111, 0.000, 0.611, 9.297, 0.000, 
227, 4, 0, 232.166, 1756.042, 48.902, 1886.156, 23.995, 930.540, 1364.376, 0.000, 914.240, 0.000, 0.862, 3.887, 0.000, 
227, 4, 0, 234.531, 1795.776, 46.617, 1460.266, 23.324, 922.996, 1428.046, 0.000, 910.953, 0.000, 0.682, 9.779, 0.000, 
227, 4, 0, 235.413, 1776.541, 33.874, 1850.690, 24.215, 924.197, 1481.626, 0.000, 910.633, 0.000, 0.661, 3.046, 0.000, 
227, 4, 0, 229.251, 1829.610, 48.632, 1912.216, 23.434, 918.768, 1497.286, 0.000, 910.512, 0.000, 0.801, 3.086, 0.000, 
227, 4, 0, 230.764, 1786.329, 38.452, 1390.785, 22.653, 913.838, 1407.207, 0.000, 901.736, 0.000, 0.802, 9.337, 0.000, 
227, 4, 0, 238.378, 1783.584, 39.174, 1817.668, 24.716, 915.721, 1437.904, 0.000, 907.146, 0.000, 1.223, 9.338, 0.000, 
228, 4, 0, 242.766, 1786.108, 38.122, 1835.793, 23.805, 927.053, 1382.449, 0.000, 911.915, 0.000, 0.772, 8.736, 0.000, 
228, 4, 0, 242.155, 1785.819, 37.821, 1825.543, 23.554, 928.646, 1486.836, 0.000, 907.026, 0.000, 0.862, 8.456, 0.000, 
228, 4, 0, 235.082, 1781.480, 45.966, 1791.980, 23.875, 929.859, 1438.506, 0.000, 913.918, 0.000, 0.711, 8.736, 0.000, 
228, 4, 0, 239.961, 1794.805, 45.916, 1799.884, 23.243, 927.163, 1446.520, 0.000, 905.703, 0.000, 0.712, 9.538, 0.000, 
228, 4, 0, 241.815, 1804.052, 50.004, 1816.226, 24.286, 923.016, 1446.801, 0.000, 914.721, 0.000, 1.012, 8.696, 0.000, 
228, 4, 0, 240.542, 1843.868, 50.284, 1797.169, 24.856, 926.251, 1437.944, 0.000, 911.795, 0.000, 0.861, 9.538, 0.000, 
228, 4, 0, 250.260, 1783.524, 46.748, 1804.133, 23.765, 930.209, 1452.411, 0.000, 914.440, 0.000, 0.852, 9.138, 0.000, 
228, 4, 0, 237.106, 1771.021, 42.920, 1822.858, 24.416, 928.927, 1443.114, 0.000, 912.035, 0.000, 1.112, 8.737, 0.000, 
228, 4, 0, 294.244, 1976.456, 56.025, 1497.916, 23.695, 925.811, 1301.528, 0.000, 911.714, 0.000, 1.032, 8.777, 0.000, 
228, 4, 0, 239.110, 1762.855, 49.874, 1818.099, 24.977, 926.011, 1498.458, 0.000, 910.993, 0.000, 0.891, 3.927, 0.000, 
229, 4, 0, 229.983, 1806.407, 47.489, 1303.831, 23.735, 924.609, 1364.086, 0.000, 919.970, 0.000, 0.882, 8.857, 0.000, 
229, 4, 0, 241.714, 1793.513, 30.447, 1734.752, 23.273, 933.916, 1435.980, 0.000, 913.157, 0.000, 0.501, 9.498, 0.000, 
229, 4, 0, 244.730, 1778.885, 47.069, 1836.344, 24.807, 937.232, 1439.827, 0.000, 925.380, 0.000, 0.561, 9.097, 0.000, 
229, 4, 0, 239.450, 1761.923, 33.243, 1845.280, 23.455, 934.357, 1477.727, 0.000, 910.713, 0.000, 0.901, 9.217, 0.000, 
229, 4, 0, 241.885, 1802.670, 44.093, 1827.566, 23.554, 933.665, 1452.532, 0.000, 912.236, 0.000, 1.172, 8.857, 0.000, 
229, 4, 0, 244.490, 1808.351, 49.663, 1792.210, 24.567, 922.676, 1434.016, 0.000, 916.243, 0.000, 0.701, 8.857, 0.000, 
229, 4, 0, 243.578, 1807.068, 47.750, 1805.155, 23.404, 934.658, 1435.459, 0.000, 916.724, 0.000, 0.872, 9.418, 0.000, 
229, 4, 0, 242.055, 1820.293, 31.569, 1757.224, 23.904, 927.223, 1456.619, 0.000, 909.591, 0.000, 0.882, 8.816, 0.000, 
229, 4, 0, 254.118, 1864.176, 30.097, 1728.290, 22.873, 932.774, 1429.408, 0.000, 920.891, 0.000, 1.153, 9.258, 0.000, 
229, 4, 0, 247.986, 1846.192, 43.011, 1706.649, 23.404, 929.848, 1414.340, 0.000, 915.722, 0.000, 0.922, 9.658, 0.000, 
230, 4, 0, 241.263, 1786.470, 47.138, 1816.125, 24.787, 925.390, 1446.681, 0.000, 914.881, 0.000, 0.661, 9.779, 0.000, 
230, 4, 0, 246.674, 1847.124, 48.261, 1777.913, 24.767, 929.879, 1441.029, 0.000, 925.020, 0.000, 0.922, 9.578, 0.000, 
230, 4, 0, 246.043, 1821.636, 37.471, 1757.766, 24.656, 934.858, 1450.167, 0.000, 914.880, 0.000, 0.792, 8.856, 0.000, 
230, 4, 0, 239.901, 1819.471, 48.922, 1807.950, 23.504, 929.428, 1451.450, 0.000, 929.267, 0.000, 0.672, 9.578, 0.000, 
230, 4, 0, 248.678, 1787.451, 33.643, 1788.233, 24.727, 932.494, 1444.196, 0.000, 912.917, 0.000, 0.691, 9.258, 0.000, 
230, 4, 0, 266.201, 1870.477, 49.043, 1725.505, 23.404, 928.776, 1374.504, 0.000, 927.705, 0.000, 1.343, 8.697, 0.000, 
230, 4, 0, 246.413, 1787.170, 31.048, 1770.669, 22.772, 926.722, 1448.683, 0.000, 918.086, 0.000, 0.992, 8.657, 0.000, 
230, 4, 0, 240.442, 1821.997, 48.711, 1831.283, 23.714, 929.478, 1445.478, 0.000, 914.800, 0.000, 1.022, 8.736, 0.000, 
230, 4, 0, 244.159, 1807.549, 49.012, 1792.541, 23.614, 933.926, 1449.045, 0.000, 925.019, 0.000, 1.083, 8.696, 0.000, 
230, 4, 0, 244.119, 1812.328, 52.950, 1787.712, 23.815, 930.550, 1447.762, 0.000, 914.840, 0.000, 0.631, 8.816, 0.000, 
231, 4, 0, 241.854, 1842.435, 36.168, 1773.235, 23.825, 928.777, 1444.517, 0.000, 930.189, 0.000, 0.731, 8.496, 0.000, 
231, 4, 0, 250.652, 1847.835, 49.463, 1721.257, 22.753, 932.313, 1451.529, 0.000, 928.065, 0.000, 1.022, 8.897, 0.000, 
231, 4, 0, 243.879, 1842.845, 39.274, 1761.993, 26.610, 943.704, 1453.693, 0.000, 927.504, 0.000, 0.821, 8.736, 0.000, 
231, 4, 0, 247.806, 1850.640, 40.326, 1766.542, 22.873, 936.752, 1455.257, 0.000, 930.790, 0.000, 0.971, 8.536, 0.000, 
231, 4, 0, 248.237, 1817.488, 43.642, 1759.569, 23.053, 942.673, 1448.244, 0.000, 923.376, 0.000, 0.911, 9.298, 0.000, 
231, 4, 0, 259.017, 1858.185, 38.312, 1732.478, 24.436, 937.894, 1448.403, 0.000, 918.808, 0.000, 1.262, 8.856, 0.000, 
231, 4, 0, 241.274, 1822.798, 37.851, 1772.904, 24.586, 928.566, 1452.171, 0.000, 922.014, 0.000, 1.132, 9.217, 0.000, 
231, 4, 0, 245.802, 1799.183, 48.191, 1806.207, 25.097, 946.650, 1452.131, 0.000, 928.707, 0.000, 1.152, 9.257, 0.000, 
231, 4, 0, 249.289, 1860.338, 42.570, 1713.342, 24.216, 940.779, 1444.436, 0.000, 926.422, 0.000, 0.732, 8.897, 0.000, 
231, 4, 0, 247.044, 1850.600, 33.874, 1728.701, 24.787, 934.638, 1455.015, 0.000, 923.857, 0.000, 0.732, 8.937, 0.000, 
232, 4, 0, 249.078, 1834.600, 36.609, 1776.451, 23.755, 938.385, 1445.198, 0.000, 932.994, 0.000, 0.902, 9.057, 0.000, 
232, 4, 0, 239.019, 1778.936, 47.479, 1816.506, 22.833, 941.881, 1458.102, 0.000, 931.272, 0.000, 0.811, 9.137, 0.000, 
232, 4, 0, 239.110, 1876.759, 35.337, 1759.078, 24.096, 944.236, 1451.650, 0.000, 926.823, 0.000, 0.531, 9.378, 0.000, 
232, 4, 0, 246.313, 1819.121, 39.685, 1787.842, 24.496, 943.354, 1460.747, 0.000, 933.395, 0.000, 0.321, 8.737, 0.000, 
232, 4, 0, 239.931, 1834.510, 29.695, 1754.549, 23.775, 943.665, 1456.058, 0.000, 935.439, 0.000, 0.801, 9.298, 0.000, 
232, 4, 0, 243.267, 1831.675, 34.785, 1780.638, 24.546, 941.420, 1447.722, 0.000, 927.304, 0.000, 0.731, 8.937, 0.000, 
232, 4, 0, 245.041, 1778.334, 48.441, 1824.791, 24.136, 941.992, 1454.495, 0.000, 933.876, 0.000, 1.162, 8.776, 0.000, 
232, 4, 0, 239.150, 1809.853, 47.099, 1802.940, 23.534, 946.069, 1457.300, 0.000, 926.662, 0.000, 0.791, 9.057, 0.000, 
232, 4, 0, 240.733, 1817.167, 41.869, 1732.087, 23.805, 945.197, 1458.142, 0.000, 935.800, 0.000, 1.122, 9.298, 0.000, 
232, 4, 0, 248.647, 1822.147, 34.966, 1755.481, 24.476, 937.543, 1460.828, 0.000, 930.991, 0.000, 0.912, 9.257, 0.000, 
233, 4, 0, 239.420, 1794.765, 47.069, 1826.956, 23.404, 939.727, 1459.264, 0.000, 930.589, 0.000, 1.062, 8.817, 0.000, 
233, 4, 0, 238.779, 1771.853, 47.589, 1819.902, 23.404, 951.459, 1468.842, 0.000, 935.358, 0.000, 1.052, 8.617, 0.000, 
233, 4, 0, 242.566, 1845.420, 29.205, 1771.692, 23.644, 946.059, 1459.063, 0.000, 934.838, 0.000, 1.072, 8.696, 0.000, 
233, 4, 0, 241.935, 1814.653, 30.607, 1774.817, 23.103, 944.115, 1467.921, 0.000, 940.568, 0.000, 1.303, 8.656, 0.000, 
233, 4, 0, 237.837, 1807.369, 38.111, 1799.804, 23.084, 951.460, 1465.315, 0.000, 936.601, 0.000, 1.082, 8.937, 0.000, 
233, 4, 0, 241.524, 1839.098, 44.513, 1791.198, 24.096, 935.129, 1469.003, 0.000, 934.919, 0.000, 0.861, 9.458, 0.000, 
233, 4, 0, 238.258, 1797.299, 48.952, 1834.589, 23.986, 948.765, 1462.791, 0.000, 935.759, 0.000, 0.972, 9.778, 0.000, 
233, 4, 0, 238.289, 1829.790, 34.304, 1786.379, 24.586, 945.358, 1455.937, 0.000, 937.564, 0.000, 0.932, 8.776, 0.000, 
233, 4, 0, 243.648, 1794.996, 31.419, 1780.979, 23.785, 947.963, 1441.191, 0.000, 939.206, 0.000, 0.792, 8.696, 0.000, 
233, 4, 0, 240.121, 1863.244, 59.051, 1720.936, 26.751, 947.743, 1457.661, 0.000, 936.842, 0.000, 0.732, 9.338, 0.000, 
234, 4, 0, 242.917, 1803.130, 46.978, 1840.981, 23.634, 948.303, 1464.394, 0.000, 936.601, 0.000, 1.092, 9.057, 0.000, 
234, 4, 0, 259.738, 1805.796, 32.230, 1786.629, 24.165, 942.672, 1466.959, 0.000, 934.517, 0.000, 0.811, 10.019, 0.000, 
234, 4, 0, 246.634, 1821.805, 28.955, 1784.035, 23.485, 951.640, 1460.666, 0.000, 937.122, 0.000, 1.072, 9.858, 0.000, 
234, 4, 0, 241.063, 1819.812, 44.854, 1812.308, 23.614, 943.644, 1466.197, 0.000, 940.409, 0.000, 0.741, 8.656, 0.000, 
234, 4, 0, 251.453, 1771.432, 32.892, 1803.912, 23.364, 950.347, 1463.832, 0.000, 936.400, 0.000, 1.142, 8.857, 0.000, 
234, 4, 0, 255.611, 1844.388, 42.911, 1752.296, 24.015, 951.940, 1477.698, 0.000, 935.399, 0.000, 0.912, 9.377, 0.000, 
234, 4, 0, 253.296, 1798.642, 34.986, 1779.947, 24.355, 948.794, 1463.512, 0.000, 939.046, 0.000, 0.942, 8.816, 0.000, 
234, 4, 0, 252.484, 1847.765, 42.660, 1766.742, 23.915, 953.603, 1462.590, 0.000, 939.486, 0.000, 0.832, 8.816, 0.000, 
234, 4, 0, 246.995, 1801.207, 33.193, 1778.625, 24.296, 949.766, 1455.778, 0.000, 943.855, 0.000, 1.182, 9.898, 0.000, 
234, 4, 0, 245.511, 1866.931, 50.986, 1724.794, 24.446, 952.631, 1450.288, 0.000, 942.934, 0.000, 1.253, 9.418, 0.000, 
235, 4, 0, 253.436, 1871.369, 48.311, 1754.138, 24.346, 951.500, 1432.013, 0.000, 937.884, 0.000, 0.651, 9.337, 0.000, 
235, 4, 0, 246.794, 1826.966, 29.796, 1698.293, 24.155, 951.439, 1435.579, 0.000, 946.019, 0.000, 0.681, 8.857, 0.000, 
235, 4, 0, 248.908, 1821.024, 48.160, 1739.200, 23.234, 955.417, 1414.059, 0.000, 942.332, 0.000, 0.861, 9.418, 0.000, 
235, 4, 0, 247.536, 1824.521, 30.527, 1779.135, 23.474, 957.140, 1459.866, 0.000, 941.691, 0.000, 0.711, 8.616, 0.000, 
235, 4, 0, 260.269, 1895.304, 46.849, 1673.157, 24.646, 956.719, 1744.080, 0.000, 932.474, 0.000, 0.781, 9.538, 0.000, 
235, 4, 0, 271.190, 1916.705, 30.637, 1701.199, 23.705, 957.500, 1437.183, 0.000, 943.575, 0.000, 0.792, 8.697, 0.000, 
235, 4, 0, 244.410, 1805.335, 28.133, 1773.274, 23.554, 953.192, 1460.586, 0.000, 944.175, 0.000, 0.531, 8.696, 0.000, 
235, 4, 0, 244.179, 1771.581, 37.060, 1811.396, 24.406, 956.078, 1457.380, 0.000, 945.217, 0.000, 0.771, 8.616, 0.000, 
235, 4, 0, 245.932, 1786.260, 47.289, 1835.902, 25.107, 950.427, 1460.466, 0.000, 943.294, 0.000, 0.722, 9.257, 0.000, 
235, 4, 0, 249.489, 1828.418, 45.756, 1725.705, 23.645, 955.668, 1470.887, 0.000, 945.738, 0.000, 0.632, 9.337, 0.000, 
236, 4, 0, 252.885, 1772.763, 32.381, 1824.060, 24.386, 965.887, 1403.599, 0.000, 944.136, 0.000, 0.931, 9.298, 0.000, 
236, 4, 0, 254.208, 1827.867, 49.193, 1762.855, 24.216, 961.348, 1421.393, 0.000, 949.145, 0.000, 1.042, 9.738, 0.000, 
236, 4, 0, 256.242, 1810.605, 46.217, 1749.650, 24.356, 959.845, 1447.762, 0.000, 949.064, 0.000, 1.132, 8.496, 0.000, 
236, 4, 0, 247.776, 1811.646, 50.124, 1738.118, 25.127, 954.675, 1427.324, 0.000, 946.861, 0.000, 0.641, 8.897, 0.000, 
236, 4, 0, 246.865, 1825.603, 42.590, 1754.259, 23.294, 952.892, 1435.540, 0.000, 950.548, 0.000, 0.842, 9.458, 0.000, 
236, 4, 0, 259.498, 1845.891, 30.989, 1704.886, 24.175, 953.813, 1443.594, 0.000, 938.084, 0.000, 0.731, 8.857, 0.000, 
236, 4, 0, 258.927, 1851.812, 44.885, 1737.828, 24.176, 956.429, 1437.383, 0.000, 942.212, 0.000, 1.232, 9.338, 0.000, 
236, 4, 0, 258.205, 1807.269, 44.844, 1733.420, 23.274, 955.817, 1470.605, 0.000, 949.225, 0.000, 0.862, 9.899, 0.000, 
236, 4, 0, 247.015, 1831.775, 34.324, 1792.451, 24.185, 953.373, 1476.617, 0.000, 941.731, 0.000, 0.672, 8.777, 0.000, 
236, 4, 0, 256.803, 1826.444, 33.283, 1719.594, 24.386, 955.888, 1440.710, 0.000, 944.216, 0.000, 1.032, 8.496, 0.000, 
237, 4, 0, 254.970, 1821.074, 47.129, 1755.291, 23.705, 958.132, 1437.904, 0.000, 945.739, 0.000, 0.892, 9.218, 0.000, 
237, 4, 0, 255.741, 1888.361, 32.011, 1712.611, 24.546, 960.216, 1431.612, 0.000, 952.952, 0.000, 0.921, 9.137, 0.000, 
237, 4, 0, 251.092, 1803.221, 47.409, 1760.761, 23.844, 966.928, 1346.131, 0.000, 942.132, 0.000, 0.431, 8.857, 0.000, 
237, 4, 0, 251.583, 1851.251, 32.952, 1924.979, 24.987, 961.889, 1527.833, 0.000, 941.892, 0.000, 0.772, 9.498, 0.000, 
237, 4, 0, 248.747, 1816.555, 36.088, 1831.194, 24.256, 958.663, 1487.757, 0.000, 946.780, 0.000, 0.722, 9.538, 0.000, 
237, 4, 0, 247.897, 1820.794, 43.702, 1759.639, 24.115, 959.124, 1438.824, 0.000, 951.229, 0.000, 0.541, 8.536, 0.000, 
237, 4, 0, 253.116, 1798.112, 49.152, 1748.157, 25.197, 965.726, 1437.864, 0.000, 951.870, 0.000, 0.511, 9.497, 0.000, 
237, 4, 0, 253.056, 1827.136, 36.309, 1706.209, 23.905, 953.713, 1407.286, 0.000, 945.818, 0.000, 0.541, 8.817, 0.000, 
237, 4, 0, 249.048, 1809.102, 38.753, 1762.815, 24.346, 962.880, 1451.049, 0.000, 942.813, 0.000, 0.822, 8.737, 0.000, 
237, 4, 0, 254.679, 1835.101, 30.607, 1707.851, 24.226, 957.251, 1453.453, 0.000, 945.938, 0.000, 0.431, 9.898, 0.000, 
238, 4, 0, 250.270, 1770.059, 48.180, 1783.564, 23.554, 970.214, 1456.659, 0.000, 950.989, 0.000, 0.692, 8.737, 0.000, 
238, 4, 0, 253.266, 1753.698, 41.708, 1803.371, 23.274, 964.684, 1466.197, 0.000, 958.522, 0.000, 0.691, 8.616, 0.000, 
238, 4, 0, 253.046, 1791.980, 43.532, 1781.460, 23.605, 961.498, 1484.952, 0.000, 954.074, 0.000, 0.661, 8.737, 0.000, 
238, 4, 0, 269.036, 1770.720, 30.097, 1810.635, 23.624, 967.720, 1476.616, 0.000, 956.319, 0.000, 0.421, 9.378, 0.000, 
238, 4, 0, 256.943, 1805.415, 40.315, 1790.336, 22.944, 971.607, 1410.452, 0.000, 956.479, 0.000, 0.762, 9.057, 0.000, 
238, 4, 0, 253.417, 1823.860, 42.229, 1775.499, 24.726, 963.381, 1456.219, 0.000, 957.400, 0.000, 0.772, 8.776, 0.000, 
238, 4, 0, 254.669, 1800.416, 48.441, 1760.861, 23.594, 962.319, 1472.489, 0.000, 957.641, 0.000, 0.521, 8.495, 0.000, 
238, 4, 0, 258.196, 1818.329, 46.678, 1770.820, 23.824, 957.600, 1449.686, 0.000, 948.784, 0.000, 0.891, 9.057, 0.000, 
238, 4, 0, 260.370, 1813.090, 37.040, 1701.820, 24.046, 970.095, 1414.739, 0.000, 949.065, 0.000, 1.042, 8.576, 0.000, 
238, 4, 0, 254.619, 1835.942, 32.020, 1727.348, 23.865, 964.604, 1448.564, 0.000, 950.989, 0.000, 1.002, 9.418, 0.000, 
239, 4, 0, 250.992, 1811.477, 31.960, 1729.542, 23.374, 965.175, 1433.856, 0.000, 952.111, 0.000, 0.812, 8.856, 0.000, 
239, 4, 0, 252.865, 1833.538, 40.206, 1747.887, 24.516, 975.384, 1449.486, 0.000, 960.286, 0.000, 1.052, 9.418, 0.000, 
239, 4, 0, 255.932, 1822.998, 35.086, 1685.079, 23.384, 966.888, 1423.758, 0.000, 953.794, 0.000, 0.911, 9.417, 0.000, 
239, 4, 0, 259.398, 1800.666, 29.265, 1728.290, 24.577, 966.598, 1467.599, 0.000, 954.796, 0.000, 0.501, 8.697, 0.000, 
239, 4, 0, 255.300, 1827.477, 40.656, 1750.792, 23.374, 978.851, 1408.369, 0.000, 950.467, 0.000, 0.932, 9.138, 0.000, 
239, 4, 0, 258.366, 1815.755, 43.813, 1755.922, 23.634, 971.947, 1410.613, 0.000, 957.280, 0.000, 1.072, 9.378, 0.000, 
239, 4, 0, 258.166, 1824.050, 46.537, 1693.926, 23.745, 976.026, 1420.111, 0.000, 954.796, 0.000, 0.782, 9.458, 0.000, 
239, 4, 0, 253.276, 1841.633, 47.479, 1767.484, 24.075, 966.177, 1437.303, 0.000, 948.664, 0.000, 0.971, 8.857, 0.000, 
239, 4, 0, 253.998, 1835.552, 39.715, 1745.983, 24.266, 972.680, 1415.261, 0.000, 958.683, 0.000, 0.791, 10.018, 0.000, 
239, 4, 0, 254.038, 1831.845, 37.120, 1700.438, 23.685, 968.702, 1434.337, 0.000, 955.517, 0.000, 0.992, 8.817, 0.000, 
240, 4, 0, 256.723, 1855.379, 31.249, 1741.765, 24.125, 975.494, 1470.485, 0.000, 959.524, 0.000, 0.621, 9.057, 0.000, 
240, 4, 0, 256.743, 1745.553, 39.985, 1807.138, 24.376, 973.561, 1457.019, 0.000, 962.009, 0.000, 0.901, 9.458, 0.000, 
240, 4, 0, 256.322, 1736.776, 38.613, 1811.497, 24.456, 965.405, 1473.491, 0.000, 954.635, 0.000, 0.932, 8.657, 0.000, 
240, 4, 0, 251.703, 1730.524, 38.453, 1812.158, 27.873, 970.706, 1469.803, 0.000, 954.715, 0.000, 0.762, 8.576, 0.000, 
240, 4, 0, 245.833, 1799.263, 39.354, 1811.226, 24.526, 974.382, 1487.598, 0.000, 959.404, 0.000, 0.551, 9.298, 0.000, 
240, 4, 0, 259.157, 1729.803, 47.649, 1856.902, 24.135, 978.730, 1488.920, 0.000, 959.404, 0.000, 0.932, 8.616, 0.000, 
240, 4, 0, 258.346, 1831.454, 29.055, 1736.455, 24.476, 976.056, 1444.477, 0.000, 959.444, 0.000, 0.541, 8.697, 0.000, 
240, 4, 0, 251.823, 1827.507, 45.686, 1777.993, 23.975, 968.411, 1449.687, 0.000, 955.477, 0.000, 0.701, 8.776, 0.000, 
240, 4, 0, 258.466, 1797.771, 44.834, 1775.689, 24.305, 970.114, 1471.888, 0.000, 955.637, 0.000, 0.702, 9.017, 0.000, 
240, 4, 0, 254.519, 1835.121, 46.217, 1713.412, 23.865, 970.335, 1455.537, 0.000, 955.517, 0.000, 0.571, 8.496, 0.000, 
241, 4, 0, 257.754, 1848.597, 34.935, 1726.687, 24.796, 977.578, 1449.285, 0.000, 962.891, 0.000, 0.741, 9.858, 0.000, 
241, 4, 0, 258.686, 1823.089, 26.950, 1745.953, 24.175, 983.539, 1410.452, 0.000, 965.455, 0.000, 0.891, 9.338, 0.000, 
241, 4, 0, 255.811, 1854.137, 27.723, 1690.419, 27.852, 974.121, 1350.099, 0.000, 957.321, 0.000, 0.721, 8.737, 0.000, 
241, 4, 0, 257.644, 1833.899, 40.496, 1717.920, 23.715, 978.621, 1425.561, 0.000, 964.935, 0.000, 0.792, 8.776, 0.000, 
241, 4, 0, 263.195, 1837.195, 47.229, 1719.844, 24.176, 972.178, 1405.041, 0.000, 963.051, 0.000, 0.852, 8.616, 0.000, 
241, 4, 0, 262.704, 1843.768, 30.577, 1740.973, 24.476, 983.760, 1381.077, 0.000, 956.960, 0.000, 0.791, 9.298, 0.000, 
241, 4, 0, 266.091, 1832.596, 32.742, 1705.057, 25.197, 981.676, 1377.951, 0.000, 946.500, 0.000, 0.421, 9.818, 0.000, 
241, 4, 0, 265.650, 1838.367, 28.043, 1726.337, 24.125, 973.631, 1439.988, 0.000, 961.729, 0.000, 0.791, 9.418, 0.000, 
241, 4, 0, 263.656, 1854.207, 49.623, 1725.825, 24.285, 976.265, 1375.907, 0.000, 962.369, 0.000, 0.902, 8.536, 0.000, 
241, 4, 0, 264.898, 1851.772, 47.730, 1688.185, 23.504, 973.651, 1372.460, 0.000, 962.009, 0.000, 0.711, 8.696, 0.000, 
242, 4, 0, 267.242, 1849.689, 42.179, 1700.748, 24.196, 984.281, 1443.474, 0.000, 963.091, 0.000, 0.802, 9.017, 0.000, 
242, 4, 0, 263.135, 1903.249, 45.927, 1708.152, 26.099, 985.053, 1782.913, 0.000, 960.446, 0.000, 0.782, 9.258, 0.000, 
242, 4, 0, 320.583, 1961.358, 43.913, 1662.106, 28.043, 978.259, 1314.912, 0.000, 936.241, 0.000, 0.992, 8.856, 0.000, 
242, 4, 0, 257.514, 1787.211, 47.539, 1794.274, 24.517, 981.546, 1465.435, 0.000, 960.486, 0.000, 0.662, 8.856, 0.000, 
242, 4, 0, 253.577, 1774.216, 40.206, 1841.924, 24.146, 985.984, 1473.170, 0.000, 972.869, 0.000, 0.781, 9.338, 0.000, 
242, 4, 0, 276.220, 1859.126, 43.071, 1732.428, 24.105, 975.264, 1412.937, 0.000, 960.085, 0.000, 1.183, 8.696, 0.000, 
242, 4, 0, 256.382, 1787.852, 28.824, 1747.576, 24.085, 984.511, 1420.511, 0.000, 974.713, 0.000, 0.662, 10.099, 0.000, 
242, 4, 0, 262.664, 1865.919, 34.044, 1650.614, 25.899, 982.588, 1371.178, 0.000, 960.607, 0.000, 0.761, 9.137, 0.000, 
242, 4, 0, 270.028, 1826.434, 48.821, 1884.413, 24.516, 984.291, 1460.266, 0.000, 968.261, 0.000, 0.672, 9.619, 0.000, 
242, 4, 0, 257.064, 1827.106, 28.203, 1730.233, 23.975, 980.273, 1425.080, 0.000, 962.209, 0.000, 0.922, 9.377, 0.000, 
243, 4, 0, 271.580, 1840.652, 48.551, 1690.409, 25.288, 985.674, 1428.807, 0.000, 976.636, 0.000, 0.982, 8.697, 0.000, 
243, 4, 0, 265.490, 1849.378, 46.697, 1710.336, 24.246, 983.981, 1374.584, 0.000, 939.968, 0.000, 0.771, 9.298, 0.000, 
243, 4, 0, 265.610, 1848.867, 47.850, 1720.766, 23.294, 988.740, 1391.096, 0.000, 935.800, 0.000, 0.881, 8.416, 0.000, 
243, 4, 0, 266.130, 1805.125, 28.283, 1731.135, 23.895, 986.626, 1418.628, 0.000, 973.431, 0.000, 0.652, 8.737, 0.000, 
243, 4, 0, 264.397, 1863.564, 37.080, 1751.614, 23.834, 979.872, 1396.506, 0.000, 969.022, 0.000, 0.842, 8.777, 0.000, 
243, 4, 0, 261.742, 1811.647, 42.991, 1734.932, 23.515, 982.869, 1375.907, 0.000, 972.830, 0.000, 1.052, 9.098, 0.000, 
243, 4, 0, 297.961, 1928.456, 39.945, 1531.039, 26.310, 984.061, 1307.539, 0.000, 940.568, 0.000, 0.772, 8.776, 0.000, 
243, 4, 0, 257.465, 1810.274, 42.079, 1754.890, 25.438, 986.726, 1435.178, 0.000, 970.184, 0.000, 0.641, 8.777, 0.000, 
243, 4, 0, 271.140, 1853.375, 48.712, 1728.220, 24.206, 985.203, 1348.576, 0.000, 970.625, 0.000, 0.661, 8.696, 0.000, 
243, 4, 0, 272.232, 1818.930, 48.351, 1915.713, 27.071, 985.453, 1444.957, 0.000, 976.957, 0.000, 0.761, 9.258, 0.000, 
244, 4, 0, 273.575, 1860.950, 38.783, 1670.040, 24.406, 982.839, 1330.262, 0.000, 947.742, 0.000, 0.782, 9.458, 0.000, 
244, 4, 0, 304.303, 1850.459, 43.472, 1821.766, 24.346, 991.625, 1424.639, 0.000, 980.604, 0.000, 0.811, 9.257, 0.000, 
244, 4, 0, 274.176, 1878.803, 44.584, 1632.399, 25.187, 978.329, 1339.438, 0.000, 936.601, 0.000, 0.651, 9.378, 0.000, 
244, 4, 0, 284.224, 1841.012, 44.394, 1889.473, 23.965, 985.974, 1474.974, 0.000, 975.795, 0.000, 0.691, 8.777, 0.000, 
244, 4, 0, 283.092, 1859.587, 44.073, 1634.283, 24.907, 991.956, 1374.144, 0.000, 934.077, 0.000, 0.932, 8.576, 0.000, 
244, 4, 0, 275.158, 1897.598, 39.034, 1644.623, 24.466, 990.152, 1341.282, 0.000, 972.589, 0.000, 0.762, 9.377, 0.000, 
244, 4, 0, 286.037, 1881.237, 43.261, 1848.205, 24.226, 991.335, 1503.708, 0.000, 969.543, 0.000, 0.882, 9.618, 0.000, 
244, 4, 0, 259.819, 1822.517, 42.700, 1743.729, 23.795, 988.138, 1440.349, 0.000, 971.507, 0.000, 0.922, 8.656, 0.000, 
244, 4, 0, 274.727, 1881.979, 36.749, 1657.577, 25.327, 987.276, 1372.339, 0.000, 963.572, 0.000, 0.781, 9.538, 0.000, 
244, 4, 0, 274.767, 1850.630, 31.840, 1717.991, 24.236, 994.360, 1284.896, 0.000, 942.933, 0.000, 0.862, 9.137, 0.000, 
245, 4, 0, 264.978, 1863.374, 35.106, 1706.458, 28.203, 987.226, 1329.500, 0.000, 939.647, 0.000, 0.912, 9.538, 0.000, 
245, 4, 0, 289.715, 1867.982, 45.817, 1799.835, 25.047, 996.184, 1423.317, 0.000, 979.121, 0.000, 0.701, 8.657, 0.000, 
245, 4, 0, 285.687, 1878.343, 50.886, 1839.629, 24.697, 997.636, 1365.689, 0.000, 956.598, 0.000, 0.952, 8.656, 0.000, 
245, 4, 0, 275.969, 1775.168, 43.271, 1947.272, 25.087, 992.065, 1514.327, 0.000, 974.833, 0.000, 0.681, 8.856, 0.000, 
245, 4, 0, 266.050, 1816.576, 31.239, 1738.058, 24.315, 994.259, 1350.179, 0.000, 947.662, 0.000, 0.601, 9.578, 0.000, 
245, 4, 0, 272.432, 1821.966, 48.000, 1916.614, 23.805, 991.494, 1503.667, 0.000, 978.640, 0.000, 0.962, 8.536, 0.000, 
245, 4, 0, 281.960, 1852.714, 29.726, 1663.719, 29.315, 987.306, 1367.411, 0.000, 974.552, 0.000, 0.902, 8.616, 0.000, 
245, 4, 0, 282.090, 1857.713, 44.563, 1835.141, 24.306, 995.783, 1426.403, 0.000, 953.273, 0.000, 0.521, 8.736, 0.000, 
245, 4, 0, 277.382, 1836.003, 41.929, 1692.623, 23.875, 991.555, 1357.954, 0.000, 978.881, 0.000, 0.641, 8.656, 0.000, 
245, 4, 0, 285.988, 1864.526, 45.726, 1870.748, 24.476, 986.425, 1465.155, 0.000, 980.844, 0.000, 0.892, 8.817, 0.000, 
246, 4, 0, 279.666, 1860.067, 30.918, 1891.707, 24.516, 999.880, 1419.990, 0.000, 960.727, 0.000, 0.912, 9.417, 0.000, 
246, 4, 0, 283.954, 1859.176, 41.839, 1894.322, 24.155, 999.980, 1509.518, 0.000, 979.442, 0.000, 0.671, 9.458, 0.000, 
246, 4, 0, 278.243, 1851.431, 41.208, 1668.739, 23.855, 986.836, 1417.024, 0.000, 960.727, 0.000, 1.132, 8.816, 0.000, 
246, 4, 0, 288.132, 1920.451, 42.300, 1824.201, 24.546, 998.668, 1411.254, 0.000, 986.776, 0.000, 0.932, 8.696, 0.000, 
246, 4, 0, 293.963, 1880.356, 47.529, 1846.562, 23.384, 999.039, 1418.868, 0.000, 979.923, 0.000, 1.032, 8.977, 0.000, 
246, 4, 0, 277.262, 1881.779, 53.831, 1651.726, 23.845, 992.657, 1350.780, 0.000, 979.643, 0.000, 0.901, 8.897, 0.000, 
246, 4, 0, 299.853, 1868.083, 48.341, 1829.650, 23.734, 1000.441, 1443.554, 0.000, 982.968, 0.000, 1.102, 8.696, 0.000, 
246, 4, 0, 280.267, 1872.241, 35.277, 1705.297, 24.126, 993.869, 1342.204, 0.000, 981.486, 0.000, 0.782, 9.818, 0.000, 
246, 4, 0, 283.744, 1869.475, 31.259, 1881.307, 24.065, 993.147, 1435.179, 0.000, 963.973, 0.000, 1.252, 8.857, 0.000, 
246, 4, 0, 275.898, 1850.240, 47.419, 1661.284, 24.626, 995.642, 1367.171, 0.000, 976.035, 0.000, 0.852, 8.776, 0.000, 
247, 4, 0, 290.105, 1869.525, 47.479, 1850.950, 24.416, 1002.045, 1422.956, 0.000, 968.181, 0.000, 0.942, 9.057, 0.000, 
247, 4, 0, 276.660, 1856.601, 38.442, 1684.698, 23.865, 990.192, 1308.861, 0.000, 979.482, 0.000, 1.072, 8.696, 0.000, 
247, 4, 0, 285.567, 1808.050, 36.849, 1900.794, 23.594, 1007.464, 1459.745, 0.000, 990.582, 0.000, 0.712, 9.057, 0.000, 
247, 4, 0, 284.685, 1864.416, 35.166, 1897.739, 23.805, 996.814, 1486.596, 0.000, 993.107, 0.000, 0.651, 9.457, 0.000, 
247, 4, 0, 281.780, 1865.649, 49.643, 1656.024, 25.017, 993.057, 1351.341, 0.000, 949.666, 0.000, 0.611, 8.697, 0.000, 
247, 4, 0, 283.343, 1848.406, 32.992, 1697.893, 23.414, 994.530, 1321.525, 0.000, 982.849, 0.000, 0.782, 3.847, 0.000, 
247, 4, 0, 283.633, 1836.263, 48.071, 1508.156, 24.836, 999.159, 1296.959, 0.000, 943.935, 0.000, 0.922, 9.257, 0.000, 
247, 4, 0, 289.604, 1852.995, 48.151, 1870.017, 23.725, 1004.709, 1449.005, 0.000, 994.670, 0.000, 0.792, 9.057, 0.000, 
247, 4, 0, 280.328, 1852.333, 29.766, 1685.810, 24.386, 992.537, 1361.240, 0.000, 976.917, 0.000, 0.841, 9.578, 0.000, 
247, 4, 0, 276.329, 1840.420, 46.348, 1717.099, 24.296, 995.332, 1411.695, 0.000, 957.481, 0.000, 0.641, 9.658, 0.000, 
248, 4, 0, 268.966, 1810.003, 31.420, 1705.818, 23.545, 995.833, 1438.665, 0.000, 983.570, 0.000, 0.801, 9.337, 0.000, 
248, 4, 0, 279.625, 1865.799, 47.920, 1843.196, 23.895, 1007.886, 1422.034, 0.000, 996.554, 0.000, 0.802, 8.776, 0.000, 
248, 4, 0, 272.162, 1813.721, 48.201, 1944.266, 23.313, 997.986, 1500.823, 0.000, 991.905, 0.000, 0.771, 8.737, 0.000, 
248, 4, 0, 272.211, 1825.122, 28.293, 1694.025, 24.145, 1008.466, 1367.812, 0.000, 957.761, 0.000, 0.651, 8.937, 0.000, 
248, 4, 0, 275.358, 1808.681, 27.903, 1702.271, 24.295, 1003.807, 1432.133, 0.000, 980.604, 0.000, 0.801, 9.337, 0.000, 
248, 4, 0, 272.452, 1828.769, 43.642, 1922.986, 24.356, 999.299, 1493.168, 0.000, 989.780, 0.000, 1.232, 9.818, 0.000, 
248, 4, 0, 301.858, 1851.792, 37.029, 1691.030, 25.277, 998.958, 1783.033, 0.000, 990.583, 0.000, 0.741, 9.418, 0.000, 
248, 4, 0, 280.297, 1803.351, 42.911, 1725.645, 25.388, 1006.623, 1504.950, 0.000, 996.353, 0.000, 1.022, 9.538, 0.000, 
248, 4, 0, 267.012, 1820.774, 47.179, 1748.669, 27.862, 1001.804, 1406.204, 0.000, 965.776, 0.000, 0.902, 8.696, 0.000, 
248, 4, 0, 275.879, 1812.398, 46.978, 1714.644, 24.917, 995.782, 1334.790, 0.000, 946.580, 0.000, 1.213, 9.698, 0.000, 
249, 4, 0, 266.952, 1780.107, 46.838, 1744.520, 25.088, 1008.607, 1428.446, 0.000, 984.291, 0.000, 0.842, 8.816, 0.000, 
249, 4, 0, 274.646, 1770.089, 52.719, 1932.715, 23.925, 1014.678, 1507.675, 0.000, 1001.884, 0.000, 0.842, 8.817, 0.000, 
249, 4, 0, 269.336, 1844.158, 34.495, 1726.587, 24.767, 1010.561, 1338.316, 0.000, 990.944, 0.000, 0.951, 8.777, 0.000, 
249, 4, 0, 281.890, 1808.421, 39.154, 1929.368, 24.816, 1010.159, 1478.580, 0.000, 995.873, 0.000, 0.991, 8.777, 0.000, 
249, 4, 0, 286.258, 1840.201, 42.931, 1872.381, 23.414, 1011.452, 1503.347, 0.000, 993.909, 0.000, 0.581, 8.817, 0.000, 
249, 4, 0, 260.320, 1811.737, 47.950, 1745.072, 25.057, 1006.533, 1471.046, 0.000, 970.986, 0.000, 0.882, 9.618, 0.000, 
249, 4, 0, 264.307, 1826.655, 32.130, 1720.946, 24.526, 1004.559, 1419.830, 0.000, 952.311, 0.000, 0.691, 8.776, 0.000, 
249, 4, 0, 270.539, 1823.649, 37.841, 1721.928, 23.684, 1006.422, 1377.911, 0.000, 964.333, 0.000, 0.951, 9.257, 0.000, 
249, 4, 0, 278.874, 1798.341, 34.535, 1920.551, 25.558, 1010.160, 1448.083, 0.000, 997.355, 0.000, 1.002, 8.777, 0.000, 
249, 4, 0, 270.178, 1842.434, 31.199, 1737.979, 23.715, 1013.686, 1365.728, 0.000, 994.390, 0.000, 0.922, 9.017, 0.000, 
250, 4, 0, 266.521, 1836.273, 33.463, 1743.299, 23.825, 1009.689, 1319.321, 0.000, 950.988, 0.000, 0.992, 9.257, 0.000, 
250, 4, 0, 269.988, 1888.471, 72.736, 1682.373, 25.308, 1015.450, 1814.091, 0.000, 1003.607, 0.000, 1.313, 9.898, 0.000, 
250, 4, 0, 277.531, 1812.228, 41.288, 1742.357, 25.799, 1012.103, 1425.080, 0.000, 965.216, 0.000, 0.912, 9.177, 0.000, 
250, 4, 0, 267.704, 1793.072, 31.319, 1607.092, 20.409, 1010.601, 1466.278, 0.000, 987.778, 0.000, 0.992, 9.418, 0.000, 
250, 4, 0, 271.370, 1807.659, 32.631, 1725.414, 24.106, 1010.320, 1401.956, 0.000, 955.477, 0.000, 0.822, 8.656, 0.000, 
250, 4, 0, 281.539, 1849.388, 31.981, 1905.303, 25.198, 1018.526, 1441.030, 0.000, 964.614, 0.000, 0.771, 8.736, 0.000, 
250, 4, 0, 287.441, 1831.925, 41.779, 1897.018, 24.476, 1013.516, 1488.398, 0.000, 995.272, 0.000, 0.802, 8.375, 0.000, 
250, 4, 0, 277.462, 1866.129, 46.848, 1694.116, 23.765, 1007.966, 1362.081, 0.000, 996.674, 0.000, 0.962, 3.888, 0.000, 
250, 4, 0, 271.521, 1866.049, 34.305, 1515.260, 23.805, 982.077, 1309.383, 0.000, 959.845, 0.000, 0.911, 9.738, 0.000, 
250, 4, 0, 281.830, 1842.304, 44.093, 1867.401, 24.356, 1013.155, 1466.397, 0.000, 994.711, 0.000, 0.661, 8.736, 0.000, 
251, 4, 0, 287.591, 1859.356, 48.071, 1886.758, 23.905, 1017.784, 1440.108, 0.000, 969.141, 0.000, 1.012, 9.698, 0.000, 
251, 4, 0, 275.157, 1859.176, 53.561, 1692.333, 24.176, 1009.939, 1373.663, 0.000, 974.112, 0.000, 0.901, 9.258, 0.000, 
251, 4, 0, 281.480, 1929.658, 45.496, 1846.272, 25.819, 1017.594, 1406.685, 0.000, 970.906, 0.000, 0.671, 9.257, 0.000, 
251, 4, 0, 256.843, 1868.022, 29.886, 1728.360, 26.790, 1016.411, 1375.947, 0.000, 958.442, 0.000, 0.511, 8.777, 0.000, 
251, 4, 0, 258.847, 1914.710, 36.358, 1740.312, 25.108, 1011.743, 1359.716, 0.000, 1000.842, 0.000, 0.682, 3.968, 0.000, 
251, 4, 0, 259.318, 1900.163, 49.173, 1551.698, 24.276, 999.260, 1927.104, 0.000, 1008.296, 0.000, 0.821, 8.856, 0.000, 
251, 4, 0, 254.979, 1873.053, 47.499, 1786.379, 25.849, 1013.246, 1428.446, 0.000, 981.005, 0.000, 0.641, 9.538, 0.000, 
251, 4, 0, 262.844, 1930.570, 48.732, 1898.310, 24.206, 1010.100, 1426.643, 0.000, 1004.168, 0.000, 0.752, 3.927, 0.000, 
251, 4, 0, 250.030, 1899.642, 49.683, 1583.878, 23.945, 1014.848, 1328.057, 0.000, 999.520, 0.000, 0.641, 8.856, 0.000, 
251, 4, 0, 266.631, 1871.730, 30.387, 1922.706, 24.045, 1017.594, 1505.271, 0.000, 1004.088, 0.000, 0.661, 8.817, 0.000, 
252, 4, 0, 257.874, 1858.685, 29.826, 1730.424, 24.496, 1020.669, 1366.129, 0.000, 963.892, 0.000, 0.862, 9.738, 0.000, 
252, 4, 0, 263.215, 1924.900, 43.331, 1899.131, 24.406, 1027.402, 1389.573, 0.000, 978.039, 0.000, 0.711, 9.338, 0.000, 
252, 4, 0, 260.019, 1892.409, 39.624, 1903.669, 24.235, 1021.921, 1441.230, 0.000, 982.648, 0.000, 0.551, 8.856, 0.000, 
252, 4, 0, 259.298, 1893.982, 38.272, 1739.901, 24.626, 1019.938, 1327.256, 0.000, 965.415, 0.000, 1.032, 9.418, 0.000, 
252, 4, 0, 262.102, 1911.735, 47.540, 1906.295, 24.886, 1019.176, 1445.438, 0.000, 977.798, 0.000, 1.243, 9.497, 0.000, 
252, 4, 0, 259.468, 1805.014, 48.482, 1794.906, 24.736, 1021.831, 1428.847, 0.000, 996.193, 0.000, 0.952, 8.977, 0.000, 
252, 4, 0, 258.165, 1785.738, 42.691, 1628.002, 24.356, 1023.454, 1516.933, 0.000, 1006.773, 0.000, 0.791, 9.378, 0.000, 
252, 4, 0, 260.850, 1803.532, 42.109, 1773.375, 23.775, 1020.159, 1382.159, 0.000, 964.934, 0.000, 1.001, 8.657, 0.000, 
252, 4, 0, 259.107, 1831.505, 42.490, 1752.475, 24.376, 1014.467, 1409.571, 0.000, 978.680, 0.000, 0.631, 3.848, 0.000, 
252, 4, 0, 269.808, 1800.065, 50.576, 1976.908, 24.336, 1023.415, 1504.188, 0.000, 1009.137, 0.000, 0.791, 8.576, 0.000, 
253, 4, 0, 272.553, 1818.139, 28.664, 1743.468, 23.625, 1029.316, 1407.847, 0.000, 1004.569, 0.000, 0.922, 3.927, 0.000, 
253, 4, 0, 275.558, 1849.958, 46.929, 1436.883, 24.336, 1015.229, 1343.445, 0.000, 978.840, 0.000, 0.782, 9.177, 0.000, 
253, 4, 0, 267.944, 1831.965, 35.316, 1620.136, 26.039, 1026.430, 1443.675, 0.000, 968.382, 0.000, 0.902, 8.776, 0.000, 
253, 4, 0, 263.456, 1792.721, 48.422, 1784.827, 26.590, 1018.155, 1435.660, 0.000, 1005.331, 0.000, 0.751, 9.378, 0.000, 
253, 4, 0, 266.191, 1825.453, 36.629, 1955.928, 24.737, 1029.686, 1472.809, 0.000, 983.330, 0.000, 1.022, 8.536, 0.000, 
253, 4, 0, 264.227, 1880.506, 35.647, 1737.417, 24.527, 1026.230, 1372.701, 0.000, 984.291, 0.000, 0.882, 9.939, 0.000, 
253, 4, 0, 258.717, 1804.654, 48.070, 1785.627, 24.185, 1017.243, 1370.177, 0.000, 963.772, 0.000, 1.112, 9.779, 0.000, 
253, 4, 0, 257.795, 1776.561, 51.216, 1810.334, 26.590, 1019.917, 1462.029, 0.000, 977.197, 0.000, 0.942, 8.816, 0.000, 
253, 4, 0, 259.749, 1827.547, 45.646, 1759.789, 24.486, 1029.015, 1412.255, 0.000, 970.264, 0.000, 0.661, 8.657, 0.000, 
253, 4, 0, 258.055, 1771.892, 34.786, 1820.984, 24.175, 1024.136, 1416.944, 0.000, 979.723, 0.000, 0.751, 8.776, 0.000, 
254, 4, 0, 259.338, 1811.627, 35.186, 1636.447, 24.245, 1032.141, 1451.490, 0.000, 993.148, 0.000, 0.541, 8.736, 0.000, 
254, 4, 0, 269.226, 1790.427, 46.027, 1985.254, 24.376, 1024.226, 1494.851, 0.000, 1018.556, 0.000, 0.811, 8.696, 0.000, 
254, 4, 0, 266.942, 1930.601, 50.585, 1901.265, 25.087, 1031.931, 1449.886, 0.000, 972.228, 0.000, 0.882, 9.618, 0.000, 
254, 4, 0, 262.093, 1904.411, 36.238, 1924.549, 26.620, 1022.363, 1430.810, 0.000, 975.996, 0.000, 0.802, 8.816, 0.000, 
254, 4, 0, 267.704, 1883.852, 30.217, 1921.654, 27.372, 1026.591, 1447.442, 0.000, 981.766, 0.000, 0.811, 8.657, 0.000, 
254, 4, 0, 275.007, 1873.102, 48.611, 1901.065, 27.031, 1029.636, 1460.747, 0.000, 1017.834, 0.000, 1.052, 9.257, 0.000, 
254, 4, 0, 267.474, 1900.934, 49.984, 1910.041, 27.171, 1026.931, 1428.847, 0.000, 1016.351, 0.000, 0.802, 3.887, 0.000, 
254, 4, 0, 264.337, 1869.035, 36.980, 1441.651, 24.816, 993.057, 1340.160, 0.000, 1013.706, 0.000, 1.172, 4.008, 0.000, 
254, 4, 0, 257.144, 1875.276, 29.585, 1427.704, 24.666, 981.155, 1919.089, 0.000, 1013.426, 0.000, 1.062, 10.259, 0.000, 
254, 4, 0, 263.776, 1919.119, 49.463, 1724.202, 24.206, 1020.890, 1304.573, 0.000, 1009.940, 0.000, 0.641, 3.045, 0.000, 
255, 4, 0, 269.066, 1906.505, 49.784, 1484.181, 26.910, 998.738, 1908.349, 0.000, 1021.000, 0.000, 0.712, 8.736, 0.000, 
255, 4, 0, 279.917, 2038.473, 55.645, 1609.637, 24.355, 1035.918, 1632.430, 0.000, 1027.011, 0.000, 1.022, 9.458, 0.000, 
255, 4, 0, 313.670, 2102.644, 44.754, 1451.990, 25.569, 997.566, 1472.919, 0.000, 1015.189, 0.000, 0.801, 8.656, 0.000, 
255, 4, 0, 260.109, 1850.580, 44.674, 1828.779, 24.306, 1038.924, 1402.597, 0.000, 1014.467, 0.000, 0.751, 3.767, 0.000, 
255, 4, 0, 252.144, 1866.029, 42.700, 1616.530, 25.949, 1031.770, 1316.596, 0.000, 975.675, 0.000, 1.032, 3.888, 0.000, 
255, 4, 0, 258.566, 1891.998, 45.666, 1520.620, 23.895, 1026.831, 1340.281, 0.000, 1011.502, 0.000, 1.072, 3.888, 0.000, 
255, 4, 0, 263.515, 1871.299, 48.401, 1497.196, 24.717, 1022.202, 1920.611, 0.000, 1017.834, 0.000, 1.042, 8.696, 0.000, 
255, 4, 0, 255.832, 1866.399, 43.222, 1787.051, 24.215, 1035.147, 1386.167, 0.000, 1011.141, 0.000, 0.541, 4.008, 0.000, 
255, 4, 0, 259.949, 1891.056, 39.675, 1530.358, 23.755, 999.790, 1334.750, 0.000, 972.709, 0.000, 0.842, 3.887, 0.000, 
255, 4, 0, 275.648, 1871.089, 30.808, 1961.929, 23.604, 1028.854, 1494.170, 0.000, 998.758, 0.000, 1.032, 8.817, 0.000, 
256, 4, 0, 277.242, 1890.184, 50.105, 1891.788, 25.658, 1033.934, 1471.927, 0.000, 1023.725, 0.000, 0.762, 9.698, 0.000, 
256, 4, 0, 277.301, 1890.876, 48.010, 1933.716, 25.498, 1024.947, 1448.884, 0.000, 1027.012, 0.000, 1.213, 3.968, 0.000, 
256, 4, 0, 264.257, 1836.172, 48.902, 1621.940, 24.517, 1035.858, 1329.099, 0.000, 979.723, 0.000, 0.411, 4.008, 0.000, 
256, 4, 0, 289.003, 1885.365, 33.513, 1951.891, 23.514, 1040.477, 1459.705, 0.000, 994.350, 0.000, 0.641, 8.576, 0.000, 
256, 4, 0, 274.096, 1896.526, 48.111, 1904.161, 24.806, 1025.528, 1454.134, 0.000, 990.583, 0.000, 0.782, 8.977, 0.000, 
256, 4, 0, 274.516, 1900.093, 49.844, 1900.825, 25.638, 1038.933, 1402.076, 0.000, 1017.794, 0.000, 0.861, 3.206, 0.000, 
256, 4, 0, 275.418, 1931.943, 34.535, 1994.581, 27.351, 1032.582, 1924.860, 0.000, 1024.406, 0.000, 0.982, 9.618, 0.000, 
256, 4, 0, 270.880, 1873.032, 39.364, 1741.164, 24.195, 1030.468, 1377.711, 0.000, 991.865, 0.000, 0.811, 9.016, 0.000, 
256, 4, 0, 268.895, 1918.037, 46.658, 1882.590, 25.307, 1037.921, 1420.511, 0.000, 994.430, 0.000, 1.042, 3.888, 0.000, 
256, 4, 0, 314.742, 2098.957, 49.213, 1598.055, 26.800, 1033.964, 1432.975, 0.000, 980.243, 0.000, 0.922, 3.888, 0.000, 
257, 4, 0, 266.721, 1882.320, 29.576, 1550.977, 24.175, 1034.445, 1337.876, 0.000, 1022.884, 0.000, 0.571, 3.807, 0.000, 
257, 4, 0, 266.040, 1905.853, 51.917, 1528.574, 24.737, 995.272, 1575.703, 0.000, 1018.675, 0.000, 0.671, 9.538, 0.000, 
257, 4, 0, 281.149, 1944.045, 52.548, 1730.924, 24.235, 1039.565, 1925.982, 0.000, 1020.638, 0.000, 0.330, 8.777, 0.000, 
257, 4, 0, 283.493, 1817.899, 31.679, 1775.108, 23.965, 1034.655, 1949.666, 0.000, 1031.700, 0.000, 0.872, 9.498, 0.000, 
257, 4, 0, 286.779, 1916.594, 31.640, 1678.236, 25.038, 1037.211, 1953.193, 0.000, 1027.572, 0.000, 0.541, 9.298, 0.000, 
257, 4, 0, 279.315, 1886.388, 47.930, 1753.077, 25.077, 1038.793, 1953.673, 0.000, 1028.975, 0.000, 1.152, 9.538, 0.000, 
257, 4, 0, 278.734, 1920.922, 53.120, 1736.396, 24.767, 1035.457, 1322.606, 0.000, 1020.078, 0.000, 0.751, 3.887, 0.000, 
257, 4, 0, 279.916, 1910.002, 47.830, 2018.025, 25.087, 1044.704, 1399.752, 0.000, 1016.872, 0.000, 0.310, 3.887, 0.000, 
257, 4, 0, 285.077, 1913.648, 49.763, 1423.046, 23.925, 991.063, 1574.020, 0.000, 1035.787, 0.000, 0.671, 9.257, 0.000, 
257, 4, 0, 287.220, 1906.566, 52.408, 1738.920, 24.686, 1038.072, 1952.271, 0.000, 1019.117, 0.000, 0.912, 9.097, 0.000, 
258, 4, 0, 281.109, 1957.601, 51.847, 1620.196, 24.436, 1048.983, 1930.750, 0.000, 1029.496, 0.000, 0.511, 8.937, 0.000, 
258, 4, 0, 279.346, 1907.186, 45.606, 1716.769, 23.995, 1043.612, 1930.270, 0.000, 1034.265, 0.000, 1.022, 9.017, 0.000, 
258, 4, 0, 283.503, 1922.876, 31.920, 1691.921, 23.655, 1051.848, 1861.260, 0.000, 1030.417, 0.000, 0.782, 9.538, 0.000, 
258, 4, 0, 286.269, 1920.722, 30.678, 1657.266, 24.105, 1037.110, 1968.582, 0.000, 1029.897, 0.000, 0.872, 8.776, 0.000, 
258, 4, 0, 283.593, 1965.116, 32.551, 1673.056, 25.428, 1047.580, 1926.061, 0.000, 1035.467, 0.000, 1.082, 9.017, 0.000, 
258, 4, 0, 285.226, 1894.663, 46.548, 1706.820, 24.085, 1039.965, 1956.038, 0.000, 1036.589, 0.000, 0.951, 9.257, 0.000, 
258, 4, 0, 282.100, 1892.098, 52.269, 1735.334, 25.237, 1045.977, 1945.058, 0.000, 1030.738, 0.000, 0.691, 9.538, 0.000, 
258, 4, 0, 286.780, 1871.309, 36.058, 1702.191, 25.278, 1052.339, 1935.720, 0.000, 1026.009, 0.000, 0.541, 8.616, 0.000, 
258, 4, 0, 279.466, 1932.804, 40.676, 1688.024, 24.456, 1043.713, 1945.778, 0.000, 1031.861, 0.000, 0.792, 8.415, 0.000, 
258, 4, 0, 279.556, 1882.400, 44.804, 1757.084, 24.706, 1050.235, 1938.526, 0.000, 1026.210, 0.000, 1.042, 9.458, 0.000, 
259, 4, 0, 330.231, 2105.940, 39.214, 1434.738, 26.650, 1035.066, 1527.272, 0.000, 1051.497, 0.000, 1.132, 9.457, 0.000, 
259, 4, 0, 317.828, 2109.286, 49.353, 1549.964, 26.751, 1048.442, 1355.630, 0.000, 990.582, 0.000, 1.082, 9.338, 0.000, 
259, 4, 0, 327.776, 2065.985, 34.836, 1679.939, 26.500, 1051.157, 1917.926, 0.000, 1040.758, 0.000, 0.942, 9.418, 0.000, 
259, 4, 0, 282.031, 1896.266, 39.384, 1774.587, 25.548, 1055.715, 1344.408, 0.000, 982.488, 0.000, 0.682, 3.046, 0.000, 
259, 4, 0, 275.338, 1870.347, 49.022, 1533.754, 25.118, 998.578, 1942.894, 0.000, 1039.514, 0.000, 0.912, 9.338, 0.000, 
259, 4, 0, 279.335, 1892.409, 46.157, 1702.011, 24.616, 1047.980, 1933.155, 0.000, 1039.474, 0.000, 0.721, 8.416, 0.000, 
259, 4, 0, 285.938, 1904.331, 29.385, 1709.014, 24.075, 1056.737, 1932.514, 0.000, 1032.542, 0.000, 0.972, 9.297, 0.000, 
259, 4, 0, 285.767, 1880.567, 48.251, 1721.617, 25.027, 1044.915, 1948.664, 0.000, 1040.877, 0.000, 0.942, 8.696, 0.000, 
259, 4, 0, 322.667, 2047.420, 56.165, 1662.566, 32.111, 1050.506, 1555.725, 0.000, 1035.468, 0.000, 0.892, 9.257, 0.000, 
259, 4, 0, 291.078, 1854.768, 49.182, 1857.372, 25.968, 1052.128, 1423.076, 0.000, 993.708, 0.000, 0.901, 3.086, 0.000, 
260, 4, 0, 274.736, 1885.596, 50.826, 1524.938, 24.757, 1012.825, 1960.847, 0.000, 1041.999, 0.000, 0.771, 9.818, 0.000, 
260, 4, 0, 274.647, 1912.576, 32.461, 1700.858, 25.338, 1049.384, 1902.297, 0.000, 1044.084, 0.000, 0.781, 9.138, 0.000, 
260, 4, 0, 284.044, 1863.454, 47.569, 1749.630, 24.867, 1054.463, 1957.762, 0.000, 1044.043, 0.000, 0.631, 8.776, 0.000, 
260, 4, 0, 296.217, 1987.899, 31.209, 1576.024, 25.327, 1015.970, 1886.187, 0.000, 1042.440, 0.000, 0.902, 8.696, 0.000, 
260, 4, 0, 289.434, 1912.116, 49.884, 1661.945, 24.826, 1051.567, 1954.275, 0.000, 1047.489, 0.000, 0.541, 9.298, 0.000, 
260, 4, 0, 270.498, 1881.759, 43.572, 1774.918, 25.007, 1056.417, 1947.863, 0.000, 1032.582, 0.000, 0.621, 9.057, 0.000, 
260, 4, 0, 283.713, 1876.729, 48.622, 1742.848, 25.548, 1055.334, 1897.368, 0.000, 1042.160, 0.000, 0.762, 8.897, 0.000, 
260, 4, 0, 278.674, 1902.888, 32.351, 1738.690, 23.835, 1046.117, 1954.315, 0.000, 1040.637, 0.000, 1.002, 8.737, 0.000, 
260, 4, 0, 281.780, 1926.282, 30.518, 1708.743, 24.957, 1044.203, 1336.313, 0.000, 1032.101, 0.000, 0.781, 3.888, 0.000, 
260, 4, 0, 284.756, 1906.796, 29.906, 1478.791, 24.786, 1005.390, 1870.678, 0.000, 1045.005, 0.000, 0.701, 9.498, 0.000, 
261, 4, 0, 282.301, 1925.321, 32.371, 1696.851, 24.947, 1061.967, 1947.623, 0.000, 1048.211, 0.000, 0.571, 9.738, 0.000, 
261, 4, 0, 278.984, 1890.915, 44.804, 1748.919, 24.326, 1053.581, 1961.889, 0.000, 1046.047, 0.000, 1.543, 9.257, 0.000, 
261, 4, 0, 283.814, 1955.377, 61.345, 1671.994, 24.115, 1015.850, 1958.483, 0.000, 1048.651, 0.000, 0.981, 8.496, 0.000, 
261, 4, 0, 283.203, 1931.221, 32.762, 1693.595, 24.747, 1061.035, 1869.355, 0.000, 1040.357, 0.000, 0.692, 8.696, 0.000, 
261, 4, 0, 314.792, 2058.692, 62.357, 1640.945, 25.438, 1049.754, 1634.464, 0.000, 1035.227, 0.000, 0.751, 9.458, 0.000, 
261, 4, 0, 290.416, 1906.155, 45.395, 1727.478, 25.437, 1053.911, 1968.462, 0.000, 1046.568, 0.000, 0.460, 8.576, 0.000, 
261, 4, 0, 270.890, 1900.363, 52.128, 1773.825, 25.528, 1058.420, 1956.840, 0.000, 1050.015, 0.000, 0.681, 9.298, 0.000, 
261, 4, 0, 283.192, 1866.490, 51.086, 1787.542, 24.436, 1049.814, 1917.365, 0.000, 1039.795, 0.000, 0.682, 9.418, 0.000, 
261, 4, 0, 288.342, 1885.896, 30.838, 1702.241, 25.798, 1058.330, 1915.041, 0.000, 1046.087, 0.000, 1.092, 8.657, 0.000, 
261, 4, 0, 304.953, 1943.715, 49.353, 1851.121, 24.396, 1056.066, 1349.217, 0.000, 1008.616, 0.000, 1.032, 3.046, 0.000, 
262, 4, 0, 307.658, 1953.183, 35.667, 1898.150, 25.959, 1049.033, 1367.732, 0.000, 1044.605, 0.000, 0.771, 3.006, 0.000, 
262, 4, 0, 303.491, 1952.060, 50.314, 1964.343, 24.856, 1062.117, 1966.458, 0.000, 1055.385, 0.000, 1.253, 9.498, 0.000, 
262, 4, 0, 295.175, 1848.656, 52.208, 1768.355, 24.186, 1010.600, 1365.568, 0.000, 1042.200, 0.000, 0.921, 3.887, 0.000, 
262, 4, 0, 315.323, 1850.039, 51.416, 2042.431, 25.007, 1060.624, 1495.773, 0.000, 1018.716, 0.000, 1.092, 9.417, 0.000, 
262, 4, 0, 303.291, 1858.444, 47.229, 1832.637, 24.606, 1055.244, 1406.525, 0.000, 1039.555, 0.000, 1.072, 3.086, 0.000, 
262, 4, 0, 297.490, 1845.740, 35.487, 1470.956, 25.208, 1053.121, 1610.909, 0.000, 1059.272, 0.000, 0.782, 8.656, 0.000, 
262, 4, 0, 299.513, 1854.287, 39.785, 1723.481, 24.946, 1052.909, 1948.785, 0.000, 1050.014, 0.000, 0.841, 9.618, 0.000, 
262, 4, 0, 293.712, 1918.658, 45.476, 1703.764, 24.356, 1042.811, 1925.741, 0.000, 1053.581, 0.000, 0.752, 8.856, 0.000, 
262, 4, 0, 293.963, 1952.191, 49.824, 1640.635, 24.607, 1046.558, 1582.887, 0.000, 1036.790, 0.000, 0.681, 8.736, 0.000, 
262, 4, 0, 310.664, 1957.301, 40.867, 1676.713, 27.722, 1027.452, 1669.419, 0.000, 1011.342, 0.000, 1.032, 9.377, 0.000, 
263, 4, 0, 309.793, 1920.992, 30.989, 1825.974, 25.057, 1062.979, 1948.905, 0.000, 1055.305, 0.000, 0.872, 9.017, 0.000, 
263, 4, 0, 297.129, 1945.458, 52.298, 1660.702, 25.077, 1062.287, 1602.052, 0.000, 1042.401, 0.000, 0.911, 8.536, 0.000, 
263, 4, 0, 302.419, 1969.894, 53.551, 1656.625, 25.839, 1030.538, 1925.862, 0.000, 1050.175, 0.000, 0.751, 8.937, 0.000, 
263, 4, 0, 293.281, 1899.061, 47.709, 1695.438, 24.977, 1027.682, 1959.886, 0.000, 1054.984, 0.000, 0.671, 8.737, 0.000, 
263, 4, 0, 297.019, 1902.888, 31.790, 1929.018, 24.356, 1066.305, 1979.523, 0.000, 1056.507, 0.000, 1.142, 8.656, 0.000, 
263, 4, 0, 299.433, 1959.485, 38.994, 1790.137, 24.606, 1067.507, 1903.018, 0.000, 1044.003, 0.000, 0.711, 8.817, 0.000, 
263, 4, 0, 303.901, 1952.702, 39.203, 1814.091, 25.568, 1057.639, 1976.677, 0.000, 1054.423, 0.000, 0.701, 8.656, 0.000, 
263, 4, 0, 301.046, 1954.466, 30.557, 1827.446, 25.348, 1063.079, 1938.245, 0.000, 1056.907, 0.000, 0.942, 9.338, 0.000, 
263, 4, 0, 302.309, 1933.135, 44.774, 1610.659, 24.496, 1029.055, 1910.152, 0.000, 1052.900, 0.000, 0.911, 9.178, 0.000, 
263, 4, 0, 306.637, 1956.499, 42.489, 1792.260, 24.807, 1053.712, 1897.047, 0.000, 1053.581, 0.000, 0.801, 9.658, 0.000, 
264, 4, 0, 299.914, 1976.036, 35.757, 1843.567, 24.416, 1069.902, 1954.796, 0.000, 1051.898, 0.000, 0.891, 8.857, 0.000, 
264, 4, 0, 309.482, 1966.859, 34.424, 1809.603, 25.177, 1068.940, 1942.733, 0.000, 1058.110, 0.000, 0.781, 9.979, 0.000, 
264, 4, 0, 305.023, 1945.058, 32.351, 1820.984, 25.147, 1069.311, 1877.811, 0.000, 1052.019, 0.000, 1.392, 9.458, 0.000, 
264, 4, 0, 304.162, 1960.416, 30.066, 1823.398, 28.814, 1075.783, 1913.318, 0.000, 1052.820, 0.000, 0.952, 8.696, 0.000, 
264, 4, 0, 286.930, 1950.598, 48.060, 1860.118, 25.829, 1064.712, 1963.813, 0.000, 1058.430, 0.000, 0.982, 9.418, 0.000, 
264, 4, 0, 294.564, 1923.207, 48.411, 1873.072, 26.370, 1068.780, 1908.669, 0.000, 1049.654, 0.000, 0.672, 9.217, 0.000, 
264, 4, 0, 297.740, 1956.960, 41.468, 1804.834, 24.106, 1072.337, 1953.353, 0.000, 1058.310, 0.000, 0.842, 9.498, 0.000, 
264, 4, 0, 284.235, 1987.297, 31.910, 1597.844, 26.090, 1065.715, 1592.895, 0.000, 1051.096, 0.000, 0.731, 8.816, 0.000, 
264, 4, 0, 295.115, 1942.804, 53.430, 1680.099, 24.196, 1061.977, 1884.103, 0.000, 1058.590, 0.000, 0.812, 9.457, 0.000, 
264, 4, 0, 301.026, 1966.748, 31.188, 1825.903, 24.757, 1059.683, 1908.268, 0.000, 1055.745, 0.000, 0.551, 9.378, 0.000, 
265, 4, 0, 308.790, 1969.444, 53.320, 1776.120, 26.280, 1074.992, 1898.730, 0.000, 1065.644, 0.000, 1.132, 8.456, 0.000, 
265, 4, 0, 300.485, 1915.712, 31.830, 1823.269, 25.458, 1071.145, 1960.606, 0.000, 1059.071, 0.000, 0.851, 9.378, 0.000, 
265, 4, 0, 291.188, 1962.761, 50.525, 1637.860, 24.947, 1034.285, 1825.513, 0.000, 1064.041, 0.000, 1.213, 8.777, 0.000, 
265, 4, 0, 302.208, 2002.425, 35.025, 1739.962, 24.586, 1075.302, 1851.682, 0.000, 1061.396, 0.000, 0.661, 9.338, 0.000, 
265, 4, 0, 294.464, 1947.071, 36.379, 1816.666, 25.037, 1076.444, 1982.007, 0.000, 1057.028, 0.000, 0.811, 9.658, 0.000, 
265, 4, 0, 292.189, 1932.344, 48.000, 1649.432, 24.967, 1055.194, 1914.679, 0.000, 1062.317, 0.000, 1.132, 8.937, 0.000, 
265, 4, 0, 292.069, 1941.812, 38.362, 1850.149, 24.847, 1075.753, 1912.436, 0.000, 1053.822, 0.000, 0.641, 8.656, 0.000, 
265, 4, 0, 313.399, 2012.164, 53.641, 1559.703, 25.838, 1038.412, 1608.885, 0.000, 1051.979, 0.000, 1.192, 8.777, 0.000, 
265, 4, 0, 279.906, 1901.947, 48.221, 1790.507, 25.779, 1075.623, 1366.650, 0.000, 1044.845, 0.000, 0.781, 3.888, 0.000, 
265, 4, 0, 298.511, 1912.567, 31.489, 1946.330, 25.228, 1064.722, 1385.925, 0.000, 1056.747, 0.000, 0.772, 2.925, 0.000, 
266, 4, 0, 295.356, 1948.935, 41.728, 1968.822, 24.926, 1073.438, 1367.813, 0.000, 1053.702, 0.000, 0.651, 3.888, 0.000, 
266, 4, 0, 287.080, 1927.955, 35.055, 2038.202, 24.817, 1070.003, 1406.925, 0.000, 1013.987, 0.000, 0.811, 3.888, 0.000, 
266, 4, 0, 297.479, 1937.804, 39.935, 1997.717, 24.837, 1074.080, 1416.223, 0.000, 1060.154, 0.000, 0.791, 4.008, 0.000, 
266, 4, 0, 293.472, 1931.462, 52.028, 1912.035, 24.736, 1071.645, 1961.928, 0.000, 1060.635, 0.000, 0.972, 8.616, 0.000, 
266, 4, 0, 303.401, 1930.961, 34.625, 1853.725, 25.037, 1078.267, 1933.637, 0.000, 1060.996, 0.000, 0.571, 9.337, 0.000, 
266, 4, 0, 295.315, 1931.412, 36.188, 1636.477, 24.807, 1041.218, 1906.946, 0.000, 1058.872, 0.000, 0.801, 8.856, 0.000, 
266, 4, 0, 293.692, 1952.692, 44.163, 1816.035, 24.686, 1077.967, 1996.915, 0.000, 1064.242, 0.000, 1.132, 9.178, 0.000, 
266, 4, 0, 294.093, 1918.728, 47.379, 1654.722, 25.348, 1039.876, 1921.492, 0.000, 1055.545, 0.000, 1.122, 9.298, 0.000, 
266, 4, 0, 297.380, 1946.941, 39.494, 1612.652, 24.776, 1037.080, 1952.632, 0.000, 1069.250, 0.000, 0.772, 8.816, 0.000, 
266, 4, 0, 289.133, 1914.310, 42.490, 1661.334, 27.842, 1068.038, 1928.667, 0.000, 1063.119, 0.000, 0.782, 8.897, 0.000, 
267, 4, 0, 296.027, 1946.801, 29.926, 1619.656, 25.017, 1036.208, 1915.803, 0.000, 1070.052, 0.000, 0.561, 9.578, 0.000, 
267, 4, 0, 300.926, 1961.048, 44.414, 1823.088, 24.737, 1083.348, 1947.622, 0.000, 1062.879, 0.000, 1.944, 9.298, 0.000, 
267, 4, 0, 311.796, 1977.999, 49.803, 1797.550, 24.646, 1074.290, 1919.530, 0.000, 1068.890, 0.000, 0.771, 8.857, 0.000, 
267, 4, 0, 304.823, 1926.173, 33.883, 1842.705, 25.157, 1079.961, 1986.936, 0.000, 1066.646, 0.000, 0.802, 9.298, 0.000, 
267, 4, 0, 300.876, 1914.810, 33.162, 1636.186, 37.110, 1038.733, 1601.131, 0.000, 1031.660, 0.000, 0.932, 8.816, 0.000, 
267, 4, 0, 342.403, 2105.860, 39.023, 2046.388, 25.468, 1083.748, 1013.105, 0.000, 1014.949, 0.000, 0.842, 3.928, 0.000, 
267, 4, 0, 293.372, 1878.943, 45.055, 2035.167, 26.129, 1078.227, 1441.951, 0.000, 1063.960, 0.000, 1.052, 3.887, 0.000, 
267, 4, 0, 285.887, 1925.541, 38.212, 1970.796, 24.506, 1069.071, 1414.701, 0.000, 1016.312, 0.000, 0.811, 3.887, 0.000, 
267, 4, 0, 293.712, 1924.178, 50.004, 1489.050, 25.328, 1038.183, 1524.206, 0.000, 1054.102, 0.000, 1.092, 9.458, 0.000, 
267, 4, 0, 326.464, 1994.862, 56.807, 1590.080, 24.987, 1075.422, 1647.087, 0.000, 1062.799, 0.000, 0.651, 9.218, 0.000, 
268, 4, 0, 301.067, 1968.732, 37.741, 1616.781, 25.017, 1078.037, 1616.540, 0.000, 1053.021, 0.000, 0.922, 8.696, 0.000, 
268, 4, 0, 313.420, 1992.196, 49.713, 1608.625, 25.247, 1083.447, 1645.936, 0.000, 1071.535, 0.000, 0.571, 8.456, 0.000, 
268, 4, 0, 306.106, 1934.267, 35.436, 1619.735, 25.137, 1081.884, 1535.398, 0.000, 1067.087, 0.000, 0.782, 8.336, 0.000, 
268, 4, 0, 304.613, 1990.553, 38.423, 1649.302, 25.167, 1045.476, 1850.560, 0.000, 1076.144, 0.000, 0.771, 9.298, 0.000, 
268, 4, 0, 308.691, 1951.820, 47.980, 1804.413, 25.468, 1084.178, 1906.786, 0.000, 1073.979, 0.000, 0.781, 8.817, 0.000, 
268, 4, 0, 298.672, 1957.701, 51.798, 1833.258, 25.357, 1079.490, 1938.405, 0.000, 1071.936, 0.000, 0.511, 9.538, 0.000, 
268, 4, 0, 292.961, 1934.939, 40.166, 1652.197, 25.588, 1079.330, 1863.384, 0.000, 1068.610, 0.000, 0.431, 9.297, 0.000, 
268, 4, 0, 298.160, 1938.335, 31.749, 1864.385, 25.788, 1083.006, 1888.552, 0.000, 1072.978, 0.000, 0.691, 8.616, 0.000, 
268, 4, 0, 306.606, 1931.543, 49.914, 1832.275, 24.777, 1088.107, 1933.596, 0.000, 1072.416, 0.000, 1.172, 8.576, 0.000, 
268, 4, 0, 308.901, 1948.554, 51.046, 1829.370, 24.626, 1087.455, 1892.719, 0.000, 1070.654, 0.000, 0.892, 9.298, 0.000, 
269, 4, 0, 338.306, 2008.437, 53.290, 1726.477, 26.660, 1079.580, 1606.981, 0.000, 1071.294, 0.000, 0.932, 3.005, 0.000, 
269, 4, 0, 315.102, 1913.759, 50.124, 1902.378, 26.570, 1084.940, 1951.430, 0.000, 1077.386, 0.000, 0.912, 8.736, 0.000, 
269, 4, 0, 303.671, 1899.883, 44.083, 1885.425, 25.578, 1087.545, 1960.967, 0.000, 1072.657, 0.000, 0.651, 8.816, 0.000, 
269, 4, 0, 306.897, 1952.552, 51.958, 1835.211, 26.761, 1080.422, 1928.186, 0.000, 1077.025, 0.000, 0.531, 9.177, 0.000, 
269, 4, 0, 310.725, 1942.472, 44.755, 1803.602, 24.987, 1083.607, 1918.207, 0.000, 1078.347, 0.000, 0.812, 8.656, 0.000, 
269, 4, 0, 317.066, 1989.751, 42.600, 1757.224, 24.356, 1048.542, 1927.465, 0.000, 1078.428, 0.000, 0.641, 9.057, 0.000, 
269, 4, 0, 311.145, 1948.224, 39.935, 1781.089, 24.546, 1090.221, 1855.890, 0.000, 1077.266, 0.000, 0.661, 9.458, 0.000, 
269, 4, 0, 306.557, 1981.516, 48.241, 1806.187, 24.777, 1085.231, 1913.317, 0.000, 1070.213, 0.000, 0.651, 8.776, 0.000, 
269, 4, 0, 312.006, 1964.393, 48.862, 1799.904, 24.756, 1088.717, 1930.831, 0.000, 1073.539, 0.000, 0.632, 8.817, 0.000, 
269, 4, 0, 315.734, 1987.257, 34.565, 1766.381, 24.817, 1078.268, 1931.272, 0.000, 1080.111, 0.000, 0.792, 9.578, 0.000, 
270, 4, 0, 327.456, 1990.834, 48.581, 1800.906, 25.237, 1098.445, 1871.760, 0.000, 1075.743, 0.000, 0.751, 8.736, 0.000, 
270, 4, 0, 310.204, 1995.643, 31.960, 1766.832, 24.536, 1085.571, 1934.357, 0.000, 1084.399, 0.000, 1.142, 9.538, 0.000, 
270, 4, 0, 303.480, 1990.123, 49.473, 1812.067, 25.398, 1082.626, 1910.593, 0.000, 1083.357, 0.000, 1.132, 8.816, 0.000, 
270, 4, 0, 306.386, 1943.545, 49.834, 1806.116, 24.496, 1091.733, 1882.941, 0.000, 1083.998, 0.000, 0.651, 9.257, 0.000, 
270, 4, 0, 299.393, 1941.932, 49.483, 1831.164, 24.205, 1090.220, 1925.861, 0.000, 1083.718, 0.000, 0.892, 9.137, 0.000, 
270, 4, 0, 299.203, 1982.478, 48.491, 1830.061, 23.986, 1088.968, 1930.630, 0.000, 1078.869, 0.000, 0.641, 8.816, 0.000, 
270, 4, 0, 297.911, 1941.731, 38.974, 1871.139, 24.797, 1091.903, 1939.648, 0.000, 1082.596, 0.000, 1.283, 8.536, 0.000, 
270, 4, 0, 309.843, 1953.333, 48.542, 1844.018, 24.576, 1088.737, 1888.231, 0.000, 1081.193, 0.000, 1.002, 8.737, 0.000, 
270, 4, 0, 307.778, 1912.076, 49.493, 1847.945, 24.807, 1090.952, 1939.166, 0.000, 1076.945, 0.000, 0.861, 9.177, 0.000, 
270, 4, 0, 301.637, 1958.253, 49.643, 1837.084, 24.667, 1085.191, 1941.410, 0.000, 1080.632, 0.000, 0.741, 9.458, 0.000, 
271, 4, 0, 297.820, 1987.557, 51.917, 1833.357, 24.977, 1086.613, 1861.060, 0.000, 1076.625, 0.000, 0.772, 9.618, 0.000, 
271, 4, 0, 312.087, 1979.262, 34.706, 1789.756, 24.887, 1092.545, 1878.893, 0.000, 1087.284, 0.000, 0.711, 8.656, 0.000, 
271, 4, 0, 301.798, 1959.094, 49.543, 1840.481, 25.698, 1091.422, 1933.356, 0.000, 1087.926, 0.000, 0.651, 8.696, 0.000, 
271, 4, 0, 304.303, 1987.297, 37.911, 1792.330, 24.696, 1098.084, 1929.829, 0.000, 1076.785, 0.000, 0.782, 8.576, 0.000, 
271, 4, 0, 310.203, 2023.726, 40.927, 1762.254, 25.298, 1095.190, 1896.927, 0.000, 1088.567, 0.000, 0.841, 9.498, 0.000, 
271, 4, 0, 304.051, 1962.350, 49.773, 1835.451, 25.919, 1087.385, 1877.691, 0.000, 1085.762, 0.000, 1.042, 9.498, 0.000, 
271, 4, 0, 301.137, 1963.572, 48.842, 1837.816, 24.356, 1101.692, 1896.767, 0.000, 1077.947, 0.000, 0.781, 8.736, 0.000, 
271, 4, 0, 321.575, 1979.733, 31.148, 1778.334, 24.897, 1093.116, 1918.087, 0.000, 1085.201, 0.000, 0.431, 8.657, 0.000, 
271, 4, 0, 314.552, 1994.731, 30.177, 1778.655, 24.837, 1095.119, 1866.310, 0.000, 1083.277, 0.000, 0.511, 8.816, 0.000, 
271, 4, 0, 323.779, 2027.122, 31.780, 1674.048, 25.398, 1052.649, 1893.961, 0.000, 1087.084, 0.000, 0.511, 8.777, 0.000, 
272, 4, 0, 314.962, 2029.897, 53.711, 1761.222, 25.217, 1066.705, 1936.281, 0.000, 1088.567, 0.000, 1.112, 9.017, 0.000, 
272, 4, 0, 294.243, 1963.352, 49.332, 1855.268, 25.508, 1095.329, 1944.777, 0.000, 1089.328, 0.000, 0.771, 9.337, 0.000, 
272, 4, 0, 303.641, 1973.030, 35.507, 1803.231, 24.977, 1105.970, 1907.387, 0.000, 1086.363, 0.000, 0.641, 8.777, 0.000, 
272, 4, 0, 317.898, 1984.993, 50.525, 1735.424, 24.806, 1050.405, 1929.348, 0.000, 1088.127, 0.000, 0.791, 9.418, 0.000, 
272, 4, 0, 297.820, 1966.368, 46.437, 1842.885, 24.285, 1103.655, 1900.613, 0.000, 1085.481, 0.000, 0.732, 8.777, 0.000, 
272, 4, 0, 298.502, 1995.713, 51.597, 1825.813, 24.466, 1094.238, 1938.725, 0.000, 1087.645, 0.000, 1.052, 9.538, 0.000, 
272, 4, 0, 303.672, 1977.939, 49.574, 1848.787, 25.598, 1093.026, 1859.817, 0.000, 1078.267, 0.000, 0.781, 8.777, 0.000, 
272, 4, 0, 309.262, 1986.806, 49.193, 1737.989, 24.837, 1100.359, 1873.402, 0.000, 1084.279, 0.000, 0.992, 8.816, 0.000, 
272, 4, 0, 312.888, 1962.500, 61.245, 1748.688, 25.357, 1095.219, 1883.301, 0.000, 1084.399, 0.000, 0.892, 9.178, 0.000, 
272, 4, 0, 313.169, 1991.706, 51.457, 1765.871, 24.506, 1067.497, 1851.322, 0.000, 1078.388, 0.000, 0.551, 8.376, 0.000, 
273, 4, 0, 313.149, 2013.757, 53.661, 1758.778, 24.706, 1067.417, 1669.811, 0.000, 1089.489, 0.000, 0.391, 9.578, 0.000, 
273, 4, 0, 317.748, 1980.023, 51.647, 1770.269, 24.807, 1095.811, 1873.323, 0.000, 1096.863, 0.000, 1.021, 8.656, 0.000, 
273, 4, 0, 312.998, 1964.784, 36.369, 1783.795, 24.176, 1075.984, 1889.553, 0.000, 1084.760, 0.000, 0.652, 8.536, 0.000, 
273, 4, 0, 314.221, 2010.230, 53.651, 1741.716, 24.566, 1062.328, 1896.166, 0.000, 1089.328, 0.000, 0.571, 9.458, 0.000, 
273, 4, 0, 323.137, 1969.003, 54.082, 1755.712, 26.941, 1093.507, 1597.684, 0.000, 1082.516, 0.000, 0.871, 8.616, 0.000, 
273, 4, 0, 331.894, 1992.167, 43.071, 1657.086, 26.039, 1090.601, 1670.983, 0.000, 1076.745, 0.000, 0.972, 9.417, 0.000, 
273, 4, 0, 310.924, 1966.397, 59.352, 1671.223, 25.729, 1093.877, 1546.980, 0.000, 1083.197, 0.000, 0.681, 8.375, 0.000, 
273, 4, 0, 310.734, 1938.215, 47.429, 1621.689, 24.836, 1098.115, 1657.947, 0.000, 1094.178, 0.000, 1.012, 8.777, 0.000, 
273, 4, 0, 317.858, 1975.905, 29.415, 1789.915, 25.217, 1099.788, 1903.780, 0.000, 1092.655, 0.000, 0.922, 8.536, 0.000, 
273, 4, 0, 311.286, 2026.691, 52.238, 1736.105, 26.039, 1100.359, 1673.768, 0.000, 1086.924, 0.000, 0.971, 9.337, 0.000, 
274, 4, 0, 319.030, 1977.168, 31.669, 1797.800, 24.566, 1106.671, 1879.254, 0.000, 1097.424, 0.000, 1.042, 8.696, 0.000, 
274, 4, 0, 315.213, 1979.332, 43.402, 1778.054, 26.580, 1073.469, 1754.339, 0.000, 1065.444, 0.000, 0.762, 9.819, 0.000, 
274, 4, 0, 323.228, 1928.025, 37.441, 1817.418, 25.007, 1101.271, 1935.199, 0.000, 1092.014, 0.000, 0.652, 8.776, 0.000, 
274, 4, 0, 316.796, 1977.429, 48.541, 1765.610, 24.727, 1058.691, 1551.246, 0.000, 1083.758, 0.000, 0.601, 8.696, 0.000, 
274, 4, 0, 317.537, 1983.380, 48.121, 1608.094, 24.596, 1055.805, 1659.832, 0.000, 1084.640, 0.000, 0.791, 8.616, 0.000, 
274, 4, 0, 319.692, 1970.916, 30.958, 1599.418, 25.298, 1091.332, 1550.746, 0.000, 1094.218, 0.000, 1.313, 9.818, 0.000, 
274, 4, 0, 327.196, 1972.459, 48.191, 1800.626, 25.508, 1105.630, 1673.978, 0.000, 1082.436, 0.000, 0.891, 8.736, 0.000, 
274, 4, 0, 309.312, 1953.263, 50.715, 1625.176, 25.298, 1056.006, 1639.783, 0.000, 1084.600, 0.000, 0.631, 8.817, 0.000, 
274, 4, 0, 315.764, 1975.194, 49.784, 1627.170, 25.228, 1053.612, 1677.074, 0.000, 1097.625, 0.000, 0.511, 9.177, 0.000, 
274, 4, 0, 315.844, 1945.418, 48.701, 1841.202, 24.827, 1096.783, 1849.318, 0.000, 1096.542, 0.000, 0.661, 10.299, 0.000, 
275, 4, 0, 352.493, 2111.621, 40.145, 1502.385, 25.378, 1130.356, 1677.405, 0.000, 1095.620, 0.000, 1.072, 8.897, 0.000, 
275, 4, 0, 300.966, 1956.369, 47.259, 1846.662, 26.750, 1109.125, 1932.153, 0.000, 1099.828, 0.000, 0.651, 8.896, 0.000, 
275, 4, 0, 314.171, 1960.988, 33.333, 1802.930, 24.967, 1111.189, 1932.474, 0.000, 1094.498, 0.000, 0.401, 8.696, 0.000, 
275, 4, 0, 311.005, 1964.234, 55.705, 1760.230, 27.952, 1107.582, 1661.705, 0.000, 1094.338, 0.000, 0.762, 9.418, 0.000, 
275, 4, 0, 314.080, 1930.590, 47.399, 1857.293, 26.640, 1109.757, 1910.673, 0.000, 1101.030, 0.000, 0.701, 9.137, 0.000, 
275, 4, 0, 312.388, 1987.738, 43.031, 1797.079, 24.576, 1084.128, 1931.392, 0.000, 1093.576, 0.000, 1.062, 8.536, 0.000, 
275, 4, 0, 319.110, 1959.996, 53.831, 1772.503, 25.598, 1065.794, 1920.972, 0.000, 1108.845, 0.000, 0.922, 8.777, 0.000, 
275, 4, 0, 313.800, 1996.374, 49.173, 1756.884, 25.478, 1100.981, 1641.446, 0.000, 1080.471, 0.000, 1.603, 8.576, 0.000, 
275, 4, 0, 313.940, 1960.176, 35.347, 1595.651, 24.656, 1067.827, 1686.091, 0.000, 1095.300, 0.000, 0.451, 9.217, 0.000, 
275, 4, 0, 320.182, 1969.904, 35.316, 1576.344, 25.028, 1067.388, 1566.606, 0.000, 1094.138, 0.000, 0.811, 8.857, 0.000, 
276, 4, 0, 317.888, 1969.944, 31.069, 1601.071, 24.947, 1109.246, 1556.978, 0.000, 1104.557, 0.000, 0.982, 9.377, 0.000, 
276, 4, 0, 320.874, 1953.443, 40.687, 1810.104, 24.677, 1114.737, 1909.711, 0.000, 1098.586, 0.000, 0.962, 9.297, 0.000, 
276, 4, 0, 338.416, 2135.075, 45.957, 1635.556, 24.125, 1112.913, 1680.540, 0.000, 1103.355, 0.000, 0.862, 9.498, 0.000, 
276, 4, 0, 300.765, 2020.169, 41.568, 1803.401, 25.277, 1081.603, 1884.824, 0.000, 1107.282, 0.000, 0.781, 8.816, 0.000, 
276, 4, 0, 301.236, 2019.438, 52.348, 1791.048, 25.869, 1084.189, 1887.469, 0.000, 1100.629, 0.000, 0.882, 9.378, 0.000, 
276, 4, 0, 307.398, 1989.160, 57.579, 1794.545, 25.368, 1071.395, 1903.499, 0.000, 1101.632, 0.000, 0.681, 8.897, 0.000, 
276, 4, 0, 305.414, 2022.444, 33.663, 1719.413, 26.069, 1103.285, 1625.346, 0.000, 1104.477, 0.000, 0.581, 9.137, 0.000, 
276, 4, 0, 300.605, 2000.923, 52.649, 1638.451, 25.598, 1110.127, 1670.161, 0.000, 1105.199, 0.000, 0.761, 9.378, 0.000, 
276, 4, 0, 304.432, 2015.570, 49.463, 1773.124, 24.456, 1064.913, 1893.841, 0.000, 1099.908, 0.000, 1.062, 8.816, 0.000, 
276, 4, 0, 299.914, 1992.667, 40.126, 1812.439, 25.067, 1081.764, 1910.232, 0.000, 1098.346, 0.000, 0.751, 3.967, 0.000, 
277, 4, 0, 300.215, 1965.296, 34.464, 2030.047, 24.967, 1114.285, 1983.730, 0.000, 1103.835, 0.000, 0.962, 9.458, 0.000, 
277, 4, 0, 295.776, 2010.821, 43.070, 1812.218, 25.307, 1108.805, 1577.847, 0.000, 1102.313, 0.000, 1.021, 9.338, 0.000, 
277, 4, 0, 288.923, 1996.986, 48.020, 1661.143, 25.948, 1116.259, 1678.567, 0.000, 1113.133, 0.000, 1.002, 8.817, 0.000, 
277, 4, 0, 291.237, 1957.000, 48.721, 1876.067, 24.756, 1115.417, 1881.658, 0.000, 1105.880, 0.000, 0.692, 9.418, 0.000, 
277, 4, 0, 293.182, 1970.044, 44.924, 1862.592, 24.597, 1111.460, 1881.617, 0.000, 1114.256, 0.000, 0.901, 9.458, 0.000, 
277, 4, 0, 291.378, 1997.667, 34.986, 1812.468, 24.506, 1075.071, 1560.404, 0.000, 1093.336, 0.000, 1.002, 9.738, 0.000, 
277, 4, 0, 294.984, 2028.074, 39.665, 1629.515, 24.826, 1073.609, 1694.266, 0.000, 1110.969, 0.000, 0.801, 9.578, 0.000, 
277, 4, 0, 289.775, 1968.000, 50.435, 1893.831, 24.867, 1115.929, 1995.111, 0.000, 1105.960, 0.000, 1.152, 8.776, 0.000, 
277, 4, 0, 290.356, 1992.397, 34.014, 1835.301, 25.287, 1122.280, 1908.028, 0.000, 1107.042, 0.000, 1.002, 9.177, 0.000, 
277, 4, 0, 297.028, 1972.940, 30.286, 1824.070, 26.680, 1102.082, 1918.287, 0.000, 1111.811, 0.000, 0.661, 8.697, 0.000, 
278, 4, 0, 306.406, 1973.501, 44.324, 1774.447, 25.809, 1073.298, 1558.881, 0.000, 1118.183, 0.000, 1.102, 8.697, 0.000, 
278, 4, 0, 303.060, 1997.567, 48.140, 1640.094, 25.719, 1067.558, 1695.388, 0.000, 1111.129, 0.000, 0.861, 8.776, 0.000, 
278, 4, 0, 301.177, 2008.367, 44.974, 1599.568, 25.628, 1116.309, 1609.386, 0.000, 1110.288, 0.000, 0.812, 8.697, 0.000, 
278, 4, 0, 305.885, 2041.208, 54.383, 1771.131, 25.248, 1080.693, 1686.682, 0.000, 1108.244, 0.000, 1.262, 9.377, 0.000, 
278, 4, 0, 299.263, 1919.349, 43.211, 1854.858, 26.089, 1116.589, 1564.852, 0.000, 1107.082, 0.000, 0.842, 8.816, 0.000, 
278, 4, 0, 308.931, 1942.923, 51.316, 1685.970, 25.568, 1081.745, 1667.576, 0.000, 1099.948, 0.000, 0.921, 8.857, 0.000, 
278, 4, 0, 308.370, 1942.783, 45.907, 1662.947, 25.037, 1068.749, 1567.989, 0.000, 1116.219, 0.000, 0.671, 9.378, 0.000, 
278, 4, 0, 300.796, 1921.082, 40.937, 1691.110, 24.776, 1119.355, 1687.022, 0.000, 1105.680, 0.000, 0.882, 8.737, 0.000, 
278, 4, 0, 302.048, 1911.374, 40.205, 1706.509, 26.089, 1120.217, 1662.777, 0.000, 1106.520, 0.000, 0.662, 8.697, 0.000, 
278, 4, 0, 304.122, 1959.915, 27.892, 1622.891, 25.017, 1079.820, 1566.926, 0.000, 1101.672, 0.000, 0.872, 9.619, 0.000, 
279, 4, 0, 310.564, 1964.955, 48.070, 1662.666, 25.668, 1079.970, 1696.420, 0.000, 1113.975, 0.000, 0.721, 8.696, 0.000, 
279, 4, 0, 305.444, 1947.462, 46.678, 1665.933, 25.167, 1118.012, 1571.074, 0.000, 1111.851, 0.000, 0.551, 9.177, 0.000, 
279, 4, 0, 294.524, 2014.839, 30.297, 1623.422, 27.020, 1072.917, 1678.917, 0.000, 1103.956, 0.000, 0.671, 8.736, 0.000, 
279, 4, 0, 304.212, 1961.578, 46.717, 1660.161, 26.570, 1086.713, 1652.457, 0.000, 1103.796, 0.000, 0.561, 8.656, 0.000, 
279, 4, 0, 297.490, 1917.837, 36.037, 1708.432, 25.959, 1119.916, 1633.953, 0.000, 1109.646, 0.000, 0.982, 8.857, 0.000, 
279, 4, 0, 305.294, 1944.657, 46.617, 1691.350, 25.367, 1109.957, 1694.246, 0.000, 1093.416, 0.000, 0.912, 9.458, 0.000, 
279, 4, 0, 286.809, 1901.747, 53.150, 1810.695, 25.398, 1085.942, 1680.259, 0.000, 1101.271, 0.000, 0.752, 8.456, 0.000, 
279, 4, 0, 290.536, 2028.665, 49.393, 1679.789, 26.149, 1122.921, 1684.708, 0.000, 1113.534, 0.000, 0.721, 8.856, 0.000, 
279, 4, 0, 296.187, 1889.092, 47.219, 1695.598, 25.307, 1085.792, 1570.073, 0.000, 1109.407, 0.000, 0.681, 9.418, 0.000, 
279, 4, 0, 298.080, 1954.766, 46.597, 1702.100, 25.968, 1090.099, 1678.367, 0.000, 1097.303, 0.000, 0.782, 9.458, 0.000, 
280, 4, 0, 294.774, 1963.072, 50.715, 1691.941, 25.188, 1075.964, 1575.372, 0.000, 1111.731, 0.000, 0.832, 9.337, 0.000, 
280, 4, 0, 300.485, 1953.284, 42.079, 1615.057, 24.616, 1084.088, 1690.589, 0.000, 1121.228, 0.000, 0.692, 9.818, 0.000, 
280, 4, 0, 296.227, 1943.094, 49.142, 1653.599, 25.478, 1130.125, 1596.843, 0.000, 1107.482, 0.000, 0.882, 9.338, 0.000, 
280, 4, 0, 300.224, 1940.720, 52.379, 1712.521, 26.470, 1123.813, 1561.757, 0.000, 1122.711, 0.000, 0.822, 9.458, 0.000, 
280, 4, 0, 295.405, 1902.438, 49.032, 1693.745, 25.368, 1084.991, 1597.965, 0.000, 1111.811, 0.000, 0.771, 9.258, 0.000, 
280, 4, 0, 295.786, 1951.931, 49.122, 1672.395, 24.987, 1126.599, 1579.370, 0.000, 1119.065, 0.000, 0.862, 8.616, 0.000, 
280, 4, 0, 294.173, 1932.895, 47.509, 1670.632, 27.662, 1090.941, 1691.842, 0.000, 1125.035, 0.000, 0.792, 8.496, 0.000, 
280, 4, 0, 306.356, 2028.054, 41.197, 1746.674, 25.608, 1073.548, 1573.939, 0.000, 1123.994, 0.000, 0.822, 8.737, 0.000, 
280, 4, 0, 302.609, 2038.814, 49.222, 1798.822, 25.207, 1130.415, 1665.522, 0.000, 1121.629, 0.000, 0.671, 9.658, 0.000, 
280, 4, 0, 297.900, 2039.375, 42.460, 1744.892, 25.969, 1083.718, 1683.967, 0.000, 1122.390, 0.000, 1.022, 8.977, 0.000, 
281, 4, 0, 305.234, 2043.843, 48.771, 1738.128, 26.100, 1079.961, 1586.653, 0.000, 1121.148, 0.000, 0.872, 9.257, 0.000, 
281, 4, 0, 304.653, 2031.761, 46.597, 1734.291, 26.690, 1096.001, 1699.847, 0.000, 1121.349, 0.000, 1.052, 9.338, 0.000, 
281, 4, 0, 289.244, 2021.361, 38.393, 1856.161, 26.781, 1094.348, 1587.635, 0.000, 1120.507, 0.000, 1.252, 8.737, 0.000, 
281, 4, 0, 303.962, 2036.169, 45.796, 1577.416, 26.200, 1127.130, 1699.185, 0.000, 1127.920, 0.000, 0.932, 8.737, 0.000, 
281, 4, 0, 300.214, 2058.440, 32.571, 1763.596, 25.719, 1125.828, 1580.562, 0.000, 1121.789, 0.000, 0.621, 9.498, 0.000, 
281, 4, 0, 298.972, 2028.034, 53.981, 1829.550, 26.600, 1100.930, 1664.861, 0.000, 1119.385, 0.000, 0.782, 8.896, 0.000, 
281, 4, 0, 298.972, 2027.753, 51.446, 1833.317, 26.189, 1137.549, 1701.750, 0.000, 1119.105, 0.000, 1.022, 8.696, 0.000, 
281, 4, 0, 297.720, 2092.305, 45.816, 1674.549, 25.348, 1131.498, 1583.367, 0.000, 1123.152, 0.000, 1.262, 9.378, 0.000, 
281, 4, 0, 301.517, 2053.621, 34.615, 1768.355, 27.292, 1136.347, 1670.130, 0.000, 1118.944, 0.000, 0.701, 8.856, 0.000, 
281, 4, 0, 313.439, 2093.657, 52.118, 1685.990, 26.229, 1096.753, 1700.878, 0.000, 1120.868, 0.000, 0.822, 8.777, 0.000, 
282, 4, 0, 309.302, 2091.293, 54.793, 1695.719, 24.957, 1129.955, 1578.478, 0.000, 1118.543, 0.000, 1.102, 9.417, 0.000, 
282, 4, 0, 300.696, 2053.832, 32.902, 1764.218, 27.171, 1104.266, 1706.619, 0.000, 1135.495, 0.000, 1.032, 9.698, 0.000, 
282, 4, 0, 303.431, 2060.164, 31.178, 1761.853, 25.508, 1132.570, 1583.828, 0.000, 1129.564, 0.000, 0.912, 8.737, 0.000, 
282, 4, 0, 313.018, 2064.092, 59.271, 1748.919, 25.017, 1094.007, 1586.504, 0.000, 1123.873, 0.000, 0.902, 9.257, 0.000, 
282, 4, 0, 300.194, 2095.801, 42.150, 1756.974, 25.408, 1085.502, 1697.231, 0.000, 1125.076, 0.000, 0.891, 9.458, 0.000, 
282, 4, 0, 308.430, 2125.346, 58.911, 1711.759, 25.749, 1134.474, 1646.256, 0.000, 1083.197, 0.000, 0.992, 3.968, 0.000, 
282, 4, 0, 298.992, 1991.214, 29.796, 1860.819, 27.171, 1102.884, 1593.687, 0.000, 1125.076, 0.000, 0.902, 9.257, 0.000, 
282, 4, 0, 290.807, 1991.184, 31.179, 1656.535, 24.516, 1103.315, 1580.533, 0.000, 1128.282, 0.000, 0.771, 8.816, 0.000, 
282, 4, 0, 297.700, 1965.917, 31.820, 1877.060, 25.017, 1107.993, 1577.867, 0.000, 1118.263, 0.000, 0.681, 8.736, 0.000, 
282, 4, 0, 297.610, 2065.644, 56.166, 1604.027, 26.560, 1134.353, 1820.303, 0.000, 1087.365, 0.000, 0.682, 3.767, 0.000, 
283, 4, 0, 301.036, 2044.385, 54.061, 1928.947, 25.859, 1138.842, 1836.534, 0.000, 1120.828, 0.000, 0.941, 3.046, 0.000, 
283, 4, 0, 316.105, 2096.683, 59.742, 1831.374, 26.450, 1108.024, 1643.611, 0.000, 1127.520, 0.000, 1.022, 8.656, 0.000, 
283, 4, 0, 301.817, 2066.566, 35.767, 1645.605, 26.270, 1126.939, 1654.671, 0.000, 1119.385, 0.000, 0.891, 3.887, 0.000, 
283, 4, 0, 310.063, 2073.650, 32.281, 1672.565, 25.278, 1136.768, 1655.553, 0.000, 1078.909, 0.000, 0.771, 3.887, 0.000, 
283, 4, 0, 335.311, 2132.821, 41.588, 1771.681, 26.109, 1105.118, 1708.483, 0.000, 1135.495, 0.000, 0.911, 8.777, 0.000, 
283, 4, 0, 305.805, 2079.390, 58.189, 1701.399, 27.191, 1089.178, 1659.801, 0.000, 1128.682, 0.000, 1.032, 9.338, 0.000, 
283, 4, 0, 308.339, 2074.722, 46.277, 1617.051, 25.308, 1087.235, 1717.079, 0.000, 1127.360, 0.000, 0.962, 9.217, 0.000, 
283, 4, 0, 301.126, 2076.715, 49.403, 1750.552, 25.437, 1101.541, 1583.588, 0.000, 1133.892, 0.000, 1.052, 8.697, 0.000, 
283, 4, 0, 303.421, 2033.284, 28.373, 1795.165, 26.290, 1140.515, 1592.375, 0.000, 1130.206, 0.000, 0.782, 9.177, 0.000, 
283, 4, 0, 300.535, 2086.764, 35.507, 1789.595, 24.967, 1092.655, 1702.562, 0.000, 1127.240, 0.000, 0.942, 9.578, 0.000, 
284, 4, 0, 303.461, 2081.093, 47.109, 1776.781, 25.919, 1135.315, 1596.092, 0.000, 1135.896, 0.000, 0.982, 8.857, 0.000, 
284, 4, 0, 304.032, 2017.794, 46.337, 1839.750, 25.037, 1113.484, 1692.493, 0.000, 1141.667, 0.000, 0.982, 8.416, 0.000, 
284, 4, 0, 309.502, 2043.713, 37.611, 1778.374, 25.538, 1098.315, 1701.119, 0.000, 1137.099, 0.000, 0.832, 9.258, 0.000, 
284, 4, 0, 308.470, 2127.240, 43.572, 1676.813, 25.257, 1134.453, 1665.933, 0.000, 1097.903, 0.000, 0.922, 3.166, 0.000, 
284, 4, 0, 301.878, 2120.888, 52.649, 1854.938, 25.738, 1103.044, 1705.587, 0.000, 1131.608, 0.000, 1.012, 8.777, 0.000, 
284, 4, 0, 304.332, 2044.525, 30.507, 1783.423, 25.989, 1099.137, 1587.595, 0.000, 1131.407, 0.000, 0.541, 9.378, 0.000, 
284, 4, 0, 313.339, 2077.066, 37.170, 1797.430, 24.757, 1144.232, 1850.841, 0.000, 1123.833, 0.000, 1.082, 9.658, 0.000, 
284, 4, 0, 315.143, 2096.653, 60.203, 1635.756, 25.207, 1097.784, 1660.523, 0.000, 1133.131, 0.000, 0.792, 8.657, 0.000, 
284, 4, 0, 318.920, 2114.857, 34.916, 1570.493, 25.147, 1088.787, 1651.906, 0.000, 1131.327, 0.000, 1.102, 8.736, 0.000, 
284, 4, 0, 325.251, 2116.610, 34.184, 1567.377, 26.559, 1140.624, 1661.484, 0.000, 1082.115, 0.000, 0.661, 3.006, 0.000, 
285, 4, 0, 315.904, 2107.233, 48.642, 1818.881, 26.790, 1145.925, 1666.414, 0.000, 1097.383, 0.000, 0.801, 9.458, 0.000, 
285, 4, 0, 324.129, 2087.005, 50.245, 1615.328, 24.195, 1091.562, 1669.058, 0.000, 1089.890, 0.000, 0.661, 8.696, 0.000, 
285, 4, 0, 321.545, 2090.842, 39.905, 1596.272, 25.328, 1095.029, 1653.350, 0.000, 1092.975, 0.000, 0.931, 8.776, 0.000, 
285, 4, 0, 322.577, 2081.705, 47.359, 1604.747, 26.270, 1104.487, 1659.681, 0.000, 1093.456, 0.000, 0.892, 3.046, 0.000, 
285, 4, 0, 332.035, 2294.054, 69.340, 1635.435, 26.731, 1102.473, 1629.585, 0.000, 1084.559, 0.000, 1.062, 3.046, 0.000, 
285, 4, 0, 309.351, 2001.995, 37.291, 1886.869, 24.616, 1143.450, 1714.084, 0.000, 1134.414, 0.000, 0.812, 8.656, 0.000, 
285, 4, 0, 310.204, 2081.444, 38.813, 1784.436, 25.087, 1098.515, 1592.585, 0.000, 1143.751, 0.000, 0.711, 8.496, 0.000, 
285, 4, 0, 304.453, 2014.929, 49.603, 1852.864, 24.757, 1115.137, 1603.616, 0.000, 1138.741, 0.000, 0.561, 8.776, 0.000, 
285, 4, 0, 312.016, 2087.065, 48.501, 1764.779, 26.199, 1104.958, 1715.426, 0.000, 1140.624, 0.000, 0.782, 9.297, 0.000, 
285, 4, 0, 311.085, 2089.208, 56.045, 1765.780, 25.438, 1139.563, 1667.495, 0.000, 1089.168, 0.000, 0.771, 3.848, 0.000, 
286, 4, 0, 312.769, 2024.537, 39.023, 1931.342, 25.708, 1113.003, 1934.999, 0.000, 1144.271, 0.000, 0.932, 9.298, 0.000, 
286, 4, 0, 302.699, 2022.543, 48.841, 1763.225, 24.857, 1103.786, 1584.760, 0.000, 1148.640, 0.000, 0.812, 9.378, 0.000, 
286, 4, 0, 300.475, 2053.041, 38.633, 1791.489, 26.650, 1155.242, 1664.690, 0.000, 1090.130, 0.000, 0.861, 3.888, 0.000, 
286, 4, 0, 304.432, 2058.351, 39.464, 1877.671, 26.119, 1156.515, 1722.189, 0.000, 1147.999, 0.000, 0.661, 8.697, 0.000, 
286, 4, 0, 309.622, 2060.063, 58.329, 1745.782, 25.948, 1143.360, 1668.938, 0.000, 1093.095, 0.000, 1.032, 9.498, 0.000, 
286, 4, 0, 314.852, 2043.703, 39.655, 1675.010, 25.719, 1103.004, 1659.921, 0.000, 1092.415, 0.000, 0.791, 8.977, 0.000, 
286, 4, 0, 306.597, 2042.160, 53.551, 1742.968, 26.039, 1144.853, 1649.302, 0.000, 1135.776, 0.000, 0.842, 9.417, 0.000, 
286, 4, 0, 310.925, 2042.300, 41.068, 1692.082, 25.538, 1095.991, 1676.753, 0.000, 1140.866, 0.000, 0.962, 9.418, 0.000, 
286, 4, 0, 309.582, 1990.543, 42.960, 1837.866, 27.471, 1116.349, 1720.104, 0.000, 1150.203, 0.000, 0.851, 8.816, 0.000, 
286, 4, 0, 303.501, 2034.185, 44.624, 1822.978, 25.067, 1108.193, 1590.411, 0.000, 1147.518, 0.000, 0.872, 8.816, 0.000, 
287, 4, 0, 331.023, 2168.097, 62.718, 1669.279, 26.399, 1111.770, 1670.581, 0.000, 1133.652, 0.000, 0.842, 9.378, 0.000, 
287, 4, 0, 302.569, 2051.347, 38.242, 1710.046, 26.239, 1152.237, 1710.206, 0.000, 1145.675, 0.000, 1.142, 9.498, 0.000, 
287, 4, 0, 310.103, 2083.188, 54.502, 1735.684, 26.379, 1103.815, 1600.039, 0.000, 1150.203, 0.000, 0.862, 8.977, 0.000, 
287, 4, 0, 317.818, 2117.532, 44.664, 1696.370, 25.367, 1161.073, 1649.461, 0.000, 1094.498, 0.000, 0.641, 3.085, 0.000, 
287, 4, 0, 302.198, 2063.631, 39.694, 1902.848, 25.799, 1152.177, 1706.800, 0.000, 1152.047, 0.000, 0.622, 3.045, 0.000, 
287, 4, 0, 317.597, 2080.392, 55.043, 1852.824, 27.071, 1105.108, 1602.192, 0.000, 1145.635, 0.000, 1.132, 8.656, 0.000, 
287, 4, 0, 311.916, 2076.656, 51.016, 1785.517, 27.011, 1148.821, 1666.333, 0.000, 1139.623, 0.000, 0.862, 9.417, 0.000, 
287, 4, 0, 318.328, 2093.868, 65.233, 1649.031, 26.240, 1108.144, 1664.050, 0.000, 1136.857, 0.000, 0.771, 3.086, 0.000, 
287, 4, 0, 318.068, 2074.742, 60.113, 1678.066, 25.879, 1154.852, 1666.253, 0.000, 1092.294, 0.000, 0.982, 8.416, 0.000, 
287, 4, 0, 318.590, 2085.011, 44.774, 1707.971, 26.130, 1104.538, 1705.587, 0.000, 1152.608, 0.000, 1.112, 9.338, 0.000, 
288, 4, 0, 312.228, 2077.246, 42.290, 1698.574, 27.903, 1098.526, 1675.991, 0.000, 1105.799, 0.000, 0.902, 9.538, 0.000, 
288, 4, 0, 315.082, 2076.044, 56.266, 1676.032, 26.510, 1112.803, 1673.788, 0.000, 1141.666, 0.000, 1.012, 8.777, 0.000, 
288, 4, 0, 322.496, 2096.532, 35.086, 1610.709, 27.472, 1117.963, 1654.952, 0.000, 1108.284, 0.000, 0.771, 8.576, 0.000, 
288, 4, 0, 330.582, 2093.757, 43.011, 1570.033, 26.319, 1105.048, 1675.431, 0.000, 1150.404, 0.000, 1.032, 9.658, 0.000, 
288, 4, 0, 322.296, 2071.616, 53.741, 1632.580, 27.552, 1105.759, 1670.341, 0.000, 1146.075, 0.000, 1.163, 8.777, 0.000, 
288, 4, 0, 318.839, 2065.844, 61.536, 1647.118, 27.251, 1110.438, 1671.584, 0.000, 1107.963, 0.000, 0.902, 8.817, 0.000, 
288, 4, 0, 317.417, 2071.956, 58.030, 1643.351, 28.293, 1109.537, 1669.940, 0.000, 1145.594, 0.000, 0.881, 9.177, 0.000, 
288, 4, 0, 308.851, 2072.737, 58.651, 1649.552, 27.010, 1109.055, 1713.933, 0.000, 1148.279, 0.000, 0.981, 8.777, 0.000, 
288, 4, 0, 310.213, 2051.488, 52.910, 1753.397, 27.302, 1104.528, 1595.149, 0.000, 1145.754, 0.000, 1.022, 8.536, 0.000, 
288, 4, 0, 318.348, 2052.450, 54.202, 1790.116, 27.501, 1152.587, 1671.183, 0.000, 1140.345, 0.000, 1.042, 9.298, 0.000, 
289, 4, 0, 325.743, 2033.153, 62.277, 1654.872, 28.323, 1108.164, 1564.382, 0.000, 1097.143, 0.000, 1.082, 9.297, 0.000, 
289, 4, 0, 376.829, 2100.400, 38.392, 2127.891, 33.533, 1176.933, 1581.133, 0.000, 1166.634, 0.000, 1.072, 9.659, 0.000, 
289, 4, 0, 377.640, 2204.906, 51.156, 1959.405, 27.882, 1168.127, 1806.357, 0.000, 1146.597, 0.000, 1.042, 9.257, 0.000, 
289, 4, 0, 340.951, 2013.095, 46.047, 1635.145, 26.009, 1122.732, 1686.090, 0.000, 1109.447, 0.000, 1.252, 3.046, 0.000, 
289, 4, 0, 330.351, 1991.605, 43.562, 1911.755, 27.031, 1154.401, 1734.972, 0.000, 1157.777, 0.000, 1.022, 8.937, 0.000, 
289, 4, 0, 330.832, 2080.873, 45.345, 1732.818, 27.752, 1102.844, 1688.856, 0.000, 1103.235, 0.000, 1.283, 9.378, 0.000, 
289, 4, 0, 342.864, 2085.201, 56.466, 1568.249, 26.380, 1111.550, 1677.354, 0.000, 1099.628, 0.000, 0.672, 9.618, 0.000, 
289, 4, 0, 332.606, 2096.031, 47.499, 1589.910, 27.311, 1117.251, 1669.259, 0.000, 1104.116, 0.000, 1.523, 8.817, 0.000, 
289, 4, 0, 391.146, 2319.071, 59.471, 2000.141, 28.504, 1168.047, 1661.846, 0.000, 1151.726, 0.000, 1.202, 9.417, 0.000, 
289, 4, 0, 315.423, 2071.636, 39.976, 1621.500, 28.924, 1157.577, 1684.727, 0.000, 1104.317, 0.000, 1.503, 3.967, 0.000, 
290, 4, 0, 311.376, 2055.215, 53.120, 1787.181, 28.173, 1125.266, 1673.467, 0.000, 1148.760, 0.000, 0.911, 8.375, 0.000, 
290, 4, 0, 327.746, 2101.532, 53.741, 1594.870, 27.702, 1117.902, 1666.173, 0.000, 1153.529, 0.000, 0.781, 9.418, 0.000, 
290, 4, 0, 326.203, 2088.908, 49.242, 1593.246, 27.401, 1124.675, 1687.213, 0.000, 1117.822, 0.000, 0.952, 9.298, 0.000, 
290, 4, 0, 325.111, 2072.457, 42.900, 1601.060, 26.921, 1113.404, 1672.144, 0.000, 1154.531, 0.000, 0.802, 8.977, 0.000, 
290, 4, 0, 317.888, 2053.431, 53.040, 1661.795, 26.751, 1165.121, 1694.466, 0.000, 1148.039, 0.000, 0.741, 9.017, 0.000, 
290, 4, 0, 319.010, 2006.142, 54.733, 1689.658, 27.943, 1166.393, 1669.660, 0.000, 1152.287, 0.000, 1.002, 3.046, 0.000, 
290, 4, 0, 317.407, 2058.221, 52.769, 1796.448, 26.419, 1164.029, 1700.849, 0.000, 1158.939, 0.000, 0.751, 8.657, 0.000, 
290, 4, 0, 323.879, 2091.063, 58.199, 1694.797, 25.969, 1107.031, 1615.428, 0.000, 1152.968, 0.000, 0.832, 8.737, 0.000, 
290, 4, 0, 327.035, 2060.114, 38.813, 1724.453, 26.740, 1125.757, 1718.531, 0.000, 1156.295, 0.000, 0.681, 9.177, 0.000, 
290, 4, 0, 331.463, 2067.328, 48.822, 1704.886, 27.261, 1123.753, 1669.699, 0.000, 1110.769, 0.000, 0.501, 3.046, 0.000, 
291, 4, 0, 316.315, 2080.773, 36.218, 1733.890, 31.530, 1131.769, 1696.871, 0.000, 1159.900, 0.000, 1.032, 9.658, 0.000, 
291, 4, 0, 314.802, 2017.804, 56.366, 1682.123, 26.910, 1152.106, 1667.495, 0.000, 1157.777, 0.000, 0.972, 9.538, 0.000, 
291, 4, 0, 317.197, 2084.429, 37.461, 1610.198, 26.510, 1130.366, 1697.512, 0.000, 1116.219, 0.000, 0.892, 8.817, 0.000, 
291, 4, 0, 347.023, 2101.602, 50.435, 2111.531, 29.486, 1165.502, 1971.627, 0.000, 1159.781, 0.000, 1.272, 3.928, 0.000, 
291, 4, 0, 316.215, 2067.808, 33.423, 1961.238, 27.301, 1138.801, 1732.758, 0.000, 1163.388, 0.000, 1.011, 8.937, 0.000, 
291, 4, 0, 317.677, 2087.896, 42.049, 1749.810, 28.413, 1125.887, 1693.104, 0.000, 1158.819, 0.000, 0.541, 8.697, 0.000, 
291, 4, 0, 334.239, 2115.818, 50.185, 1577.847, 27.231, 1121.338, 1687.213, 0.000, 1158.659, 0.000, 0.651, 9.498, 0.000, 
291, 4, 0, 338.427, 2113.815, 54.693, 1557.529, 26.920, 1124.735, 1683.285, 0.000, 1120.467, 0.000, 1.332, 9.298, 0.000, 
291, 4, 0, 326.274, 2085.231, 48.090, 1609.296, 24.817, 1109.927, 1696.911, 0.000, 1155.052, 0.000, 0.871, 8.656, 0.000, 
291, 4, 0, 345.560, 2136.638, 40.587, 2144.733, 27.622, 1166.334, 1911.314, 0.000, 1132.089, 0.000, 0.792, 3.086, 0.000, 
292, 4, 0, 335.571, 2110.679, 50.625, 1798.592, 28.363, 1182.233, 1698.875, 0.000, 1119.064, 0.000, 1.042, 9.498, 0.000, 
292, 4, 0, 336.282, 2122.021, 56.035, 1581.023, 26.871, 1124.444, 1689.898, 0.000, 1109.005, 0.000, 0.911, 9.418, 0.000, 
292, 4, 0, 321.775, 2084.360, 35.186, 1636.968, 27.131, 1134.824, 1697.352, 0.000, 1157.818, 0.000, 0.932, 8.856, 0.000, 
292, 4, 0, 339.809, 2073.689, 50.274, 1581.934, 28.012, 1121.298, 1677.875, 0.000, 1158.138, 0.000, 0.822, 8.897, 0.000, 
292, 4, 0, 332.375, 2086.704, 50.725, 1581.384, 27.351, 1119.415, 1702.962, 0.000, 1118.624, 0.000, 0.922, 4.008, 0.000, 
292, 4, 0, 308.120, 2087.004, 49.052, 1794.254, 28.373, 1128.672, 1696.870, 0.000, 1150.043, 0.000, 0.801, 8.696, 0.000, 
292, 4, 0, 366.760, 2186.793, 53.991, 2027.873, 28.153, 1180.460, 1810.484, 0.000, 1119.105, 0.000, 0.962, 9.578, 0.000, 
292, 4, 0, 321.795, 2061.537, 36.198, 1644.092, 25.668, 1174.829, 1694.467, 0.000, 1111.049, 0.000, 0.771, 9.337, 0.000, 
292, 4, 0, 343.276, 2108.565, 51.768, 1569.722, 28.464, 1122.351, 1672.546, 0.000, 1155.693, 0.000, 1.132, 9.337, 0.000, 
292, 4, 0, 330.772, 2100.360, 49.894, 1597.083, 27.332, 1128.683, 1689.217, 0.000, 1161.665, 0.000, 0.801, 9.097, 0.000, 
293, 4, 0, 327.376, 2082.546, 37.431, 1621.560, 25.037, 1118.102, 1703.804, 0.000, 1123.553, 0.000, 1.042, 8.776, 0.000, 
293, 4, 0, 337.515, 2113.715, 68.459, 1585.482, 28.103, 1139.132, 1680.360, 0.000, 1115.378, 0.000, 0.552, 8.817, 0.000, 
293, 4, 0, 333.998, 2057.338, 39.113, 1628.542, 27.512, 1134.404, 1677.274, 0.000, 1169.159, 0.000, 0.641, 8.456, 0.000, 
293, 4, 0, 331.223, 2082.516, 41.899, 1629.234, 23.635, 1117.542, 1700.197, 0.000, 1161.263, 0.000, 0.551, 8.736, 0.000, 
293, 4, 0, 325.162, 2100.910, 45.296, 1609.507, 25.328, 1129.985, 1678.236, 0.000, 1165.632, 0.000, 0.792, 8.816, 0.000, 
293, 4, 0, 329.770, 2011.562, 34.134, 1639.483, 26.640, 1137.960, 1706.368, 0.000, 1159.740, 0.000, 0.731, 9.497, 0.000, 
293, 4, 0, 345.299, 2142.979, 55.415, 1558.832, 26.009, 1134.363, 1682.402, 0.000, 1114.416, 0.000, 0.661, 8.656, 0.000, 
293, 4, 0, 324.571, 2113.825, 48.010, 1610.729, 27.161, 1130.806, 1679.398, 0.000, 1126.197, 0.000, 0.410, 8.857, 0.000, 
293, 4, 0, 333.637, 2098.666, 52.739, 1580.662, 27.121, 1126.288, 1693.345, 0.000, 1165.472, 0.000, 0.932, 8.696, 0.000, 
293, 4, 0, 346.943, 2103.385, 42.510, 2142.309, 27.201, 1187.183, 1925.902, 0.000, 1120.227, 0.000, 0.430, 9.698, 0.000, 
294, 4, 0, 341.823, 2177.274, 56.426, 2121.069, 28.844, 1185.409, 1830.523, 0.000, 1165.071, 0.000, 0.812, 9.098, 0.000, 
294, 4, 0, 342.234, 2093.567, 53.461, 1591.984, 26.851, 1143.971, 1692.623, 0.000, 1171.884, 0.000, 1.152, 9.338, 0.000, 
294, 4, 0, 328.898, 2116.069, 52.568, 1600.199, 27.672, 1120.647, 1700.718, 0.000, 1128.482, 0.000, 0.801, 9.498, 0.000, 
294, 4, 0, 335.190, 2096.332, 52.919, 1574.280, 22.252, 1121.629, 1686.932, 0.000, 1173.086, 0.000, 0.631, 8.817, 0.000, 
294, 4, 0, 332.987, 2017.153, 49.774, 1613.815, 27.011, 1129.604, 1697.632, 0.000, 1171.844, 0.000, 0.651, 8.857, 0.000, 
294, 4, 0, 335.310, 1999.129, 53.701, 1619.265, 27.011, 1136.056, 1686.892, 0.000, 1167.315, 0.000, 0.781, 8.977, 0.000, 
294, 4, 0, 342.364, 2041.399, 41.838, 1617.351, 26.580, 1130.517, 1692.743, 0.000, 1129.283, 0.000, 1.232, 9.298, 0.000, 
294, 4, 0, 339.729, 2004.440, 31.479, 1645.704, 26.180, 1122.061, 1695.428, 0.000, 1121.548, 0.000, 1.153, 3.967, 0.000, 
294, 4, 0, 334.198, 1993.950, 46.207, 1756.202, 26.499, 1134.603, 1744.300, 0.000, 1178.296, 0.000, 0.782, 9.658, 0.000, 
294, 4, 0, 338.246, 2062.178, 41.218, 1672.715, 27.182, 1135.145, 1682.604, 0.000, 1132.490, 0.000, 0.842, 9.378, 0.000, 
295, 4, 0, 345.540, 2127.631, 49.273, 1572.147, 22.442, 1128.482, 1714.103, 0.000, 1135.055, 0.000, 0.722, 9.418, 0.000, 
295, 4, 0, 335.511, 2109.567, 48.401, 1576.604, 26.870, 1136.096, 1681.442, 0.000, 1173.126, 0.000, 0.721, 9.257, 0.000, 
295, 4, 0, 340.470, 2129.435, 41.327, 2177.785, 27.852, 1190.899, 1754.970, 0.000, 1175.651, 0.000, 0.922, 8.977, 0.000, 
295, 4, 0, 343.466, 2114.065, 55.133, 1615.057, 21.120, 1126.538, 1710.978, 0.000, 1129.444, 0.000, 1.262, 8.576, 0.000, 
295, 4, 0, 375.567, 2167.155, 40.036, 2124.676, 27.071, 1195.308, 1926.022, 0.000, 1164.871, 0.000, 0.822, 9.137, 0.000, 
295, 4, 0, 358.274, 2085.011, 49.733, 1612.312, 27.041, 1125.977, 1697.191, 0.000, 1126.719, 0.000, 0.881, 8.737, 0.000, 
295, 4, 0, 336.152, 2092.996, 50.184, 1598.626, 28.424, 1135.445, 1683.126, 0.000, 1175.530, 0.000, 1.152, 8.536, 0.000, 
295, 4, 0, 334.629, 2085.392, 46.437, 1632.720, 26.219, 1141.596, 1686.091, 0.000, 1166.714, 0.000, 0.591, 8.617, 0.000, 
295, 4, 0, 338.597, 2004.960, 47.209, 1632.029, 27.201, 1136.346, 1684.407, 0.000, 1172.405, 0.000, 0.571, 9.337, 0.000, 
295, 4, 0, 335.851, 2071.866, 50.575, 1606.291, 23.434, 1123.022, 1710.897, 0.000, 1135.856, 0.000, 0.971, 8.897, 0.000, 
296, 4, 0, 349.807, 2066.275, 45.776, 1594.428, 22.442, 1136.928, 1690.899, 0.000, 1123.834, 0.000, 0.802, 9.658, 0.000, 
296, 4, 0, 328.167, 2098.325, 50.045, 1594.940, 27.091, 1138.481, 1663.287, 0.000, 1165.391, 0.000, 0.872, 9.538, 0.000, 
296, 4, 0, 325.032, 2080.522, 41.107, 1641.507, 27.792, 1144.823, 1714.104, 0.000, 1174.369, 0.000, 0.761, 8.817, 0.000, 
296, 4, 0, 323.147, 2072.717, 45.406, 1632.791, 26.570, 1138.611, 1700.158, 0.000, 1178.496, 0.000, 0.952, 8.737, 0.000, 
296, 4, 0, 339.469, 2126.649, 52.740, 2159.651, 27.121, 1197.802, 1928.026, 0.000, 1139.903, 0.000, 0.912, 3.166, 0.000, 
296, 4, 0, 321.976, 2119.466, 51.537, 1752.405, 26.941, 1137.950, 1718.111, 0.000, 1173.166, 0.000, 0.922, 9.057, 0.000, 
296, 4, 0, 325.172, 2095.290, 52.739, 1604.387, 34.555, 1135.866, 1691.861, 0.000, 1135.896, 0.000, 0.902, 9.258, 0.000, 
296, 4, 0, 325.753, 2042.922, 48.992, 1636.738, 27.993, 1143.801, 1716.387, 0.000, 1176.612, 0.000, 0.972, 8.776, 0.000, 
296, 4, 0, 324.981, 2080.031, 49.734, 1623.403, 27.351, 1146.817, 1717.269, 0.000, 1175.290, 0.000, 0.831, 9.338, 0.000, 
296, 4, 0, 333.948, 2092.044, 41.838, 1582.676, 26.931, 1132.720, 1687.412, 0.000, 1180.419, 0.000, 0.691, 8.816, 0.000, 
297, 4, 0, 337.645, 2108.756, 32.361, 1552.910, 21.371, 1131.899, 1629.985, 0.000, 1125.356, 0.000, 0.942, 9.217, 0.000, 
297, 4, 0, 383.661, 2346.873, 49.914, 1979.663, 27.212, 1190.890, 1720.515, 0.000, 1126.358, 0.000, 0.871, 9.619, 0.000, 
297, 4, 0, 312.007, 2025.969, 34.706, 1663.569, 27.221, 1157.256, 1699.996, 0.000, 1126.157, 0.000, 0.911, 8.857, 0.000, 
297, 4, 0, 329.380, 2077.486, 52.258, 1631.818, 27.331, 1143.059, 1689.617, 0.000, 1179.578, 0.000, 0.852, 9.458, 0.000, 
297, 4, 0, 335.451, 2096.933, 50.916, 1610.058, 23.755, 1136.487, 1712.460, 0.000, 1142.268, 0.000, 0.751, 8.817, 0.000, 
297, 4, 0, 344.307, 2096.873, 39.644, 1552.279, 21.300, 1138.931, 1703.123, 0.000, 1128.482, 0.000, 0.531, 9.137, 0.000, 
297, 4, 0, 331.964, 2039.215, 52.629, 1656.204, 27.632, 1150.203, 1699.796, 0.000, 1140.104, 0.000, 0.441, 9.458, 0.000, 
297, 4, 0, 329.390, 2080.182, 49.573, 1634.443, 27.942, 1154.000, 1674.669, 0.000, 1182.864, 0.000, 0.822, 8.737, 0.000, 
297, 4, 0, 337.154, 2054.143, 51.157, 1626.038, 27.262, 1134.444, 1696.791, 0.000, 1178.175, 0.000, 0.802, 9.338, 0.000, 
297, 4, 0, 337.565, 2071.746, 50.966, 1624.074, 27.742, 1150.653, 1716.067, 0.000, 1172.565, 0.000, 1.102, 9.458, 0.000, 
298, 4, 0, 342.585, 2159.250, 54.252, 2170.642, 26.871, 1197.412, 1643.810, 0.000, 1179.097, 0.000, 1.162, 8.696, 0.000, 
298, 4, 0, 330.652, 2144.322, 60.744, 1640.114, 20.819, 1140.545, 1673.346, 0.000, 1134.373, 0.000, 0.931, 8.616, 0.000, 
298, 4, 0, 337.615, 2061.036, 54.893, 1633.542, 26.941, 1142.268, 1720.916, 0.000, 1143.350, 0.000, 0.952, 8.736, 0.000, 
298, 4, 0, 325.392, 2069.512, 50.845, 1644.652, 27.752, 1146.115, 1723.721, 0.000, 1141.787, 0.000, 0.431, 9.578, 0.000, 
298, 4, 0, 335.281, 2092.495, 41.308, 1589.008, 27.422, 1143.901, 1650.744, 0.000, 1138.100, 0.000, 0.922, 8.857, 0.000, 
298, 4, 0, 339.298, 2105.179, 52.108, 2148.009, 27.772, 1208.483, 1757.505, 0.000, 1192.162, 0.000, 0.902, 9.458, 0.000, 
298, 4, 0, 316.705, 2091.964, 46.538, 1721.598, 22.352, 1132.740, 1713.903, 0.000, 1184.507, 0.000, 0.792, 9.137, 0.000, 
298, 4, 0, 334.329, 2120.958, 52.028, 2154.051, 27.231, 1206.499, 1717.470, 0.000, 1130.486, 0.000, 0.922, 8.737, 0.000, 
298, 4, 0, 319.812, 2080.642, 50.525, 1628.803, 26.681, 1149.001, 1691.421, 0.000, 1180.140, 0.000, 0.571, 8.776, 0.000, 
298, 4, 0, 326.043, 2058.732, 52.419, 1649.231, 27.501, 1141.126, 1723.761, 0.000, 1175.891, 0.000, 1.012, 8.776, 0.000, 
299, 4, 0, 348.686, 2139.864, 49.293, 2145.855, 28.113, 1205.727, 1649.431, 0.000, 1188.635, 0.000, 1.042, 3.967, 0.000, 
299, 4, 0, 343.516, 2110.799, 55.714, 1874.424, 26.860, 1160.953, 1703.683, 0.000, 1189.077, 0.000, 0.801, 9.338, 0.000, 
299, 4, 0, 333.948, 2098.947, 30.958, 1599.047, 27.502, 1153.710, 1702.682, 0.000, 1145.394, 0.000, 0.551, 9.698, 0.000, 
299, 4, 0, 329.870, 2079.721, 62.878, 1638.461, 28.424, 1153.199, 1680.240, 0.000, 1128.242, 0.000, 1.312, 8.576, 0.000, 
299, 4, 0, 326.644, 2064.743, 51.106, 1634.173, 27.191, 1150.093, 1701.600, 0.000, 1186.231, 0.000, 0.911, 8.856, 0.000, 
299, 4, 0, 334.930, 2092.204, 36.559, 1591.042, 21.911, 1144.792, 1713.462, 0.000, 1190.679, 0.000, 0.751, 9.457, 0.000, 
299, 4, 0, 342.093, 2113.825, 33.022, 1584.029, 22.723, 1142.869, 1710.376, 0.000, 1133.973, 0.000, 0.811, 8.857, 0.000, 
299, 4, 0, 341.011, 2137.059, 33.333, 1596.111, 27.181, 1149.591, 1723.802, 0.000, 1183.345, 0.000, 0.541, 8.697, 0.000, 
299, 4, 0, 338.847, 2122.190, 45.806, 2192.703, 27.512, 1202.001, 1894.723, 0.000, 1154.652, 0.000, 1.022, 9.458, 0.000, 
299, 4, 0, 336.503, 2081.605, 51.246, 1616.269, 27.512, 1159.000, 1723.802, 0.000, 1134.052, 0.000, 1.052, 9.498, 0.000, 
300, 4, 0, 345.629, 2078.579, 50.354, 1632.730, 27.011, 1159.681, 1709.374, 0.000, 1192.523, 0.000, 0.821, 9.137, 0.000, 
300, 4, 0, 340.360, 2079.681, 33.443, 1607.493, 26.400, 1153.209, 1715.906, 0.000, 1144.192, 0.000, 1.042, 9.458, 0.000, 
300, 4, 0, 331.273, 2077.897, 50.214, 1651.676, 27.331, 1152.988, 1692.021, 0.000, 1149.001, 0.000, 0.561, 8.616, 0.000, 
300, 4, 0, 333.828, 2106.902, 45.185, 1621.780, 26.670, 1158.228, 1730.895, 0.000, 1140.425, 0.000, 0.922, 10.099, 0.000, 
300, 4, 0, 333.106, 2096.413, 50.274, 1635.014, 26.700, 1150.794, 1725.885, 0.000, 1195.648, 0.000, 0.682, 9.498, 0.000, 
300, 4, 0, 339.739, 2080.743, 43.361, 1605.379, 27.061, 1147.748, 1702.361, 0.000, 1146.436, 0.000, 0.941, 8.736, 0.000, 
300, 4, 0, 340.741, 2113.474, 37.882, 1574.982, 21.781, 1147.138, 1689.257, 0.000, 1145.514, 0.000, 0.922, 8.817, 0.000, 
300, 4, 0, 333.617, 2126.820, 36.278, 1596.993, 30.597, 1152.807, 1653.429, 0.000, 1137.619, 0.000, 1.012, 9.298, 0.000, 
300, 4, 0, 339.257, 2074.170, 43.322, 1579.711, 28.123, 1153.820, 1718.672, 0.000, 1138.982, 0.000, 1.012, 9.418, 0.000, 
300, 4, 0, 337.154, 2110.198, 46.117, 1624.134, 27.642, 1148.260, 1711.338, 0.000, 1193.324, 0.000, 0.922, 8.536, 0.000, 
301, 4, 0, 361.640, 2154.872, 38.562, 2149.342, 26.981, 1211.057, 1892.398, 0.000, 1191.561, 0.000, 0.771, 9.498, 0.000, 
301, 4, 0, 352.432, 2134.144, 50.184, 2197.603, 27.492, 1216.237, 1886.147, 0.000, 1191.200, 0.000, 1.142, 8.656, 0.000, 
301, 4, 0, 349.367, 2204.655, 45.996, 2137.319, 26.620, 1220.806, 1722.640, 0.000, 1200.979, 0.000, 1.132, 8.777, 0.000, 
301, 4, 0, 340.501, 2201.770, 45.185, 2146.597, 29.235, 1207.952, 1795.416, 0.000, 1199.175, 0.000, 0.832, 8.656, 0.000, 
301, 4, 0, 319.931, 2111.090, 32.741, 1654.751, 28.073, 1150.013, 1730.414, 0.000, 1152.488, 0.000, 0.812, 9.297, 0.000, 
301, 4, 0, 321.074, 2125.497, 51.657, 1637.530, 27.541, 1153.529, 1688.736, 0.000, 1201.900, 0.000, 1.182, 9.097, 0.000, 
301, 4, 0, 326.895, 2098.076, 45.866, 1640.464, 21.701, 1151.515, 1720.275, 0.000, 1143.070, 0.000, 0.941, 9.778, 0.000, 
301, 4, 0, 324.490, 2156.335, 33.113, 1623.373, 27.833, 1158.329, 1678.435, 0.000, 1139.583, 0.000, 0.992, 9.458, 0.000, 
301, 4, 0, 329.399, 2102.063, 35.357, 1612.683, 28.514, 1152.828, 1684.968, 0.000, 1155.693, 0.000, 1.032, 8.817, 0.000, 
301, 4, 0, 322.406, 2085.312, 50.926, 1650.594, 21.220, 1150.543, 1705.968, 0.000, 1195.368, 0.000, 0.962, 8.817, 0.000, 
302, 4, 0, 333.928, 2141.537, 55.244, 2189.939, 27.622, 1216.247, 1731.135, 0.000, 1157.336, 0.000, 0.782, 8.657, 0.000, 
302, 4, 0, 342.123, 2174.839, 48.010, 2165.331, 27.441, 1214.293, 1866.190, 0.000, 1196.330, 0.000, 0.681, 9.458, 0.000, 
302, 4, 0, 340.961, 2148.260, 53.320, 2207.882, 27.963, 1211.879, 1730.253, 0.000, 1152.808, 0.000, 0.812, 8.856, 0.000, 
302, 4, 0, 332.836, 2167.476, 52.870, 1606.151, 27.802, 1166.393, 1605.339, 0.000, 1155.132, 0.000, 0.922, 9.458, 0.000, 
302, 4, 0, 318.129, 2167.496, 39.685, 1619.075, 28.994, 1164.780, 1657.357, 0.000, 1142.950, 0.000, 0.922, 8.776, 0.000, 
302, 4, 0, 322.226, 2157.768, 33.954, 1598.556, 28.293, 1161.214, 1699.276, 0.000, 1202.902, 0.000, 0.831, 9.297, 0.000, 
302, 4, 0, 321.154, 2108.735, 48.210, 1639.272, 21.140, 1153.900, 1739.792, 0.000, 1153.770, 0.000, 1.052, 9.257, 0.000, 
302, 4, 0, 340.570, 2128.874, 46.067, 1577.306, 22.002, 1152.077, 1715.105, 0.000, 1195.288, 0.000, 0.821, 8.816, 0.000, 
302, 4, 0, 314.030, 2103.286, 50.515, 1673.076, 27.372, 1161.234, 1698.393, 0.000, 1156.374, 0.000, 1.102, 8.617, 0.000, 
302, 4, 0, 359.606, 2156.696, 56.306, 2068.550, 31.870, 1174.349, 1612.713, 0.000, 1154.251, 0.000, 0.872, 9.618, 0.000, 
303, 4, 0, 326.373, 1992.107, 47.379, 1705.577, 29.215, 1169.539, 1779.035, 0.000, 1207.230, 0.000, 0.822, 3.847, 0.000, 
303, 4, 0, 313.520, 2038.333, 59.152, 1892.219, 28.123, 1217.369, 1736.065, 0.000, 1167.997, 0.000, 0.641, 8.657, 0.000, 
303, 4, 0, 319.410, 2013.888, 45.014, 1699.195, 27.462, 1156.495, 1667.906, 0.000, 1205.346, 0.000, 0.961, 3.086, 0.000, 
303, 4, 0, 319.580, 2026.591, 43.742, 1933.576, 27.051, 1165.882, 1771.722, 0.000, 1212.200, 0.000, 0.782, 9.137, 0.000, 
303, 4, 0, 315.262, 2111.220, 44.584, 1706.169, 27.491, 1166.774, 1717.871, 0.000, 1162.145, 0.000, 0.661, 8.856, 0.000, 
303, 4, 0, 317.176, 2029.005, 38.692, 1706.629, 27.292, 1160.262, 1732.618, 0.000, 1161.704, 0.000, 1.002, 9.417, 0.000, 
303, 4, 0, 321.134, 2011.302, 33.122, 1728.811, 26.911, 1168.608, 1710.176, 0.000, 1160.422, 0.000, 0.822, 9.297, 0.000, 
303, 4, 0, 321.675, 2073.780, 50.094, 1662.216, 27.211, 1166.774, 1732.818, 0.000, 1153.529, 0.000, 1.072, 8.656, 0.000, 
303, 4, 0, 319.882, 2106.851, 52.809, 1656.835, 26.650, 1167.204, 1699.596, 0.000, 1149.322, 0.000, 0.641, 8.656, 0.000, 
303, 4, 0, 317.407, 2104.067, 49.103, 1675.261, 27.211, 1168.768, 1730.533, 0.000, 1162.426, 0.000, 1.032, 9.017, 0.000, 
304, 4, 0, 318.219, 2012.705, 32.300, 1719.373, 25.608, 1158.920, 1741.194, 0.000, 1160.462, 0.000, 0.881, 9.177, 0.000, 
304, 4, 0, 320.362, 2024.928, 50.535, 1719.714, 27.642, 1167.766, 1733.420, 0.000, 1151.846, 0.000, 0.982, 8.576, 0.000, 
304, 4, 0, 322.206, 2039.726, 53.200, 1691.351, 26.580, 1157.727, 1730.054, 0.000, 1162.106, 0.000, 0.982, 8.616, 0.000, 
304, 4, 0, 336.763, 2206.810, 46.949, 2144.062, 27.372, 1228.360, 1899.813, 0.000, 1205.307, 0.000, 1.453, 8.857, 0.000, 
304, 4, 0, 316.976, 2073.850, 52.098, 1704.065, 27.582, 1167.986, 1716.989, 0.000, 1152.207, 0.000, 0.692, 8.816, 0.000, 
304, 4, 0, 319.692, 2094.749, 65.222, 1640.715, 28.674, 1174.669, 1704.405, 0.000, 1163.709, 0.000, 0.882, 9.578, 0.000, 
304, 4, 0, 315.494, 2100.309, 50.475, 1663.448, 21.370, 1163.407, 1753.898, 0.000, 1161.504, 0.000, 1.032, 9.337, 0.000, 
304, 4, 0, 320.292, 2079.901, 32.120, 1637.299, 27.862, 1167.706, 1681.803, 0.000, 1153.930, 0.000, 0.671, 9.498, 0.000, 
304, 4, 0, 320.182, 2123.753, 36.299, 1634.123, 28.153, 1171.173, 1682.564, 0.000, 1154.491, 0.000, 0.912, 9.538, 0.000, 
304, 4, 0, 328.798, 2125.146, 49.363, 1610.368, 27.081, 1165.973, 1675.551, 0.000, 1161.705, 0.000, 0.921, 8.696, 0.000, 
305, 4, 0, 332.335, 2193.295, 55.584, 2190.849, 27.612, 1231.215, 1741.073, 0.000, 1153.689, 0.000, 0.812, 9.338, 0.000, 
305, 4, 0, 327.817, 2085.020, 35.486, 1626.328, 26.129, 1177.204, 1721.157, 0.000, 1166.393, 0.000, 1.012, 9.378, 0.000, 
305, 4, 0, 325.111, 2114.136, 37.150, 1632.359, 20.618, 1162.145, 1703.042, 0.000, 1165.632, 0.000, 1.342, 9.057, 0.000, 
305, 4, 0, 322.967, 2117.471, 40.126, 1617.743, 27.632, 1162.566, 1717.109, 0.000, 1165.472, 0.000, 0.631, 9.378, 0.000, 
305, 4, 0, 314.261, 2131.388, 32.751, 1644.362, 28.073, 1173.567, 1680.561, 0.000, 1157.256, 0.000, 1.172, 9.658, 0.000, 
305, 4, 0, 325.823, 2102.904, 37.922, 1634.534, 27.632, 1168.959, 1700.117, 0.000, 1161.985, 0.000, 0.681, 8.656, 0.000, 
305, 4, 0, 330.051, 2134.323, 38.082, 1573.690, 27.421, 1165.101, 1701.760, 0.000, 1168.998, 0.000, 0.882, 8.576, 0.000, 
305, 4, 0, 325.051, 2132.400, 50.535, 1619.224, 21.331, 1164.540, 1713.222, 0.000, 1167.916, 0.000, 0.872, 8.737, 0.000, 
305, 4, 0, 316.476, 2186.130, 52.299, 1601.803, 27.050, 1163.067, 1688.215, 0.000, 1155.452, 0.000, 0.861, 9.377, 0.000, 
305, 4, 0, 319.290, 2085.772, 46.899, 1661.054, 27.242, 1172.696, 1695.909, 0.000, 1164.630, 0.000, 0.731, 9.297, 0.000, 
306, 4, 0, 321.664, 2075.954, 50.135, 1679.559, 21.670, 1168.848, 1728.330, 0.000, 1179.297, 0.000, 0.741, 9.097, 0.000, 
306, 4, 0, 325.442, 2131.439, 43.992, 1619.635, 27.262, 1170.411, 1710.336, 0.000, 1169.318, 0.000, 0.651, 9.257, 0.000, 
306, 4, 0, 325.231, 2115.649, 37.991, 1632.269, 26.640, 1168.447, 1710.857, 0.000, 1154.771, 0.000, 0.541, 9.057, 0.000, 
306, 4, 0, 326.203, 2178.246, 41.067, 1612.732, 26.330, 1167.526, 1661.324, 0.000, 1169.279, 0.000, 1.143, 8.736, 0.000, 
306, 4, 0, 328.608, 2150.494, 52.028, 1597.353, 27.451, 1167.495, 1664.450, 0.000, 1169.078, 0.000, 0.962, 8.616, 0.000, 
306, 4, 0, 323.328, 2085.902, 50.435, 1687.433, 21.270, 1162.766, 1694.507, 0.000, 1172.405, 0.000, 1.252, 9.138, 0.000, 
306, 4, 0, 336.392, 2083.318, 33.403, 1654.812, 28.293, 1174.489, 1711.779, 0.000, 1157.537, 0.000, 1.103, 8.977, 0.000, 
306, 4, 0, 314.722, 2123.823, 34.125, 1658.800, 27.942, 1164.840, 1716.427, 0.000, 1169.038, 0.000, 0.641, 9.257, 0.000, 
306, 4, 0, 323.128, 2156.656, 46.788, 1628.752, 21.721, 1163.287, 1665.051, 0.000, 1163.869, 0.000, 0.701, 8.656, 0.000, 
306, 4, 0, 325.241, 2138.392, 51.958, 1596.231, 22.392, 1163.548, 1686.652, 0.000, 1166.714, 0.000, 0.791, 8.816, 0.000, 
307, 4, 0, 326.013, 2127.000, 37.751, 1636.878, 27.541, 1175.981, 1706.649, 0.000, 1167.515, 0.000, 1.022, 9.538, 0.000, 
307, 4, 0, 325.903, 2098.446, 32.792, 1652.167, 26.911, 1174.439, 1724.242, 0.000, 1172.164, 0.000, 0.862, 8.737, 0.000, 
307, 4, 0, 331.072, 2140.726, 50.705, 1596.933, 26.800, 1172.224, 1698.674, 0.000, 1173.647, 0.000, 0.902, 8.496, 0.000, 
307, 4, 0, 321.815, 2129.665, 33.754, 1630.777, 22.252, 1168.898, 1699.916, 0.000, 1169.840, 0.000, 0.822, 9.458, 0.000, 
307, 4, 0, 326.844, 2091.003, 33.553, 1653.279, 27.141, 1171.483, 1710.937, 0.000, 1166.995, 0.000, 0.661, 9.217, 0.000, 
307, 4, 0, 320.953, 2093.958, 31.129, 1661.004, 27.883, 1178.386, 1690.619, 0.000, 1167.435, 0.000, 0.771, 9.178, 0.000, 
307, 4, 0, 324.420, 2152.688, 56.636, 1626.408, 21.661, 1174.819, 1712.659, 0.000, 1170.642, 0.000, 1.011, 8.656, 0.000, 
307, 4, 0, 326.995, 2125.217, 47.720, 1624.394, 25.147, 1166.633, 1702.401, 0.000, 1175.891, 0.000, 0.771, 8.856, 0.000, 
307, 4, 0, 322.346, 2113.856, 29.986, 1652.778, 26.931, 1174.779, 1695.909, 0.000, 1162.667, 0.000, 0.872, 9.338, 0.000, 
307, 4, 0, 331.263, 2100.671, 43.642, 1636.928, 26.961, 1173.036, 1672.666, 0.000, 1172.485, 0.000, 0.931, 9.297, 0.000, 
308, 4, 0, 326.203, 2136.448, 51.456, 1607.853, 27.312, 1184.628, 1678.156, 0.000, 1177.855, 0.000, 1.052, 8.737, 0.000, 
308, 4, 0, 327.166, 2092.515, 31.770, 1649.462, 23.274, 1168.247, 1742.437, 0.000, 1160.582, 0.000, 1.082, 8.496, 0.000, 
308, 4, 0, 328.778, 2162.296, 51.287, 2222.430, 27.281, 1239.150, 1758.747, 0.000, 1176.212, 0.000, 1.032, 8.737, 0.000, 
308, 4, 0, 328.968, 2137.871, 56.987, 1611.670, 21.540, 1182.443, 1634.032, 0.000, 1167.716, 0.000, 1.052, 8.736, 0.000, 
308, 4, 0, 329.540, 2139.092, 53.230, 2234.361, 28.274, 1242.918, 1758.107, 0.000, 1176.212, 0.000, 0.932, 8.616, 0.000, 
308, 4, 0, 325.792, 2156.526, 51.537, 1620.006, 21.069, 1178.917, 1718.271, 0.000, 1180.180, 0.000, 0.802, 9.458, 0.000, 
308, 4, 0, 326.714, 2111.721, 52.118, 1610.028, 21.671, 1174.038, 1695.147, 0.000, 1169.199, 0.000, 1.502, 8.976, 0.000, 
308, 4, 0, 334.298, 2164.670, 35.978, 2192.193, 26.941, 1243.408, 1726.044, 0.000, 1170.040, 0.000, 1.032, 8.817, 0.000, 
308, 4, 0, 332.686, 2124.415, 45.436, 1777.743, 28.073, 1187.313, 1745.122, 0.000, 1178.977, 0.000, 0.701, 8.656, 0.000, 
308, 4, 0, 319.802, 2113.334, 40.796, 1656.244, 22.232, 1170.902, 1737.908, 0.000, 1170.081, 0.000, 1.012, 9.097, 0.000, 
309, 4, 0, 323.568, 2082.987, 41.959, 1681.452, 26.350, 1173.898, 1727.608, 0.000, 1178.015, 0.000, 0.842, 8.857, 0.000, 
309, 4, 0, 321.364, 2102.304, 33.763, 1670.671, 27.501, 1193.414, 1693.224, 0.000, 1171.282, 0.000, 0.782, 9.378, 0.000, 
309, 4, 0, 340.019, 2103.706, 50.054, 1608.554, 27.221, 1180.590, 1651.345, 0.000, 1167.475, 0.000, 0.752, 9.819, 0.000, 
309, 4, 0, 339.178, 2071.075, 38.222, 1644.552, 29.776, 1181.341, 1741.395, 0.000, 1179.538, 0.000, 1.302, 8.857, 0.000, 
309, 4, 0, 330.051, 2148.400, 42.861, 2223.822, 27.442, 1251.624, 1816.336, 0.000, 1183.746, 0.000, 0.781, 8.897, 0.000, 
309, 4, 0, 333.918, 2184.307, 37.571, 2197.382, 27.542, 1253.838, 1763.316, 0.000, 1171.843, 0.000, 1.052, 8.536, 0.000, 
309, 4, 0, 343.546, 2137.950, 51.016, 1615.087, 27.521, 1185.759, 1637.078, 0.000, 1167.516, 0.000, 0.821, 9.699, 0.000, 
309, 4, 0, 335.921, 2167.947, 41.719, 2192.894, 28.153, 1245.913, 1842.505, 0.000, 1182.904, 0.000, 0.952, 8.817, 0.000, 
309, 4, 0, 334.770, 2169.259, 43.050, 2191.891, 27.943, 1247.636, 1856.810, 0.000, 1197.973, 0.000, 0.832, 8.656, 0.000, 
309, 4, 0, 326.213, 2159.591, 32.021, 2202.562, 27.171, 1253.998, 1910.833, 0.000, 1186.351, 0.000, 0.551, 9.378, 0.000, 
310, 4, 0, 329.530, 2115.128, 39.414, 1661.103, 27.762, 1189.977, 1669.820, 0.000, 1180.460, 0.000, 0.431, 8.656, 0.000, 
310, 4, 0, 331.062, 2163.118, 38.713, 2216.909, 27.161, 1255.411, 1750.852, 0.000, 1174.929, 0.000, 0.912, 9.378, 0.000, 
310, 4, 0, 342.434, 2112.913, 49.984, 1743.409, 27.301, 1190.779, 1760.671, 0.000, 1181.341, 0.000, 1.072, 9.297, 0.000, 
310, 4, 0, 321.314, 2094.729, 41.418, 1659.691, 21.361, 1188.115, 1698.875, 0.000, 1169.479, 0.000, 0.832, 8.697, 0.000, 
310, 4, 0, 336.663, 2169.679, 38.041, 2195.328, 28.464, 1240.082, 1770.570, 0.000, 1176.612, 0.000, 0.652, 9.338, 0.000, 
310, 4, 0, 325.642, 2153.419, 54.993, 1618.985, 21.560, 1187.192, 1686.090, 0.000, 1169.600, 0.000, 0.722, 8.657, 0.000, 
310, 4, 0, 330.111, 2154.632, 48.591, 2231.256, 27.252, 1253.738, 1838.618, 0.000, 1180.660, 0.000, 1.002, 8.656, 0.000, 
310, 4, 0, 335.010, 2153.290, 35.336, 2212.590, 28.233, 1250.982, 1745.042, 0.000, 1185.349, 0.000, 0.641, 8.696, 0.000, 
310, 4, 0, 329.489, 2129.244, 48.963, 2228.591, 28.142, 1254.428, 1866.390, 0.000, 1180.940, 0.000, 1.022, 8.816, 0.000, 
310, 4, 0, 345.359, 2115.358, 37.059, 2195.548, 28.043, 1243.248, 1770.289, 0.000, 1176.733, 0.000, 0.971, 8.816, 0.000, 
311, 4, 0, 353.214, 2196.331, 51.156, 2144.212, 28.143, 1242.817, 1773.535, 0.000, 1185.309, 0.000, 1.022, 9.418, 0.000, 
311, 4, 0, 338.737, 2188.926, 52.158, 2174.228, 27.101, 1240.693, 1773.656, 0.000, 1173.847, 0.000, 0.651, 9.498, 0.000, 
311, 4, 0, 342.594, 2156.515, 54.713, 2188.245, 27.492, 1216.838, 1754.820, 0.000, 1184.828, 0.000, 0.801, 8.816, 0.000, 
311, 4, 0, 341.693, 2143.911, 31.650, 2219.294, 27.181, 1247.956, 1753.778, 0.000, 1185.509, 0.000, 1.082, 8.335, 0.000, 
311, 4, 0, 342.354, 2117.812, 34.484, 2211.468, 29.095, 1253.558, 1758.948, 0.000, 1182.463, 0.000, 0.962, 9.298, 0.000, 
311, 4, 0, 345.530, 2145.795, 47.810, 2194.277, 27.231, 1248.548, 1777.102, 0.000, 1171.363, 0.000, 0.631, 8.937, 0.000, 
311, 4, 0, 348.325, 2136.899, 52.118, 2170.652, 27.311, 1243.308, 1775.619, 0.000, 1183.225, 0.000, 0.671, 9.418, 0.000, 
311, 4, 0, 352.753, 2196.581, 52.338, 2143.090, 28.454, 1213.913, 1751.654, 0.000, 1172.124, 0.000, 1.162, 9.257, 0.000, 
311, 4, 0, 349.818, 2177.284, 57.949, 2159.802, 28.303, 1243.919, 1739.952, 0.000, 1183.425, 0.000, 0.771, 8.936, 0.000, 
311, 4, 0, 352.012, 2147.198, 52.248, 2192.272, 27.902, 1209.995, 1769.928, 0.000, 1186.030, 0.000, 0.731, 8.817, 0.000, 
312, 4, 0, 343.756, 2177.255, 50.856, 2181.853, 27.432, 1247.065, 1778.104, 0.000, 1177.374, 0.000, 0.711, 8.736, 0.000, 
312, 4, 0, 349.768, 2188.135, 52.920, 2160.423, 28.033, 1207.961, 1777.622, 0.000, 1178.176, 0.000, 0.922, 9.979, 0.000, 
312, 4, 0, 348.385, 2176.553, 51.818, 2149.543, 27.872, 1204.194, 1777.743, 0.000, 1186.872, 0.000, 1.382, 8.817, 0.000, 
312, 4, 0, 354.707, 2157.918, 46.688, 2144.623, 28.623, 1251.132, 1765.039, 0.000, 1178.175, 0.000, 1.182, 8.696, 0.000, 
312, 4, 0, 346.692, 2197.252, 55.825, 2174.649, 27.822, 1253.687, 1757.385, 0.000, 1184.026, 0.000, 0.441, 9.298, 0.000, 
312, 4, 0, 337.174, 2182.253, 47.750, 2207.331, 27.471, 1254.890, 1814.412, 0.000, 1188.555, 0.000, 0.791, 9.257, 0.000, 
312, 4, 0, 352.583, 2140.525, 52.699, 2191.591, 27.652, 1249.309, 1737.467, 0.000, 1201.059, 0.000, 0.902, 9.338, 0.000, 
312, 4, 0, 342.244, 2171.994, 42.140, 2141.558, 27.832, 1246.564, 1775.940, 0.000, 1185.990, 0.000, 1.082, 8.857, 0.000, 
312, 4, 0, 345.940, 2144.002, 36.719, 2215.215, 27.252, 1251.133, 1784.917, 0.000, 1194.005, 0.000, 0.671, 8.697, 0.000, 
312, 4, 0, 348.635, 2228.561, 52.459, 2126.038, 27.812, 1249.870, 1775.699, 0.000, 1177.775, 0.000, 0.641, 9.498, 0.000, 
313, 4, 0, 353.876, 2090.611, 51.798, 1651.967, 25.378, 1196.270, 1693.223, 0.000, 1192.643, 0.000, 0.751, 8.616, 0.000, 
313, 4, 0, 325.873, 2135.977, 52.659, 1636.878, 21.620, 1192.522, 1661.765, 0.000, 1187.954, 0.000, 0.932, 8.696, 0.000, 
313, 4, 0, 334.509, 2182.364, 55.194, 2186.221, 28.032, 1256.803, 1782.031, 0.000, 1194.566, 0.000, 0.731, 8.736, 0.000, 
313, 4, 0, 339.628, 2118.984, 51.828, 2200.699, 27.271, 1219.944, 1760.671, 0.000, 1180.379, 0.000, 0.841, 8.737, 0.000, 
313, 4, 0, 332.565, 2116.982, 39.244, 2226.196, 27.602, 1260.180, 1878.894, 0.000, 1196.691, 0.000, 0.761, 8.817, 0.000, 
313, 4, 0, 341.833, 2153.089, 52.760, 2197.192, 28.022, 1221.386, 1775.499, 0.000, 1197.291, 0.000, 0.812, 8.817, 0.000, 
313, 4, 0, 346.923, 2241.996, 54.523, 2181.212, 28.053, 1212.851, 1775.058, 0.000, 1189.677, 0.000, 0.652, 8.736, 0.000, 
313, 4, 0, 338.787, 2132.570, 35.237, 2227.299, 27.832, 1252.435, 1184.507, 0.000, 1185.229, 0.000, 1.172, 8.817, 0.000, 
313, 4, 0, 344.748, 2144.573, 54.172, 1682.294, 27.993, 1199.446, 1693.064, 0.000, 1187.634, 0.000, 0.651, 8.656, 0.000, 
313, 4, 0, 323.268, 2149.051, 47.399, 1638.451, 28.855, 1194.887, 1655.914, 0.000, 1187.553, 0.000, 0.912, 8.857, 0.000, 
314, 4, 0, 337.695, 2143.651, 47.309, 2215.226, 29.025, 1272.243, 1785.397, 0.000, 1189.797, 0.000, 0.562, 8.816, 0.000, 
314, 4, 0, 339.509, 2178.467, 52.118, 2206.078, 28.393, 1209.524, 1786.759, 0.000, 1190.959, 0.000, 0.591, 9.297, 0.000, 
314, 4, 0, 338.997, 2196.511, 54.823, 2204.846, 27.571, 1220.004, 1782.111, 0.000, 1189.798, 0.000, 1.012, 8.656, 0.000, 
314, 4, 0, 332.605, 2105.068, 46.928, 1636.187, 23.014, 1191.641, 1665.331, 0.000, 1197.091, 0.000, 0.651, 9.258, 0.000, 
314, 4, 0, 379.534, 2293.783, 62.768, 2107.233, 29.385, 1226.627, 1556.127, 0.000, 1181.783, 0.000, 1.012, 9.378, 0.000, 
314, 4, 0, 344.307, 2093.557, 49.263, 2217.170, 28.744, 1229.392, 1811.276, 0.000, 1258.887, 0.000, 0.922, 9.057, 0.000, 
314, 4, 0, 348.946, 2130.417, 36.809, 2236.415, 27.221, 1263.526, 1898.771, 0.000, 1248.027, 0.000, 0.822, 9.138, 0.000, 
314, 4, 0, 328.267, 2148.831, 46.647, 2219.413, 26.901, 1266.342, 1788.042, 0.000, 1193.003, 0.000, 1.092, 8.697, 0.000, 
314, 4, 0, 372.090, 2165.963, 49.944, 2204.776, 27.772, 1264.838, 1774.978, 0.000, 1193.324, 0.000, 0.771, 8.896, 0.000, 
314, 4, 0, 329.149, 2166.354, 44.143, 2224.733, 28.704, 1260.831, 1767.323, 0.000, 1193.364, 0.000, 0.781, 8.817, 0.000, 
315, 4, 0, 335.712, 2113.935, 38.142, 2235.484, 28.033, 1274.316, 1840.100, 0.000, 1205.227, 0.000, 0.891, 9.177, 0.000, 
315, 4, 0, 330.682, 2149.211, 50.936, 2211.589, 27.893, 1256.433, 1776.260, 0.000, 1201.058, 0.000, 0.811, 9.418, 0.000, 
315, 4, 0, 327.356, 2164.380, 47.109, 2223.521, 27.662, 1225.003, 1784.957, 0.000, 1203.423, 0.000, 0.471, 8.776, 0.000, 
315, 4, 0, 326.935, 2129.203, 46.207, 2236.236, 28.213, 1263.907, 1793.212, 0.000, 1192.362, 0.000, 0.691, 9.217, 0.000, 
315, 4, 0, 332.695, 2201.981, 51.297, 2188.956, 26.900, 1269.186, 1776.260, 0.000, 1201.580, 0.000, 1.092, 8.736, 0.000, 
315, 4, 0, 324.841, 2164.521, 49.844, 2205.026, 27.922, 1229.452, 1770.329, 0.000, 1191.801, 0.000, 1.052, 8.456, 0.000, 
315, 4, 0, 340.090, 2162.717, 54.502, 2211.589, 29.425, 1239.230, 1763.356, 0.000, 1195.488, 0.000, 0.992, 8.696, 0.000, 
315, 4, 0, 330.001, 2123.583, 48.080, 2234.862, 27.843, 1269.468, 1870.357, 0.000, 1204.585, 0.000, 0.941, 8.736, 0.000, 
315, 4, 0, 348.395, 2154.261, 54.443, 2092.285, 28.303, 1220.936, 1787.161, 0.000, 1194.967, 0.000, 0.801, 9.338, 0.000, 
315, 4, 0, 329.420, 2103.555, 32.501, 1652.126, 28.022, 1197.271, 1706.408, 0.000, 1201.219, 0.000, 0.771, 8.897, 0.000, 
316, 4, 0, 328.968, 2148.019, 40.506, 2257.245, 28.363, 1275.248, 1802.830, 0.000, 1199.856, 0.000, 1.182, 9.537, 0.000, 
316, 4, 0, 343.315, 2172.586, 35.747, 2159.331, 28.463, 1274.366, 1767.323, 0.000, 1214.243, 0.000, 1.011, 9.337, 0.000, 
316, 4, 0, 336.823, 2161.154, 49.984, 2221.788, 28.213, 1268.916, 1753.658, 0.000, 1205.306, 0.000, 1.152, 8.656, 0.000, 
316, 4, 0, 329.349, 2131.899, 33.654, 1621.590, 21.681, 1204.906, 1638.962, 0.000, 1192.643, 0.000, 0.712, 8.697, 0.000, 
316, 4, 0, 344.878, 2153.930, 44.354, 2140.816, 28.584, 1264.729, 1731.817, 0.000, 1197.692, 0.000, 0.651, 9.658, 0.000, 
316, 4, 0, 340.951, 2167.356, 43.582, 2129.936, 28.303, 1230.163, 1767.804, 0.000, 1192.442, 0.000, 1.383, 8.896, 0.000, 
316, 4, 0, 341.633, 2184.307, 39.765, 2147.439, 28.123, 1232.558, 1773.896, 0.000, 1215.526, 0.000, 0.902, 9.418, 0.000, 
316, 4, 0, 326.334, 2171.022, 52.017, 2204.064, 27.481, 1233.138, 1789.806, 0.000, 1204.826, 0.000, 0.661, 8.656, 0.000, 
316, 4, 0, 325.332, 2118.183, 33.853, 1606.821, 21.119, 1204.114, 1695.067, 0.000, 1199.575, 0.000, 0.671, 8.657, 0.000, 
316, 4, 0, 329.300, 2136.528, 44.444, 2247.827, 28.063, 1272.633, 1861.741, 0.000, 1195.808, 0.000, 0.922, 8.656, 0.000, 
317, 4, 0, 329.330, 2145.575, 50.725, 2227.368, 28.223, 1272.873, 1771.250, 0.000, 1199.977, 0.000, 1.102, 9.097, 0.000, 
317, 4, 0, 330.512, 2140.044, 50.095, 2232.969, 27.141, 1270.459, 1767.123, 0.000, 1219.373, 0.000, 0.922, 9.297, 0.000, 
317, 4, 0, 337.344, 2147.177, 50.585, 2228.941, 26.550, 1235.474, 1775.499, 0.000, 1205.107, 0.000, 1.012, 8.777, 0.000, 
317, 4, 0, 342.124, 2215.045, 37.140, 2161.545, 29.155, 1268.646, 1767.363, 0.000, 1196.971, 0.000, 0.551, 9.418, 0.000, 
317, 4, 0, 332.776, 2170.952, 57.158, 2224.784, 27.692, 1269.477, 1763.837, 0.000, 1207.190, 0.000, 1.112, 9.457, 0.000, 
317, 4, 0, 338.687, 2167.185, 47.409, 2199.005, 27.612, 1235.403, 1797.420, 0.000, 1210.476, 0.000, 0.672, 9.297, 0.000, 
317, 4, 0, 329.078, 2120.036, 32.411, 1632.029, 27.622, 1212.791, 1672.546, 0.000, 1202.902, 0.000, 0.651, 9.338, 0.000, 
317, 4, 0, 335.030, 2170.762, 51.527, 2198.645, 28.323, 1274.306, 1774.858, 0.000, 1210.557, 0.000, 0.762, 8.856, 0.000, 
317, 4, 0, 403.268, 2429.329, 66.565, 1814.582, 31.539, 1246.704, 2048.412, 0.000, 1298.242, 0.000, 1.052, 9.418, 0.000, 
317, 4, 0, 415.611, 2536.670, 68.439, 2219.353, 28.614, 1270.810, 1703.043, 0.000, 1201.460, 0.000, 1.042, 8.736, 0.000, 
318, 4, 0, 328.858, 2152.608, 51.617, 1682.424, 28.223, 1213.852, 1679.478, 0.000, 1199.095, 0.000, 0.682, 8.657, 0.000, 
318, 4, 0, 333.126, 2156.004, 52.980, 2210.657, 27.381, 1264.968, 1798.502, 0.000, 1207.752, 0.000, 1.142, 8.817, 0.000, 
318, 4, 0, 333.307, 2192.843, 58.560, 2228.711, 27.372, 1276.451, 1797.660, 0.000, 1216.528, 0.000, 1.243, 8.736, 0.000, 
318, 4, 0, 344.748, 2162.637, 34.255, 2167.226, 28.273, 1280.238, 1778.064, 0.000, 1203.703, 0.000, 0.902, 9.338, 0.000, 
318, 4, 0, 330.151, 2146.617, 51.497, 2223.832, 28.704, 1281.911, 1770.169, 0.000, 1234.882, 0.000, 0.571, 8.737, 0.000, 
318, 4, 0, 357.512, 2199.066, 35.066, 2184.057, 29.115, 1270.740, 1762.514, 0.000, 1204.625, 0.000, 1.012, 10.019, 0.000, 
318, 4, 0, 316.845, 2144.263, 41.668, 2255.251, 26.991, 1287.220, 1789.686, 0.000, 1218.291, 0.000, 0.702, 9.137, 0.000, 
318, 4, 0, 319.270, 2065.855, 45.695, 1713.301, 34.966, 1210.988, 1764.037, 0.000, 1204.625, 0.000, 0.642, 8.817, 0.000, 
318, 4, 0, 314.642, 2148.300, 53.140, 1679.067, 22.292, 1207.181, 1665.852, 0.000, 1200.818, 0.000, 0.812, 8.696, 0.000, 
318, 4, 0, 324.901, 2158.038, 33.804, 2174.740, 28.874, 1237.868, 1769.928, 0.000, 1217.169, 0.000, 0.711, 8.857, 0.000, 
319, 4, 0, 327.956, 2149.392, 44.764, 2257.154, 27.752, 1241.164, 1785.878, 0.000, 1220.295, 0.000, 1.152, 8.897, 0.000, 
319, 4, 0, 336.052, 2179.779, 33.163, 2184.478, 28.384, 1242.276, 1797.821, 0.000, 1216.568, 0.000, 0.862, 8.697, 0.000, 
319, 4, 0, 333.528, 2187.022, 31.079, 2181.483, 27.251, 1232.608, 1799.904, 0.000, 1207.591, 0.000, 0.682, 8.777, 0.000, 
319, 4, 0, 337.625, 2180.680, 37.952, 2191.862, 27.502, 1231.246, 1781.631, 0.000, 1219.453, 0.000, 0.751, 8.977, 0.000, 
319, 4, 0, 329.459, 2158.038, 30.828, 2191.601, 27.361, 1278.905, 1752.856, 0.000, 1210.356, 0.000, 0.661, 8.977, 0.000, 
319, 4, 0, 328.117, 2204.145, 48.752, 2203.844, 28.724, 1281.741, 1736.946, 0.000, 1219.413, 0.000, 0.681, 9.297, 0.000, 
319, 4, 0, 329.971, 2125.968, 48.110, 2208.793, 27.752, 1233.750, 1786.961, 0.000, 1220.816, 0.000, 0.531, 9.297, 0.000, 
319, 4, 0, 332.886, 2175.921, 31.690, 2188.235, 27.602, 1279.646, 1790.406, 0.000, 1220.936, 0.000, 0.691, 9.418, 0.000, 
319, 4, 0, 338.797, 2169.219, 41.819, 2168.247, 28.484, 1225.275, 1800.706, 0.000, 1208.833, 0.000, 0.591, 8.777, 0.000, 
319, 4, 0, 329.820, 2150.875, 52.308, 2217.370, 28.985, 1270.760, 2141.668, 0.000, 1225.385, 0.000, 0.661, 8.896, 0.000, 
320, 4, 0, 340.951, 2168.418, 35.868, 2198.224, 28.784, 1278.695, 1813.491, 0.000, 1210.356, 0.000, 0.561, 8.617, 0.000, 
320, 4, 0, 320.462, 2086.714, 44.533, 1674.488, 21.831, 1215.325, 1723.922, 0.000, 1215.085, 0.000, 0.732, 9.137, 0.000, 
320, 4, 0, 318.850, 2160.904, 51.497, 2245.122, 28.714, 1248.638, 1794.535, 0.000, 1220.014, 0.000, 0.671, 8.656, 0.000, 
320, 4, 0, 326.103, 2148.801, 51.196, 2229.081, 29.936, 1274.947, 1788.603, 0.000, 1219.693, 0.000, 0.731, 8.697, 0.000, 
320, 4, 0, 336.092, 2124.886, 51.507, 2216.188, 27.632, 1240.603, 1803.271, 0.000, 1222.298, 0.000, 1.132, 9.377, 0.000, 
320, 4, 0, 333.367, 2180.641, 33.994, 2196.060, 32.030, 1237.277, 1796.498, 0.000, 1218.852, 0.000, 0.652, 8.737, 0.000, 
320, 4, 0, 333.508, 2113.614, 52.359, 2246.395, 27.702, 1247.926, 1810.805, 0.000, 1206.228, 0.000, 0.871, 8.697, 0.000, 
320, 4, 0, 330.001, 2144.482, 32.592, 2212.842, 27.802, 1282.522, 1788.844, 0.000, 1216.087, 0.000, 0.871, 8.736, 0.000, 
320, 4, 0, 327.917, 2160.442, 52.579, 2222.960, 28.233, 1250.612, 1751.453, 0.000, 1212.480, 0.000, 0.842, 9.658, 0.000, 
320, 4, 0, 336.323, 2098.887, 50.375, 2239.401, 28.233, 1279.817, 1792.450, 0.000, 1220.415, 0.000, 1.002, 8.697, 0.000, 
321, 4, 0, 331.674, 2146.507, 50.074, 2225.185, 31.629, 1285.527, 1805.195, 0.000, 1216.367, 0.000, 1.052, 9.658, 0.000, 
321, 4, 0, 327.055, 2196.922, 36.368, 2200.077, 27.131, 1277.142, 1801.187, 0.000, 1221.938, 0.000, 1.112, 9.498, 0.000, 
321, 4, 0, 333.878, 2133.251, 40.546, 2196.891, 28.424, 1243.599, 1815.574, 0.000, 1230.594, 0.000, 1.252, 8.496, 0.000, 
321, 4, 0, 330.432, 2154.792, 38.091, 2189.066, 27.883, 1281.370, 1762.635, 0.000, 1216.969, 0.000, 0.862, 8.736, 0.000, 
321, 4, 0, 381.838, 2302.460, 45.286, 2009.229, 28.374, 1239.210, 1756.824, 0.000, 1220.616, 0.000, 0.852, 8.696, 0.000, 
321, 4, 0, 319.460, 2120.036, 32.311, 1673.497, 22.291, 1228.159, 1652.949, 0.000, 1212.240, 0.000, 0.762, 8.897, 0.000, 
321, 4, 0, 337.875, 2122.531, 30.908, 2204.806, 28.744, 1239.761, 1814.532, 0.000, 1217.610, 0.000, 0.891, 9.338, 0.000, 
321, 4, 0, 333.397, 2136.517, 34.114, 2214.093, 28.183, 1285.287, 1815.214, 0.000, 1222.258, 0.000, 0.901, 9.378, 0.000, 
321, 4, 0, 333.206, 2158.920, 34.124, 2202.061, 28.513, 1241.825, 1787.962, 0.000, 1214.965, 0.000, 1.022, 8.657, 0.000, 
321, 4, 0, 334.619, 2154.561, 39.024, 2189.588, 27.873, 1283.163, 1773.054, 0.000, 1216.607, 0.000, 0.541, 8.897, 0.000, 
322, 4, 0, 343.155, 2139.925, 46.958, 2235.433, 28.664, 1257.746, 1792.129, 0.000, 1224.663, 0.000, 0.852, 9.257, 0.000, 
322, 4, 0, 323.769, 2170.261, 32.872, 2208.093, 28.413, 1247.496, 1821.986, 0.000, 1219.975, 0.000, 0.802, 9.297, 0.000, 
322, 4, 0, 337.013, 2118.604, 32.631, 2191.130, 28.394, 1242.136, 1812.648, 0.000, 1220.135, 0.000, 0.631, 8.816, 0.000, 
322, 4, 0, 337.415, 2163.699, 50.485, 2173.627, 27.322, 1285.358, 1767.564, 0.000, 1229.392, 0.000, 1.122, 9.537, 0.000, 
322, 4, 0, 335.091, 2176.332, 50.735, 2164.069, 27.862, 1297.540, 1768.806, 0.000, 1213.963, 0.000, 0.822, 8.817, 0.000, 
322, 4, 0, 336.252, 2160.814, 38.472, 2190.389, 32.771, 1291.819, 1810.004, 0.000, 1221.617, 0.000, 0.912, 9.298, 0.000, 
322, 4, 0, 332.706, 2156.535, 38.473, 2201.670, 28.463, 1241.134, 1788.644, 0.000, 1227.348, 0.000, 0.772, 9.458, 0.000, 
322, 4, 0, 338.346, 2137.520, 32.722, 2224.844, 27.752, 1249.099, 1801.067, 0.000, 1214.363, 0.000, 0.972, 8.656, 0.000, 
322, 4, 0, 365.227, 2207.791, 40.477, 2098.397, 27.161, 1238.859, 1774.698, 0.000, 1224.463, 0.000, 0.802, 9.177, 0.000, 
322, 4, 0, 365.547, 2275.630, 52.248, 2059.853, 27.692, 1291.729, 1656.635, 0.000, 1221.177, 0.000, 0.521, 9.497, 0.000, 
323, 4, 0, 369.685, 2235.755, 53.310, 2050.766, 27.992, 1293.161, 1661.685, 0.000, 1223.141, 0.000, 1.272, 8.656, 0.000, 
323, 4, 0, 355.048, 2171.383, 50.635, 1716.598, 22.372, 1233.479, 1603.295, 0.000, 1223.821, 0.000, 0.581, 8.656, 0.000, 
323, 4, 0, 360.318, 2177.735, 42.891, 2087.686, 27.692, 1296.779, 1682.604, 0.000, 1223.100, 0.000, 0.871, 8.937, 0.000, 
323, 4, 0, 368.382, 2246.183, 50.535, 2037.140, 28.072, 1242.947, 1710.015, 0.000, 1219.333, 0.000, 0.681, 9.298, 0.000, 
323, 4, 0, 369.345, 2171.824, 37.310, 1700.748, 22.382, 1237.257, 1610.469, 0.000, 1224.262, 0.000, 0.832, 9.017, 0.000, 
323, 4, 0, 348.666, 2224.303, 39.935, 1705.768, 23.274, 1233.039, 1635.555, 0.000, 1222.579, 0.000, 1.242, 9.538, 0.000, 
323, 4, 0, 342.674, 2192.313, 53.641, 1735.944, 27.582, 1240.192, 1643.291, 0.000, 1223.100, 0.000, 1.072, 8.536, 0.000, 
323, 4, 0, 340.250, 2194.106, 54.482, 2175.561, 28.504, 1253.227, 1787.241, 0.000, 1226.707, 0.000, 0.842, 9.338, 0.000, 
323, 4, 0, 330.351, 2145.995, 31.389, 2220.746, 31.629, 1242.937, 1791.488, 0.000, 1232.237, 0.000, 0.652, 8.736, 0.000, 
323, 4, 0, 361.600, 2240.704, 51.727, 2045.767, 28.333, 1254.669, 1804.593, 0.000, 1231.596, 0.000, 0.671, 9.418, 0.000, 
324, 4, 0, 319.802, 2113.364, 40.947, 1673.247, 21.420, 1236.766, 1688.976, 0.000, 1223.620, 0.000, 1.292, 8.816, 0.000, 
324, 4, 0, 331.654, 2137.059, 47.099, 2206.740, 27.712, 1298.532, 1772.212, 0.000, 1228.510, 0.000, 0.882, 9.177, 0.000, 
324, 4, 0, 340.651, 2171.313, 37.000, 2158.790, 27.882, 1301.307, 1743.238, 0.000, 1233.639, 0.000, 1.192, 9.378, 0.000, 
324, 4, 0, 334.719, 2176.673, 52.288, 2173.677, 27.402, 1309.302, 1744.721, 0.000, 1228.670, 0.000, 0.762, 8.776, 0.000, 
324, 4, 0, 333.427, 2148.089, 42.430, 2206.700, 28.043, 1300.506, 1751.414, 0.000, 1226.586, 0.000, 0.491, 8.617, 0.000, 
324, 4, 0, 319.912, 2165.813, 42.810, 2240.503, 28.243, 1243.679, 1816.737, 0.000, 1221.978, 0.000, 0.601, 9.298, 0.000, 
324, 4, 0, 327.506, 2161.715, 40.497, 2206.299, 27.893, 1291.700, 1806.677, 0.000, 1241.815, 0.000, 1.242, 9.458, 0.000, 
324, 4, 0, 336.933, 2145.315, 36.038, 2214.164, 28.323, 1255.080, 1823.429, 0.000, 1224.943, 0.000, 0.842, 8.816, 0.000, 
324, 4, 0, 340.249, 2184.348, 51.417, 2193.706, 28.103, 1300.025, 1750.331, 0.000, 1234.241, 0.000, 0.882, 9.057, 0.000, 
324, 4, 0, 360.027, 2156.566, 54.483, 2167.837, 28.995, 1245.001, 1750.091, 0.000, 1237.687, 0.000, 0.961, 9.138, 0.000, 
325, 4, 0, 330.982, 2184.438, 49.493, 2199.737, 28.033, 1267.063, 1760.832, 0.000, 1228.751, 0.000, 0.862, 9.298, 0.000, 
325, 4, 0, 336.423, 2153.981, 43.692, 2220.024, 28.243, 1262.854, 1791.810, 0.000, 1230.274, 0.000, 0.861, 8.897, 0.000, 
325, 4, 0, 339.338, 2151.686, 40.707, 2217.049, 27.512, 1247.957, 1779.025, 0.000, 1236.045, 0.000, 0.881, 8.937, 0.000, 
325, 4, 0, 335.741, 2191.561, 36.909, 2133.502, 28.113, 1303.411, 1719.634, 0.000, 1224.903, 0.000, 1.152, 8.696, 0.000, 
325, 4, 0, 352.814, 2162.336, 42.851, 2115.869, 27.431, 1260.430, 1780.548, 0.000, 1243.819, 0.000, 1.032, 9.778, 0.000, 
325, 4, 0, 397.468, 2399.552, 58.621, 1745.934, 24.386, 1240.552, 1627.821, 0.000, 1231.596, 0.000, 1.011, 8.616, 0.000, 
325, 4, 0, 322.456, 2131.007, 44.694, 2255.141, 28.513, 1306.607, 1821.385, 0.000, 1236.886, 0.000, 0.911, 8.656, 0.000, 
325, 4, 0, 321.214, 2075.152, 50.135, 1678.747, 29.225, 1241.043, 1670.261, 0.000, 1231.236, 0.000, 0.742, 9.377, 0.000, 
325, 4, 0, 328.878, 2148.550, 39.404, 2220.365, 27.682, 1295.276, 1836.453, 0.000, 1235.804, 0.000, 0.912, 8.576, 0.000, 
325, 4, 0, 325.202, 2157.447, 31.369, 2231.666, 27.882, 1306.186, 1764.478, 0.000, 1227.628, 0.000, 0.772, 8.736, 0.000, 
326, 4, 0, 337.936, 2140.766, 54.422, 2205.768, 28.654, 1303.922, 1760.631, 0.000, 1233.399, 0.000, 0.792, 9.057, 0.000, 
326, 4, 0, 341.573, 2195.819, 31.830, 2138.782, 27.742, 1307.980, 1760.831, 0.000, 1241.575, 0.000, 0.962, 9.378, 0.000, 
326, 4, 0, 356.130, 2299.123, 51.257, 2082.326, 28.253, 1249.249, 1762.915, 0.000, 1238.409, 0.000, 0.942, 8.817, 0.000, 
326, 4, 0, 331.503, 2208.724, 57.608, 2214.434, 29.075, 1259.499, 1788.604, 0.000, 1237.287, 0.000, 0.762, 8.736, 0.000, 
326, 4, 0, 329.941, 2211.238, 51.938, 2186.552, 26.570, 1246.404, 1817.819, 0.000, 1240.372, 0.000, 0.752, 8.697, 0.000, 
326, 4, 0, 322.466, 2198.324, 39.905, 2234.943, 28.113, 1307.509, 1807.118, 0.000, 1247.506, 0.000, 0.441, 9.137, 0.000, 
326, 4, 0, 335.742, 2203.944, 51.337, 2172.646, 27.773, 1303.742, 1752.977, 0.000, 1232.398, 0.000, 0.771, 9.338, 0.000, 
326, 4, 0, 325.572, 2193.715, 49.824, 2199.387, 27.552, 1266.301, 1821.866, 0.000, 1233.119, 0.000, 0.781, 9.458, 0.000, 
326, 4, 0, 323.288, 2246.124, 53.250, 2203.203, 28.684, 1301.027, 1772.974, 0.000, 1241.856, 0.000, 0.932, 8.897, 0.000, 
326, 4, 0, 327.435, 2174.550, 51.517, 2209.064, 28.253, 1308.170, 1770.970, 0.000, 1234.281, 0.000, 0.561, 8.857, 0.000, 
327, 4, 0, 348.475, 2367.813, 45.245, 2014.398, 28.093, 1240.533, 1742.557, 0.000, 1245.463, 0.000, 0.841, 9.217, 0.000, 
327, 4, 0, 317.006, 2164.651, 31.239, 2252.125, 27.292, 1307.800, 1820.664, 0.000, 1241.214, 0.000, 0.992, 9.618, 0.000, 
327, 4, 0, 326.915, 2202.211, 51.237, 2184.739, 27.682, 1268.706, 1780.588, 0.000, 1235.043, 0.000, 0.491, 8.816, 0.000, 
327, 4, 0, 322.176, 2160.573, 32.210, 2247.937, 27.522, 1266.091, 1809.723, 0.000, 1248.148, 0.000, 0.791, 9.177, 0.000, 
327, 4, 0, 330.692, 2244.982, 37.100, 2146.336, 28.444, 1260.962, 1766.001, 0.000, 1240.934, 0.000, 0.592, 9.458, 0.000, 
327, 4, 0, 330.491, 2245.712, 49.944, 2165.672, 28.254, 1306.517, 1779.947, 0.000, 1231.156, 0.000, 0.641, 9.778, 0.000, 
327, 4, 0, 326.895, 2256.554, 52.238, 2190.359, 28.364, 1302.920, 1740.353, 0.000, 1247.026, 0.000, 0.641, 8.696, 0.000, 
327, 4, 0, 329.840, 2215.557, 51.797, 2181.552, 28.013, 1256.153, 1767.043, 0.000, 1243.257, 0.000, 0.771, 8.896, 0.000, 
327, 4, 0, 326.333, 2227.359, 52.710, 2224.774, 27.211, 1269.027, 1775.579, 0.000, 1232.678, 0.000, 0.831, 9.337, 0.000, 
327, 4, 0, 329.139, 2240.423, 36.178, 2158.358, 28.383, 1262.594, 1767.243, 0.000, 1247.025, 0.000, 0.942, 9.257, 0.000, 
328, 4, 0, 331.233, 2258.888, 42.349, 2145.564, 27.992, 1316.575, 1722.078, 0.000, 1247.786, 0.000, 1.082, 8.736, 0.000, 
328, 4, 0, 353.264, 2239.131, 37.821, 2139.363, 28.403, 1316.746, 1711.980, 0.000, 1246.504, 0.000, 0.681, 8.736, 0.000, 
328, 4, 0, 327.857, 2230.995, 33.533, 2157.467, 27.412, 1312.579, 1743.278, 0.000, 1241.294, 0.000, 0.762, 8.737, 0.000, 
328, 4, 0, 325.622, 2186.772, 50.415, 2208.483, 28.533, 1259.177, 1814.332, 0.000, 1250.993, 0.000, 0.721, 9.218, 0.000, 
328, 4, 0, 329.329, 2215.907, 47.579, 2180.841, 27.562, 1318.099, 1689.738, 0.000, 1241.415, 0.000, 0.982, 9.057, 0.000, 
328, 4, 0, 336.333, 2226.957, 43.492, 2143.241, 27.862, 1261.432, 1737.507, 0.000, 1244.420, 0.000, 0.771, 9.458, 0.000, 
328, 4, 0, 349.558, 2210.977, 52.770, 2119.576, 27.712, 1317.517, 1706.729, 0.000, 1237.687, 0.000, 0.651, 9.258, 0.000, 
328, 4, 0, 353.946, 2259.449, 53.200, 2104.608, 27.943, 1270.770, 1726.206, 0.000, 1243.258, 0.000, 0.571, 8.776, 0.000, 
328, 4, 0, 346.541, 2308.401, 52.849, 2303.071, 28.934, 1271.932, 1781.831, 0.000, 1248.067, 0.000, 0.781, 8.936, 0.000, 
328, 4, 0, 355.348, 2265.069, 50.394, 2099.758, 27.712, 1303.632, 1692.101, 0.000, 1236.926, 0.000, 1.052, 9.778, 0.000, 
329, 4, 0, 341.352, 2193.846, 34.445, 2166.624, 28.143, 1257.996, 1766.522, 0.000, 1245.902, 0.000, 0.912, 8.736, 0.000, 
329, 4, 0, 339.378, 2242.387, 46.508, 2147.539, 28.122, 1273.534, 1740.553, 0.000, 1244.580, 0.000, 0.902, 8.737, 0.000, 
329, 4, 0, 346.291, 2196.771, 37.030, 1757.485, 28.083, 1254.740, 1623.212, 0.000, 1245.221, 0.000, 0.772, 9.418, 0.000, 
329, 4, 0, 340.902, 2288.333, 55.715, 2320.413, 27.783, 1321.165, 1779.586, 0.000, 1246.665, 0.000, 0.851, 8.816, 0.000, 
329, 4, 0, 342.414, 2239.071, 43.943, 2158.038, 28.393, 1316.575, 1729.773, 0.000, 1257.284, 0.000, 0.611, 8.857, 0.000, 
329, 4, 0, 338.216, 2243.228, 44.835, 2158.579, 28.253, 1316.585, 1710.937, 0.000, 1245.342, 0.000, 0.771, 9.498, 0.000, 
329, 4, 0, 331.634, 2200.738, 51.056, 2196.580, 27.622, 1265.680, 1800.787, 0.000, 1249.149, 0.000, 0.791, 8.696, 0.000, 
329, 4, 0, 333.587, 2182.655, 50.525, 2222.199, 28.323, 1321.825, 1746.965, 0.000, 1246.344, 0.000, 1.102, 8.856, 0.000, 
329, 4, 0, 334.208, 2192.634, 37.440, 1756.643, 23.154, 1251.534, 1630.666, 0.000, 1246.705, 0.000, 0.801, 10.019, 0.000, 
329, 4, 0, 370.256, 2204.827, 51.106, 1700.618, 23.825, 1252.976, 2235.684, 0.000, 1272.072, 0.000, 1.042, 9.418, 0.000, 
330, 4, 0, 341.773, 2238.910, 45.676, 2194.357, 27.261, 1324.451, 1753.658, 0.000, 1245.903, 0.000, 0.882, 10.219, 0.000, 
330, 4, 0, 346.361, 2246.575, 52.819, 2099.779, 29.906, 1320.914, 1684.167, 0.000, 1244.500, 0.000, 1.072, 9.417, 0.000, 
330, 4, 0, 336.042, 2231.657, 49.363, 2138.662, 27.953, 1273.866, 1737.828, 0.000, 1243.378, 0.000, 1.202, 8.536, 0.000, 
330, 4, 0, 330.281, 2217.260, 34.645, 2167.666, 27.422, 1269.067, 1778.624, 0.000, 1250.712, 0.000, 1.113, 9.939, 0.000, 
330, 4, 0, 328.709, 2274.026, 47.610, 2157.748, 27.842, 1275.468, 1712.340, 0.000, 1244.380, 0.000, 1.052, 9.698, 0.000, 
330, 4, 0, 345.489, 2182.494, 53.751, 1732.397, 21.581, 1255.702, 1682.524, 0.000, 1248.828, 0.000, 1.092, 8.736, 0.000, 
330, 4, 0, 332.315, 2201.650, 48.782, 1733.490, 28.394, 1258.727, 1655.112, 0.000, 1254.038, 0.000, 1.042, 8.817, 0.000, 
330, 4, 0, 331.754, 2223.010, 51.507, 1731.576, 21.811, 1256.233, 1612.031, 0.000, 1250.913, 0.000, 0.852, 8.696, 0.000, 
330, 4, 0, 331.453, 2234.381, 39.915, 1767.233, 21.460, 1264.167, 1659.721, 0.000, 1252.075, 0.000, 0.702, 9.297, 0.000, 
330, 4, 0, 333.187, 2239.511, 39.313, 2160.703, 27.792, 1314.352, 1719.273, 0.000, 1254.239, 0.000, 0.631, 8.776, 0.000, 
331, 4, 0, 332.044, 2214.164, 33.262, 2181.052, 28.273, 1271.851, 2236.566, 0.000, 1317.277, 0.000, 0.811, 9.658, 0.000, 
331, 4, 0, 358.223, 2387.340, 53.040, 2118.484, 29.305, 1272.363, 1776.060, 0.000, 1251.394, 0.000, 0.641, 9.177, 0.000, 
331, 4, 0, 325.983, 2197.322, 52.128, 2232.989, 27.862, 1328.949, 1801.107, 0.000, 1262.614, 0.000, 1.062, 8.737, 0.000, 
331, 4, 0, 330.702, 2164.480, 49.904, 2225.796, 28.193, 1323.479, 1784.595, 0.000, 1251.955, 0.000, 0.751, 8.897, 0.000, 
331, 4, 0, 333.107, 2201.730, 51.026, 2182.705, 27.521, 1321.054, 1769.848, 0.000, 1250.111, 0.000, 0.872, 10.139, 0.000, 
331, 4, 0, 326.635, 2270.730, 59.682, 2156.996, 28.514, 1279.456, 1731.736, 0.000, 1255.120, 0.000, 0.661, 8.656, 0.000, 
331, 4, 0, 328.587, 2171.063, 33.092, 2191.080, 28.734, 1327.386, 1724.964, 0.000, 1248.107, 0.000, 0.781, 9.859, 0.000, 
331, 4, 0, 337.344, 2234.472, 31.710, 2185.149, 27.712, 1318.008, 1690.378, 0.000, 1251.353, 0.000, 0.661, 9.938, 0.000, 
331, 4, 0, 355.498, 2214.014, 52.148, 1745.152, 22.702, 1259.438, 2244.541, 0.000, 1277.522, 0.000, 1.072, 8.816, 0.000, 
331, 4, 0, 344.167, 2255.230, 46.196, 2171.262, 28.493, 1278.564, 1752.856, 0.000, 1251.794, 0.000, 0.811, 8.776, 0.000, 
332, 4, 0, 332.435, 2217.089, 51.437, 2159.702, 29.505, 1268.305, 1757.064, 0.000, 1259.809, 0.000, 0.652, 9.378, 0.000, 
332, 4, 0, 334.770, 2219.082, 52.719, 2163.468, 28.223, 1333.778, 1705.647, 0.000, 1259.248, 0.000, 0.772, 9.618, 0.000, 
332, 4, 0, 346.882, 2256.794, 42.891, 2303.211, 28.324, 1283.534, 1797.661, 0.000, 1250.151, 0.000, 1.032, 8.696, 0.000, 
332, 4, 0, 338.005, 2189.106, 46.427, 1734.262, 21.701, 1266.141, 1656.715, 0.000, 1259.649, 0.000, 0.772, 9.538, 0.000, 
332, 4, 0, 323.879, 2174.789, 48.942, 2230.805, 29.535, 1328.738, 1672.546, 0.000, 1257.645, 0.000, 0.791, 9.458, 0.000, 
332, 4, 0, 345.369, 2216.539, 52.909, 1744.430, 21.410, 1262.484, 2244.180, 0.000, 1314.512, 0.000, 0.922, 8.697, 0.000, 
332, 4, 0, 336.012, 2238.880, 39.685, 2175.661, 28.533, 1337.615, 1720.836, 0.000, 1255.882, 0.000, 0.521, 9.578, 0.000, 
332, 4, 0, 338.016, 2221.878, 37.200, 2141.287, 30.647, 1326.174, 1736.265, 0.000, 1254.118, 0.000, 1.133, 8.857, 0.000, 
332, 4, 0, 333.808, 2197.722, 41.908, 1773.384, 26.009, 1270.529, 1633.031, 0.000, 1255.642, 0.000, 0.541, 8.736, 0.000, 
332, 4, 0, 333.247, 2180.049, 44.815, 1770.780, 22.663, 1263.847, 2246.945, 0.000, 1320.643, 0.000, 0.771, 8.536, 0.000, 
333, 4, 0, 330.972, 2216.408, 31.259, 2210.517, 29.345, 1285.978, 1786.680, 0.000, 1265.540, 0.000, 0.872, 8.657, 0.000, 
333, 4, 0, 331.063, 2231.846, 39.244, 2183.045, 28.574, 1276.010, 1766.722, 0.000, 1260.490, 0.000, 0.821, 8.657, 0.000, 
333, 4, 0, 334.509, 2181.683, 42.490, 1765.590, 22.463, 1274.166, 2243.338, 0.000, 1323.449, 0.000, 0.912, 8.777, 0.000, 
333, 4, 0, 330.552, 2173.497, 52.329, 2242.898, 27.572, 1324.812, 1772.814, 0.000, 1260.089, 0.000, 1.203, 9.337, 0.000, 
333, 4, 0, 338.046, 2265.781, 42.931, 2313.250, 29.776, 1329.090, 1710.096, 0.000, 1261.452, 0.000, 1.103, 8.817, 0.000, 
333, 4, 0, 331.684, 2252.766, 51.016, 2142.318, 31.369, 1290.056, 1752.937, 0.000, 1259.368, 0.000, 1.002, 10.019, 0.000, 
333, 4, 0, 330.521, 2268.626, 56.336, 2134.704, 32.451, 1289.044, 1716.668, 0.000, 1259.088, 0.000, 0.751, 9.137, 0.000, 
333, 4, 0, 334.358, 2210.778, 53.260, 1741.024, 22.653, 1273.605, 2232.038, 0.000, 1310.464, 0.000, 0.681, 8.777, 0.000, 
333, 4, 0, 336.232, 2235.855, 33.663, 2203.784, 27.823, 1286.449, 1774.858, 0.000, 1279.567, 0.000, 0.641, 8.736, 0.000, 
333, 4, 0, 334.028, 2214.805, 51.507, 2177.084, 32.842, 1277.041, 1744.440, 0.000, 1260.090, 0.000, 0.692, 8.817, 0.000, 
334, 4, 0, 334.349, 2193.455, 43.662, 1778.374, 25.468, 1277.362, 2257.285, 0.000, 1321.165, 0.000, 1.062, 8.857, 0.000, 
334, 4, 0, 336.513, 2200.508, 32.511, 2202.782, 27.963, 1335.311, 1781.069, 0.000, 1257.886, 0.000, 0.451, 9.257, 0.000, 
334, 4, 0, 338.637, 2231.706, 51.186, 2137.359, 31.589, 1278.825, 1759.269, 0.000, 1263.776, 0.000, 0.892, 8.817, 0.000, 
334, 4, 0, 339.598, 2249.911, 46.187, 2325.884, 27.501, 1301.076, 1784.115, 0.000, 1260.489, 0.000, 0.752, 8.856, 0.000, 
334, 4, 0, 339.348, 2268.486, 46.017, 2126.229, 28.263, 1277.743, 1739.832, 0.000, 1267.102, 0.000, 0.601, 8.616, 0.000, 
334, 4, 0, 333.728, 2232.458, 52.028, 2163.609, 27.853, 1267.744, 1743.559, 0.000, 1269.748, 0.000, 0.561, 9.297, 0.000, 
334, 4, 0, 337.324, 2220.796, 47.359, 1763.786, 26.840, 1276.099, 2187.073, 0.000, 1275.399, 0.000, 0.781, 8.736, 0.000, 
334, 4, 0, 337.355, 2253.297, 43.672, 2199.015, 29.506, 1281.640, 1766.041, 0.000, 1263.536, 0.000, 1.112, 8.817, 0.000, 
334, 4, 0, 339.399, 2219.533, 58.671, 1748.729, 22.703, 1277.502, 2263.777, 0.000, 1285.257, 0.000, 0.721, 9.298, 0.000, 
334, 4, 0, 337.104, 2211.008, 33.864, 2208.944, 28.384, 1288.433, 1791.329, 0.000, 1269.547, 0.000, 0.762, 8.937, 0.000, 
335, 4, 0, 330.381, 2271.702, 52.830, 2153.340, 28.935, 1285.467, 1686.852, 0.000, 1262.934, 0.000, 0.972, 9.297, 0.000, 
335, 4, 0, 340.991, 2212.270, 54.202, 1725.785, 23.644, 1280.788, 2263.617, 0.000, 1288.382, 0.000, 0.942, 9.578, 0.000, 
335, 4, 0, 332.535, 2244.982, 47.840, 2200.879, 30.788, 1341.783, 1709.134, 0.000, 1267.744, 0.000, 0.812, 8.656, 0.000, 
335, 4, 0, 337.094, 2215.206, 61.716, 1753.246, 28.433, 1276.520, 2225.946, 0.000, 1330.703, 0.000, 0.911, 8.536, 0.000, 
335, 4, 0, 336.172, 2238.389, 34.184, 2209.244, 30.137, 1339.499, 1729.372, 0.000, 1268.906, 0.000, 1.002, 9.338, 0.000, 
335, 4, 0, 338.566, 2195.780, 58.199, 1749.450, 22.001, 1280.798, 2238.770, 0.000, 1290.026, 0.000, 0.591, 8.737, 0.000, 
335, 4, 0, 339.879, 2214.424, 51.217, 2156.906, 27.521, 1285.517, 1755.862, 0.000, 1267.383, 0.000, 0.872, 8.656, 0.000, 
335, 4, 0, 346.221, 2226.357, 57.077, 1740.924, 22.051, 1276.230, 2241.735, 0.000, 1331.424, 0.000, 1.092, 8.817, 0.000, 
335, 4, 0, 334.939, 2243.790, 56.777, 2177.465, 28.814, 1283.794, 1731.777, 0.000, 1275.759, 0.000, 0.681, 9.137, 0.000, 
335, 4, 0, 331.854, 2277.974, 44.053, 2140.305, 28.353, 1270.299, 1757.064, 0.000, 1266.863, 0.000, 0.852, 8.817, 0.000, 
336, 4, 0, 340.260, 2248.718, 47.069, 2141.938, 28.243, 1299.193, 1695.788, 0.000, 1273.835, 0.000, 0.992, 9.457, 0.000, 
336, 4, 0, 339.809, 2200.078, 47.659, 1716.668, 21.030, 1275.679, 2235.604, 0.000, 1331.784, 0.000, 1.152, 8.977, 0.000, 
336, 4, 0, 338.306, 2225.726, 53.931, 2166.213, 28.133, 1342.385, 1722.439, 0.000, 1271.832, 0.000, 0.992, 8.816, 0.000, 
336, 4, 0, 340.720, 2215.225, 55.515, 1757.736, 22.252, 1280.037, 1655.914, 0.000, 1269.628, 0.000, 0.781, 9.097, 0.000, 
336, 4, 0, 337.605, 2237.227, 36.137, 1719.984, 22.362, 1279.726, 2268.546, 0.000, 1333.547, 0.000, 0.852, 9.337, 0.000, 
336, 4, 0, 388.952, 2402.488, 43.111, 1914.590, 23.474, 1280.468, 2248.108, 0.000, 1299.323, 0.000, 0.872, 8.856, 0.000, 
336, 4, 0, 330.191, 2168.638, 49.062, 2274.898, 28.984, 1288.102, 1788.243, 0.000, 1272.913, 0.000, 1.232, 8.696, 0.000, 
336, 4, 0, 333.998, 2261.793, 51.246, 2182.073, 28.323, 1282.611, 1767.563, 0.000, 1274.036, 0.000, 0.902, 9.458, 0.000, 
336, 4, 0, 331.533, 2231.697, 52.569, 2186.351, 28.644, 1284.276, 1759.108, 0.000, 1273.355, 0.000, 0.661, 8.857, 0.000, 
336, 4, 0, 348.335, 2290.998, 58.770, 2275.719, 28.053, 1301.027, 1790.006, 0.000, 1270.469, 0.000, 1.032, 8.897, 0.000, 
337, 4, 0, 341.281, 2254.018, 57.328, 1746.986, 21.550, 1285.176, 2228.510, 0.000, 1299.644, 0.000, 0.942, 9.578, 0.000, 
337, 4, 0, 352.253, 2258.347, 31.710, 2129.775, 29.685, 1290.817, 1749.689, 0.000, 1277.242, 0.000, 0.882, 9.658, 0.000, 
337, 4, 0, 350.008, 2231.787, 45.405, 2306.247, 28.513, 1285.918, 1783.594, 0.000, 1274.397, 0.000, 1.051, 8.896, 0.000, 
337, 4, 0, 345.610, 2356.010, 40.696, 2248.719, 29.475, 1350.570, 1713.823, 0.000, 1276.320, 0.000, 1.172, 8.856, 0.000, 
337, 4, 0, 351.331, 2257.134, 50.956, 2301.849, 31.910, 1294.875, 1750.091, 0.000, 1277.042, 0.000, 1.152, 8.656, 0.000, 
337, 4, 0, 350.008, 2261.673, 47.078, 2305.886, 28.824, 1299.233, 1762.835, 0.000, 1269.347, 0.000, 1.032, 9.298, 0.000, 
337, 4, 0, 364.706, 2259.629, 52.579, 2290.217, 29.946, 1293.763, 1749.450, 0.000, 1279.166, 0.000, 1.202, 9.218, 0.000, 
337, 4, 0, 384.092, 2363.925, 61.816, 2205.297, 28.844, 1299.283, 2238.008, 0.000, 1340.280, 0.000, 1.022, 8.817, 0.000, 
337, 4, 0, 357.252, 2235.173, 33.633, 2132.160, 29.054, 1299.744, 1728.290, 0.000, 1275.278, 0.000, 0.641, 8.415, 0.000, 
337, 4, 0, 361.880, 2257.264, 54.532, 2273.815, 31.258, 1344.588, 1735.704, 0.000, 1276.761, 0.000, 1.143, 9.258, 0.000, 
338, 4, 0, 366.399, 2279.186, 47.259, 2260.351, 31.529, 1305.195, 1769.567, 0.000, 1286.379, 0.000, 0.511, 8.656, 0.000, 
338, 4, 0, 371.549, 2270.860, 32.161, 2253.127, 32.251, 1360.088, 1690.939, 0.000, 1276.841, 0.000, 1.042, 8.976, 0.000, 
338, 4, 0, 371.489, 2247.837, 54.292, 2291.479, 29.316, 1309.343, 1733.179, 0.000, 1272.473, 0.000, 0.912, 8.737, 0.000, 
338, 4, 0, 362.932, 2266.492, 54.843, 2307.529, 30.678, 1352.804, 1697.071, 0.000, 1275.999, 0.000, 0.641, 8.536, 0.000, 
338, 4, 0, 372.600, 2205.577, 34.936, 2245.363, 28.423, 1304.633, 1726.727, 0.000, 1279.085, 0.000, 0.821, 8.656, 0.000, 
338, 4, 0, 349.087, 2259.509, 52.218, 2290.086, 29.606, 1307.299, 1729.933, 0.000, 1281.570, 0.000, 0.742, 9.458, 0.000, 
338, 4, 0, 364.105, 2211.869, 53.039, 2305.024, 28.934, 1298.982, 1774.938, 0.000, 1281.890, 0.000, 0.661, 9.298, 0.000, 
338, 4, 0, 357.562, 2285.608, 45.435, 2266.602, 28.744, 1309.462, 1762.755, 0.000, 1278.364, 0.000, 1.042, 8.696, 0.000, 
338, 4, 0, 345.800, 2229.913, 37.931, 2257.304, 31.589, 1351.862, 1735.785, 0.000, 1278.364, 0.000, 0.862, 8.777, 0.000, 
338, 4, 0, 356.100, 2208.243, 51.487, 2307.169, 28.884, 1289.565, 1805.635, 0.000, 1279.926, 0.000, 1.052, 9.417, 0.000, 
339, 4, 0, 361.630, 2248.628, 57.498, 2274.367, 29.255, 1308.070, 1781.230, 0.000, 1286.139, 0.000, 0.792, 8.817, 0.000, 
339, 4, 0, 349.547, 2302.039, 58.721, 2232.078, 28.994, 1351.561, 1686.010, 0.000, 1284.936, 0.000, 0.852, 9.337, 0.000, 
339, 4, 0, 362.492, 2231.937, 52.198, 2287.130, 30.127, 1310.164, 1723.320, 0.000, 1280.487, 0.000, 0.892, 9.258, 0.000, 
339, 4, 0, 363.814, 2272.594, 33.733, 2253.618, 28.974, 1305.905, 1767.965, 0.000, 1282.572, 0.000, 1.102, 8.697, 0.000, 
339, 4, 0, 370.907, 2293.532, 34.485, 2255.782, 27.582, 1303.842, 1687.052, 0.000, 1283.935, 0.000, 0.751, 8.897, 0.000, 
339, 4, 0, 368.152, 2287.432, 49.603, 2225.045, 29.646, 1307.799, 1701.560, 0.000, 1276.921, 0.000, 1.042, 9.137, 0.000, 
339, 4, 0, 368.693, 2250.432, 46.358, 2239.852, 28.424, 1362.042, 1685.930, 0.000, 1278.083, 0.000, 0.752, 9.338, 0.000, 
339, 4, 0, 375.857, 2276.040, 34.896, 2195.970, 27.832, 1310.654, 1688.896, 0.000, 1284.776, 0.000, 0.511, 8.777, 0.000, 
339, 4, 0, 372.440, 2271.812, 50.294, 2209.545, 28.874, 1359.176, 1684.768, 0.000, 1282.211, 0.000, 0.581, 9.338, 0.000, 
339, 4, 0, 378.081, 2285.658, 52.509, 2204.215, 28.504, 1296.809, 1730.053, 0.000, 1281.931, 0.000, 0.922, 8.977, 0.000, 
340, 4, 0, 371.900, 2338.036, 57.458, 2217.730, 28.674, 1355.499, 1676.032, 0.000, 1288.142, 0.000, 0.871, 8.736, 0.000, 
340, 4, 0, 362.402, 2297.039, 39.665, 2253.147, 29.986, 1317.818, 1690.378, 0.000, 1290.307, 0.000, 0.691, 9.297, 0.000, 
340, 4, 0, 371.779, 2302.009, 56.726, 2226.056, 27.983, 1320.393, 1680.600, 0.000, 1286.539, 0.000, 0.982, 9.097, 0.000, 
340, 4, 0, 376.949, 2282.282, 51.296, 2219.183, 28.795, 1307.189, 1642.048, 0.000, 1287.582, 0.000, 0.751, 8.736, 0.000, 
340, 4, 0, 367.762, 2276.872, 51.476, 2221.978, 27.602, 1310.825, 1689.176, 0.000, 1290.466, 0.000, 0.761, 9.258, 0.000, 
340, 4, 0, 358.664, 2261.543, 35.948, 2252.436, 29.826, 1362.281, 1659.641, 0.000, 1282.812, 0.000, 0.902, 8.616, 0.000, 
340, 4, 0, 362.241, 2355.930, 40.987, 2172.756, 28.805, 1306.327, 1680.841, 0.000, 1286.820, 0.000, 0.771, 8.416, 0.000, 
340, 4, 0, 362.632, 2282.913, 48.632, 2228.441, 27.902, 1303.922, 1737.708, 0.000, 1284.415, 0.000, 0.812, 9.057, 0.000, 
340, 4, 0, 368.042, 2297.641, 41.498, 2237.418, 28.403, 1298.041, 1735.023, 0.000, 1291.428, 0.000, 1.072, 9.298, 0.000, 
340, 4, 0, 361.039, 2309.052, 47.480, 2240.373, 28.784, 1357.252, 1690.378, 0.000, 1286.139, 0.000, 1.012, 8.656, 0.000, 
341, 4, 0, 363.083, 2271.271, 48.080, 2238.048, 28.674, 1298.311, 1706.810, 0.000, 1289.185, 0.000, 0.731, 9.899, 0.000, 
341, 4, 0, 354.376, 2244.641, 31.619, 2262.414, 28.454, 1303.572, 1730.614, 0.000, 1292.070, 0.000, 1.012, 9.257, 0.000, 
341, 4, 0, 347.734, 2206.309, 35.908, 1709.555, 23.083, 1297.269, 2209.275, 0.000, 1350.059, 0.000, 0.781, 8.816, 0.000, 
341, 4, 0, 351.451, 2254.039, 54.312, 2319.772, 27.622, 1318.189, 1726.566, 0.000, 1291.028, 0.000, 0.992, 8.616, 0.000, 
341, 4, 0, 346.061, 2274.006, 37.521, 2258.978, 29.245, 1366.449, 1700.598, 0.000, 1291.749, 0.000, 0.791, 8.737, 0.000, 
341, 4, 0, 347.293, 2256.473, 32.160, 2276.270, 30.127, 1367.712, 1783.314, 0.000, 1285.297, 0.000, 1.052, 8.737, 0.000, 
341, 4, 0, 343.185, 2243.359, 53.701, 2326.715, 28.643, 1303.471, 1773.615, 0.000, 1291.148, 0.000, 0.822, 9.538, 0.000, 
341, 4, 0, 343.636, 2213.092, 51.096, 2319.312, 28.323, 1313.139, 1781.109, 0.000, 1287.020, 0.000, 1.001, 9.738, 0.000, 
341, 4, 0, 374.244, 2363.435, 37.891, 2074.461, 28.333, 1314.041, 1693.625, 0.000, 1289.385, 0.000, 1.103, 8.616, 0.000, 
341, 4, 0, 334.609, 2211.819, 44.573, 1729.161, 22.673, 1297.660, 2175.331, 0.000, 1350.259, 0.000, 0.982, 8.897, 0.000, 
342, 4, 0, 340.410, 2269.157, 46.618, 2159.381, 28.814, 1312.699, 2269.668, 0.000, 1361.681, 0.000, 0.922, 9.418, 0.000, 
342, 4, 0, 353.004, 2266.332, 39.855, 2093.597, 23.354, 1304.523, 2282.411, 0.000, 1355.709, 0.000, 0.672, 9.298, 0.000, 
342, 4, 0, 357.813, 2283.404, 42.891, 2056.367, 28.524, 1310.394, 1676.994, 0.000, 1295.276, 0.000, 0.911, 8.856, 0.000, 
342, 4, 0, 348.265, 2162.015, 44.183, 1747.236, 22.162, 1300.856, 2121.950, 0.000, 1309.502, 0.000, 0.802, 8.857, 0.000, 
342, 4, 0, 360.338, 2244.891, 43.341, 2105.108, 28.874, 1313.921, 1717.630, 0.000, 1298.041, 0.000, 0.712, 9.779, 0.000, 
342, 4, 0, 373.171, 2281.890, 41.868, 2194.476, 30.538, 1320.874, 1676.072, 0.000, 1289.185, 0.000, 0.812, 8.657, 0.000, 
342, 4, 0, 373.152, 2312.739, 40.196, 2190.419, 28.313, 1314.702, 2271.472, 0.000, 1354.307, 0.000, 0.952, 9.578, 0.000, 
342, 4, 0, 376.638, 2322.608, 57.298, 2049.804, 28.344, 1305.936, 2169.680, 0.000, 1296.198, 0.000, 1.423, 8.777, 0.000, 
342, 4, 0, 369.946, 2326.685, 52.198, 2234.873, 29.846, 1319.251, 2252.877, 0.000, 1314.471, 0.000, 0.872, 9.338, 0.000, 
342, 4, 0, 362.802, 2243.850, 53.420, 2115.308, 29.245, 1312.728, 2275.599, 0.000, 1314.272, 0.000, 1.232, 9.257, 0.000, 
343, 4, 0, 347.384, 2373.153, 48.732, 2091.272, 29.826, 1320.533, 2020.840, 0.000, 1304.373, 0.000, 0.861, 8.456, 0.000, 
343, 4, 0, 359.115, 2272.493, 46.948, 2306.928, 28.293, 1319.832, 1707.530, 0.000, 1298.963, 0.000, 1.132, 8.896, 0.000, 
343, 4, 0, 363.514, 2282.893, 52.248, 2232.087, 29.486, 1324.010, 1702.362, 0.000, 1297.921, 0.000, 0.902, 8.697, 0.000, 
343, 4, 0, 363.103, 2384.323, 40.696, 2183.506, 30.007, 1312.068, 2248.949, 0.000, 1315.233, 0.000, 1.332, 8.576, 0.000, 
343, 4, 0, 385.665, 2292.812, 57.518, 2033.063, 23.074, 1309.693, 2279.646, 0.000, 1361.400, 0.000, 0.911, 8.937, 0.000, 
343, 4, 0, 376.007, 2319.282, 54.663, 2235.193, 28.594, 1322.036, 1689.136, 0.000, 1293.512, 0.000, 0.992, 9.658, 0.000, 
343, 4, 0, 368.142, 2351.462, 36.058, 2189.878, 28.974, 1321.254, 2276.441, 0.000, 1355.670, 0.000, 1.162, 8.656, 0.000, 
343, 4, 0, 370.436, 2361.751, 57.759, 2234.001, 28.153, 1322.957, 2262.695, 0.000, 1316.997, 0.000, 1.072, 8.817, 0.000, 
343, 4, 0, 373.934, 2346.442, 44.244, 1994.240, 23.414, 1308.640, 2215.486, 0.000, 1364.847, 0.000, 0.902, 8.696, 0.000, 
343, 4, 0, 370.227, 2332.967, 54.703, 2221.207, 28.203, 1320.112, 2292.671, 0.000, 1355.709, 0.000, 0.411, 9.418, 0.000, 
344, 4, 0, 372.129, 2287.101, 43.172, 2280.278, 29.245, 1367.282, 2255.001, 0.000, 1356.511, 0.000, 0.441, 8.977, 0.000, 
344, 4, 0, 377.861, 2342.545, 48.170, 2189.998, 28.213, 1334.309, 2173.687, 0.000, 1309.222, 0.000, 0.772, 9.217, 0.000, 
344, 4, 0, 383.561, 2363.495, 60.384, 2156.586, 27.752, 1310.314, 2246.585, 0.000, 1315.234, 0.000, 1.403, 9.418, 0.000, 
344, 4, 0, 372.060, 2323.679, 52.318, 2231.316, 28.694, 1321.745, 2238.008, 0.000, 1368.855, 0.000, 0.912, 8.817, 0.000, 
344, 4, 0, 371.890, 2271.241, 40.516, 2208.032, 28.203, 1313.911, 2288.623, 0.000, 1305.655, 0.000, 0.762, 9.057, 0.000, 
344, 4, 0, 386.486, 2313.331, 53.500, 2243.148, 29.255, 1375.417, 2210.918, 0.000, 1364.727, 0.000, 0.902, 8.657, 0.000, 
344, 4, 0, 388.220, 2300.426, 37.932, 2185.540, 28.374, 1312.288, 2261.532, 0.000, 1366.210, 0.000, 0.922, 9.218, 0.000, 
344, 4, 0, 384.934, 2298.963, 53.621, 2223.791, 27.201, 1317.968, 1686.491, 0.000, 1303.772, 0.000, 0.922, 9.177, 0.000, 
344, 4, 0, 381.818, 2340.811, 58.510, 2059.413, 22.302, 1313.881, 2288.664, 0.000, 1362.001, 0.000, 0.671, 9.458, 0.000, 
344, 4, 0, 372.150, 2359.808, 35.276, 2200.268, 29.185, 1322.978, 2174.008, 0.000, 1311.707, 0.000, 1.313, 8.976, 0.000, 
345, 4, 0, 457.079, 2610.890, 65.283, 2337.906, 31.729, 1390.394, 2279.366, 0.000, 1393.380, 0.000, 0.912, 9.618, 0.000, 
345, 4, 0, 431.582, 2422.756, 48.471, 1773.074, 23.334, 1316.266, 2163.108, 0.000, 1306.257, 0.000, 1.172, 8.817, 0.000, 
345, 4, 0, 375.296, 2322.497, 51.908, 2262.645, 27.612, 1354.858, 1698.955, 0.000, 1299.964, 0.000, 0.982, 8.816, 0.000, 
345, 4, 0, 377.370, 2386.157, 47.940, 2122.672, 29.125, 1324.361, 2265.340, 0.000, 1369.094, 0.000, 0.912, 9.297, 0.000, 
345, 4, 0, 377.500, 2336.414, 59.612, 2028.214, 23.343, 1315.103, 2219.012, 0.000, 1303.050, 0.000, 1.553, 9.658, 0.000, 
345, 4, 0, 378.552, 2290.978, 33.022, 2235.524, 28.674, 1315.975, 1689.056, 0.000, 1305.575, 0.000, 0.891, 9.057, 0.000, 
345, 4, 0, 443.053, 2462.150, 64.872, 1833.157, 24.075, 1315.995, 2065.244, 0.000, 1310.906, 0.000, 1.072, 8.656, 0.000, 
345, 4, 0, 363.483, 2245.964, 43.812, 2291.719, 28.233, 1333.617, 1733.339, 0.000, 1305.815, 0.000, 0.671, 8.736, 0.000, 
345, 4, 0, 372.941, 2320.915, 46.718, 2206.469, 30.077, 1318.299, 2261.613, 0.000, 1309.663, 0.000, 1.192, 9.618, 0.000, 
345, 4, 0, 379.754, 2280.378, 36.488, 2227.208, 28.934, 1325.843, 1723.521, 0.000, 1300.366, 0.000, 0.912, 8.656, 0.000, 
346, 4, 0, 393.540, 2308.542, 58.139, 2170.291, 29.606, 1325.293, 2271.913, 0.000, 1370.697, 0.000, 1.042, 9.378, 0.000, 
346, 4, 0, 406.574, 2352.674, 35.176, 2112.713, 28.664, 1321.756, 2272.073, 0.000, 1374.585, 0.000, 0.972, 9.258, 0.000, 
346, 4, 0, 393.740, 2333.248, 61.025, 2182.474, 28.073, 1333.568, 2278.564, 0.000, 1317.598, 0.000, 1.021, 8.737, 0.000, 
346, 4, 0, 397.247, 2355.309, 52.539, 1964.033, 22.562, 1313.580, 2166.033, 0.000, 1310.705, 0.000, 1.122, 8.536, 0.000, 
346, 4, 0, 399.121, 2372.100, 42.670, 2142.910, 27.782, 1328.448, 2265.660, 0.000, 1375.587, 0.000, 0.892, 9.017, 0.000, 
346, 4, 0, 400.663, 2398.350, 35.997, 2123.833, 22.402, 1320.803, 2167.917, 0.000, 1318.920, 0.000, 1.092, 8.857, 0.000, 
346, 4, 0, 406.344, 2394.854, 49.463, 2088.307, 26.200, 1321.836, 2177.415, 0.000, 1318.800, 0.000, 1.002, 8.577, 0.000, 
346, 4, 0, 387.649, 2378.433, 52.368, 2165.131, 29.486, 1328.659, 2229.473, 0.000, 1304.092, 0.000, 0.861, 8.777, 0.000, 
346, 4, 0, 392.608, 2321.495, 39.905, 2224.563, 29.245, 1328.288, 2196.731, 0.000, 1315.473, 0.000, 0.972, 9.017, 0.000, 
346, 4, 0, 432.463, 2541.610, 64.772, 1860.228, 23.615, 1316.265, 2126.559, 0.000, 1308.741, 0.000, 0.791, 8.936, 0.000, 
347, 4, 0, 375.456, 2339.349, 53.080, 2246.083, 30.227, 1332.856, 2237.969, 0.000, 1325.572, 0.000, 0.952, 9.498, 0.000, 
347, 4, 0, 394.923, 2385.405, 55.865, 2145.164, 28.674, 1332.937, 2214.084, 0.000, 1313.390, 0.000, 0.861, 8.697, 0.000, 
347, 4, 0, 390.163, 2333.518, 52.700, 2190.059, 27.662, 1326.695, 2270.509, 0.000, 1324.530, 0.000, 0.861, 8.817, 0.000, 
347, 4, 0, 392.348, 2350.380, 58.861, 2192.754, 29.586, 1326.374, 2239.932, 0.000, 1321.766, 0.000, 1.032, 9.258, 0.000, 
347, 4, 0, 390.254, 2319.201, 54.753, 2191.562, 28.684, 1340.641, 2265.460, 0.000, 1324.330, 0.000, 1.212, 8.816, 0.000, 
347, 4, 0, 377.370, 2356.431, 55.604, 2200.438, 27.883, 1340.641, 2262.214, 0.000, 1324.250, 0.000, 0.892, 9.177, 0.000, 
347, 4, 0, 383.671, 2315.284, 51.627, 2205.948, 26.990, 1320.954, 2312.790, 0.000, 1327.777, 0.000, 0.811, 8.776, 0.000, 
347, 4, 0, 381.388, 2344.318, 50.775, 1983.770, 21.781, 1315.264, 2236.246, 0.000, 1328.458, 0.000, 0.882, 8.777, 0.000, 
347, 4, 0, 380.045, 2346.422, 34.154, 2218.031, 28.474, 1327.807, 2274.958, 0.000, 1379.995, 0.000, 1.022, 8.656, 0.000, 
347, 4, 0, 397.667, 2345.170, 43.532, 2133.752, 28.814, 1337.085, 2278.485, 0.000, 1310.504, 0.000, 0.761, 8.657, 0.000, 
348, 4, 0, 384.413, 2338.368, 43.101, 2018.145, 24.105, 1323.940, 2195.208, 0.000, 1316.756, 0.000, 1.042, 8.857, 0.000, 
348, 4, 0, 387.168, 2420.151, 48.451, 2107.793, 30.738, 1338.176, 1837.615, 0.000, 1319.923, 0.000, 1.032, 8.736, 0.000, 
348, 4, 0, 407.807, 2309.453, 41.028, 2111.491, 23.484, 1323.138, 2228.911, 0.000, 1328.818, 0.000, 0.942, 8.576, 0.000, 
348, 4, 0, 370.787, 2301.117, 52.368, 2267.524, 28.423, 1344.188, 2286.259, 0.000, 1383.882, 0.000, 0.782, 9.537, 0.000, 
348, 4, 0, 383.692, 2347.725, 50.575, 2221.628, 29.205, 1332.926, 2227.828, 0.000, 1310.705, 0.000, 0.862, 8.777, 0.000, 
348, 4, 0, 384.623, 2355.019, 50.195, 2164.580, 29.135, 1332.335, 2212.521, 0.000, 1325.893, 0.000, 1.122, 9.457, 0.000, 
348, 4, 0, 390.805, 2320.834, 55.474, 2189.326, 27.020, 1332.676, 2244.060, 0.000, 1328.498, 0.000, 0.671, 9.338, 0.000, 
348, 4, 0, 390.685, 2285.528, 50.034, 2259.329, 27.973, 1339.669, 2282.933, 0.000, 1382.279, 0.000, 0.942, 8.816, 0.000, 
348, 4, 0, 403.008, 2299.695, 51.977, 2179.939, 28.063, 1339.118, 2246.744, 0.000, 1327.937, 0.000, 1.122, 8.536, 0.000, 
348, 4, 0, 406.124, 2350.700, 43.272, 2112.743, 22.833, 1326.876, 2246.905, 0.000, 1330.622, 0.000, 0.821, 9.337, 0.000, 
349, 4, 0, 400.383, 2353.165, 40.116, 2139.594, 23.725, 1333.938, 2236.085, 0.000, 1329.220, 0.000, 0.952, 8.696, 0.000, 
349, 4, 0, 411.504, 2386.387, 56.206, 2154.772, 28.994, 1329.680, 2190.239, 0.000, 1320.323, 0.000, 1.021, 8.576, 0.000, 
349, 4, 0, 409.190, 2394.252, 47.419, 2132.711, 29.255, 1337.856, 2216.448, 0.000, 1326.695, 0.000, 1.423, 8.776, 0.000, 
349, 4, 0, 395.393, 2250.102, 35.116, 2244.981, 24.987, 1326.153, 2324.572, 0.000, 1336.152, 0.000, 1.312, 9.057, 0.000, 
349, 4, 0, 382.389, 2336.223, 52.218, 2196.901, 29.135, 1344.649, 2304.372, 0.000, 1387.128, 0.000, 0.821, 8.697, 0.000, 
349, 4, 0, 372.400, 2354.909, 34.485, 2245.352, 28.974, 1333.187, 2285.778, 0.000, 1379.674, 0.000, 0.772, 9.939, 0.000, 
349, 4, 0, 376.679, 2344.769, 55.194, 2220.656, 27.362, 1343.957, 2281.130, 0.000, 1385.285, 0.000, 0.932, 9.538, 0.000, 
349, 4, 0, 373.843, 2309.593, 32.561, 2244.681, 28.083, 1332.636, 2286.820, 0.000, 1385.045, 0.000, 0.942, 8.937, 0.000, 
349, 4, 0, 382.309, 2301.668, 34.305, 2241.967, 27.902, 1336.403, 2281.851, 0.000, 1383.402, 0.000, 0.952, 9.457, 0.000, 
349, 4, 0, 382.970, 2296.459, 51.968, 2276.741, 28.073, 1347.584, 2291.308, 0.000, 1324.210, 0.000, 0.952, 9.658, 0.000, 
350, 4, 0, 383.582, 2308.320, 51.737, 2280.047, 27.833, 1347.685, 2293.793, 0.000, 1390.414, 0.000, 0.912, 9.258, 0.000, 
350, 4, 0, 386.947, 2302.871, 34.945, 2252.445, 28.523, 1329.239, 2311.387, 0.000, 1394.703, 0.000, 0.571, 9.097, 0.000, 
350, 4, 0, 376.378, 2229.052, 45.385, 2120.217, 22.743, 1332.947, 2271.872, 0.000, 1336.313, 0.000, 0.631, 8.777, 0.000, 
350, 4, 0, 384.042, 2216.328, 48.872, 2327.396, 26.931, 1404.993, 1701.640, 0.000, 1328.138, 0.000, 0.782, 8.817, 0.000, 
350, 4, 0, 388.080, 2237.908, 51.888, 2213.052, 28.484, 1348.686, 1730.052, 0.000, 1327.457, 0.000, 0.772, 9.217, 0.000, 
350, 4, 0, 382.500, 2280.168, 51.627, 2188.756, 22.182, 1327.236, 1705.447, 0.000, 1323.849, 0.000, 0.541, 8.696, 0.000, 
350, 4, 0, 375.516, 2336.384, 40.937, 2168.167, 28.624, 1337.856, 2296.839, 0.000, 1385.805, 0.000, 0.792, 8.617, 0.000, 
350, 4, 0, 382.630, 2320.514, 33.854, 2255.201, 28.093, 1346.502, 1701.159, 0.000, 1324.290, 0.000, 0.992, 8.697, 0.000, 
350, 4, 0, 382.209, 2330.132, 34.215, 2155.474, 22.542, 1334.950, 2262.815, 0.000, 1340.520, 0.000, 0.801, 9.338, 0.000, 
350, 4, 0, 378.932, 2282.823, 34.705, 2260.471, 28.323, 1342.114, 2303.451, 0.000, 1337.956, 0.000, 0.892, 8.817, 0.000, 
351, 4, 0, 375.496, 2349.127, 38.222, 2241.294, 28.865, 1349.408, 2300.326, 0.000, 1328.539, 0.000, 1.012, 8.897, 0.000, 
351, 4, 0, 389.553, 2306.758, 32.361, 2259.519, 28.013, 1354.948, 2292.191, 0.000, 1392.498, 0.000, 0.801, 9.177, 0.000, 
351, 4, 0, 368.433, 2289.585, 33.263, 2255.832, 27.662, 1336.884, 2327.096, 0.000, 1340.682, 0.000, 1.022, 8.856, 0.000, 
351, 4, 0, 377.119, 2365.088, 50.324, 2229.993, 28.092, 1342.424, 2235.845, 0.000, 1343.727, 0.000, 2.835, 8.856, 0.000, 
351, 4, 0, 353.515, 2338.368, 57.438, 2313.601, 27.772, 1340.500, 2313.028, 0.000, 1328.859, 0.000, 1.052, 9.658, 0.000, 
351, 4, 0, 374.183, 2421.804, 52.689, 2257.374, 28.333, 1345.440, 2283.854, 0.000, 1395.384, 0.000, 0.952, 8.816, 0.000, 
351, 4, 0, 356.931, 2324.612, 31.349, 2251.123, 27.812, 1347.794, 1717.911, 0.000, 1326.695, 0.000, 0.801, 8.697, 0.000, 
351, 4, 0, 363.032, 2302.650, 54.232, 2231.396, 28.033, 1336.844, 1704.405, 0.000, 1328.859, 0.000, 1.032, 9.538, 0.000, 
351, 4, 0, 364.676, 2331.103, 50.846, 2209.175, 24.175, 1338.276, 2326.295, 0.000, 1339.439, 0.000, 1.012, 8.536, 0.000, 
351, 4, 0, 403.839, 2615.989, 48.982, 1933.636, 26.470, 1357.112, 2252.475, 0.000, 1330.782, 0.000, 0.912, 8.777, 0.000, 
352, 4, 0, 362.892, 2357.664, 35.837, 2264.097, 29.295, 1352.213, 2314.633, 0.000, 1335.551, 0.000, 1.002, 9.097, 0.000, 
352, 4, 0, 361.470, 2324.691, 36.438, 2283.924, 29.556, 1348.116, 1720.796, 0.000, 1338.517, 0.000, 0.902, 8.616, 0.000, 
352, 4, 0, 370.055, 2401.496, 35.697, 2159.190, 28.474, 1346.843, 2251.113, 0.000, 1342.926, 0.000, 1.152, 9.057, 0.000, 
352, 4, 0, 361.740, 2293.784, 49.964, 2137.389, 25.858, 1346.391, 2218.612, 0.000, 1346.572, 0.000, 1.353, 9.338, 0.000, 
352, 4, 0, 374.765, 2355.680, 34.595, 2261.572, 28.734, 1349.617, 2310.585, 0.000, 1332.626, 0.000, 0.772, 8.896, 0.000, 
352, 4, 0, 371.138, 2327.046, 35.246, 2076.765, 25.188, 1343.206, 2217.971, 0.000, 1333.788, 0.000, 1.382, 8.777, 0.000, 
352, 4, 0, 374.525, 2361.711, 45.897, 2248.108, 28.964, 1361.911, 2249.390, 0.000, 1342.725, 0.000, 1.283, 9.377, 0.000, 
352, 4, 0, 372.029, 2409.181, 57.929, 2228.240, 22.503, 1339.289, 2226.386, 0.000, 1340.921, 0.000, 0.681, 8.776, 0.000, 
352, 4, 0, 374.103, 2277.302, 31.499, 2263.487, 27.672, 1352.022, 2328.979, 0.000, 1345.691, 0.000, 1.173, 9.217, 0.000, 
352, 4, 0, 371.448, 2343.788, 34.234, 2256.423, 29.726, 1341.913, 2302.409, 0.000, 1331.864, 0.000, 0.902, 8.616, 0.000, 
353, 4, 0, 369.444, 2358.215, 54.803, 2267.955, 28.624, 1356.952, 2278.365, 0.000, 1358.876, 0.000, 0.812, 8.656, 0.000, 
353, 4, 0, 371.469, 2439.287, 36.649, 2169.730, 22.332, 1343.647, 2284.736, 0.000, 1346.091, 0.000, 1.112, 8.657, 0.000, 
353, 4, 0, 406.865, 2531.331, 51.667, 2063.640, 29.936, 1357.423, 2159.942, 0.000, 1347.493, 0.000, 0.882, 8.576, 0.000, 
353, 4, 0, 374.033, 2329.981, 31.920, 2278.325, 28.383, 1362.512, 2330.222, 0.000, 1400.674, 0.000, 0.942, 9.297, 0.000, 
353, 4, 0, 372.761, 2358.656, 46.347, 2250.522, 29.396, 1345.480, 2256.644, 0.000, 1353.986, 0.000, 0.811, 8.697, 0.000, 
353, 4, 0, 373.733, 2349.117, 54.052, 2246.244, 28.374, 1347.685, 2256.403, 0.000, 1345.570, 0.000, 0.801, 9.458, 0.000, 
353, 4, 0, 402.678, 2370.367, 50.736, 2219.775, 28.153, 1343.546, 2265.821, 0.000, 1334.189, 0.000, 0.781, 9.137, 0.000, 
353, 4, 0, 376.508, 2359.227, 47.730, 2256.042, 28.413, 1359.526, 2274.156, 0.000, 1349.257, 0.000, 0.872, 8.897, 0.000, 
353, 4, 0, 365.578, 2358.064, 47.660, 2252.306, 23.333, 1347.754, 2292.351, 0.000, 1349.778, 0.000, 0.811, 8.496, 0.000, 
353, 4, 0, 368.453, 2391.647, 46.929, 2255.292, 28.734, 1354.918, 2227.950, 0.000, 1345.290, 0.000, 0.801, 9.377, 0.000, 
354, 4, 0, 367.240, 2337.926, 32.612, 2277.403, 28.694, 1352.273, 2312.628, 0.000, 1340.321, 0.000, 0.822, 8.736, 0.000, 
354, 4, 0, 368.953, 2390.215, 56.757, 2264.498, 28.593, 1367.421, 2240.413, 0.000, 1345.891, 0.000, 0.892, 9.298, 0.000, 
354, 4, 0, 368.172, 2362.192, 52.008, 2263.066, 28.063, 1360.368, 2269.548, 0.000, 1354.868, 0.000, 1.062, 8.776, 0.000, 
354, 4, 0, 362.502, 2430.029, 59.131, 2266.672, 28.664, 1360.959, 2235.364, 0.000, 1341.603, 0.000, 0.571, 8.656, 0.000, 
354, 4, 0, 369.395, 2334.079, 52.639, 2266.872, 28.614, 1346.112, 2246.144, 0.000, 1343.166, 0.000, 0.551, 8.817, 0.000, 
354, 4, 0, 377.270, 2333.779, 50.305, 2237.928, 29.014, 1370.367, 2255.682, 0.000, 1346.572, 0.000, 0.771, 9.538, 0.000, 
354, 4, 0, 379.674, 2345.881, 33.442, 2175.591, 28.553, 1366.008, 2349.057, 0.000, 1346.532, 0.000, 0.922, 8.697, 0.000, 
354, 4, 0, 378.803, 2386.307, 52.579, 2247.076, 27.712, 1347.955, 2276.119, 0.000, 1348.977, 0.000, 0.811, 8.817, 0.000, 
354, 4, 0, 368.924, 2320.393, 46.788, 2265.581, 28.714, 1349.838, 2303.372, 0.000, 1398.671, 0.000, 0.891, 9.097, 0.000, 
354, 4, 0, 371.659, 2437.564, 45.385, 2180.199, 23.204, 1352.593, 2200.578, 0.000, 1350.620, 0.000, 0.962, 9.458, 0.000, 
355, 4, 0, 371.288, 2427.966, 37.491, 2188.045, 29.135, 1365.618, 2272.273, 0.000, 1343.607, 0.000, 0.792, 9.297, 0.000, 
355, 4, 0, 379.053, 2374.636, 36.659, 2198.544, 29.555, 1362.682, 2238.970, 0.000, 1361.560, 0.000, 1.122, 9.699, 0.000, 
355, 4, 0, 397.868, 2380.677, 38.352, 2204.125, 27.953, 1353.475, 2255.762, 0.000, 1353.866, 0.000, 0.932, 8.697, 0.000, 
355, 4, 0, 371.098, 2437.714, 34.765, 2184.328, 23.334, 1350.439, 2283.854, 0.000, 1353.986, 0.000, 0.842, 9.297, 0.000, 
355, 4, 0, 371.849, 2385.827, 42.339, 2217.901, 31.459, 1352.153, 2276.601, 0.000, 1356.230, 0.000, 0.792, 8.576, 0.000, 
355, 4, 0, 368.003, 2335.361, 49.032, 2283.834, 29.556, 1361.150, 2233.039, 0.000, 1338.196, 0.000, 0.892, 8.736, 0.000, 
355, 4, 0, 376.619, 2356.040, 33.463, 2200.378, 23.414, 1352.023, 2246.103, 0.000, 1348.175, 0.000, 0.872, 8.696, 0.000, 
355, 4, 0, 364.926, 2373.082, 49.693, 2271.081, 28.814, 1362.642, 2268.345, 0.000, 1353.626, 0.000, 0.882, 8.937, 0.000, 
355, 4, 0, 371.128, 2321.706, 33.984, 2301.097, 29.435, 1358.895, 2292.150, 0.000, 1355.389, 0.000, 0.942, 9.338, 0.000, 
355, 4, 0, 360.257, 2364.146, 39.224, 2288.975, 28.674, 1347.564, 2263.897, 0.000, 1339.039, 0.000, 0.971, 9.057, 0.000, 
356, 4, 0, 365.617, 2298.211, 32.922, 2299.605, 29.575, 1365.558, 2257.646, 0.000, 1363.844, 0.000, 0.871, 9.418, 0.000, 
356, 4, 0, 367.090, 2353.987, 38.743, 2226.086, 23.595, 1362.442, 2292.271, 0.000, 1359.316, 0.000, 0.661, 9.017, 0.000, 
356, 4, 0, 362.202, 2371.128, 57.037, 2270.419, 28.904, 1362.963, 2284.656, 0.000, 1351.701, 0.000, 0.792, 8.817, 0.000, 
356, 4, 0, 355.899, 2381.879, 55.264, 2270.861, 27.451, 1359.166, 1713.062, 0.000, 1347.815, 0.000, 1.253, 9.217, 0.000, 
356, 4, 0, 371.188, 2225.425, 50.645, 2275.268, 24.155, 1358.725, 1733.019, 0.000, 1345.570, 0.000, 1.032, 9.658, 0.000, 
356, 4, 0, 361.801, 2237.488, 50.875, 2271.712, 23.304, 1354.256, 2300.245, 0.000, 1355.990, 0.000, 0.802, 9.017, 0.000, 
356, 4, 0, 366.469, 2361.321, 45.625, 2281.610, 29.054, 1351.962, 2299.203, 0.000, 1356.150, 0.000, 0.691, 9.418, 0.000, 
356, 4, 0, 369.345, 2464.404, 36.699, 2212.651, 27.703, 1357.984, 2257.404, 0.000, 1356.270, 0.000, 0.741, 9.258, 0.000, 
356, 4, 0, 369.234, 2386.348, 50.415, 2232.198, 27.401, 1355.038, 2260.130, 0.000, 1343.005, 0.000, 0.982, 8.857, 0.000, 
356, 4, 0, 362.612, 2283.023, 50.285, 2339.620, 29.325, 1377.160, 2242.778, 0.000, 1355.189, 0.000, 0.692, 8.857, 0.000, 
357, 4, 0, 368.593, 2356.632, 49.894, 2125.467, 24.266, 1359.787, 2213.563, 0.000, 1357.152, 0.000, 0.772, 8.657, 0.000, 
357, 4, 0, 355.889, 2341.413, 56.296, 2272.083, 29.135, 1366.931, 2270.710, 0.000, 1358.555, 0.000, 1.062, 9.298, 0.000, 
357, 4, 0, 366.850, 2293.132, 48.301, 2289.876, 28.523, 1372.731, 2300.726, 0.000, 1345.450, 0.000, 0.711, 8.776, 0.000, 
357, 4, 0, 364.005, 2343.768, 45.165, 2246.975, 29.325, 1371.429, 2193.325, 0.000, 1354.868, 0.000, 1.042, 8.857, 0.000, 
357, 4, 0, 364.295, 2233.950, 32.491, 2311.877, 28.553, 1371.068, 1734.341, 0.000, 1347.453, 0.000, 0.732, 8.817, 0.000, 
357, 4, 0, 362.422, 2345.480, 50.414, 2151.816, 22.853, 1358.545, 2247.426, 0.000, 1361.881, 0.000, 1.032, 9.979, 0.000, 
357, 4, 0, 363.343, 2396.948, 37.370, 2219.494, 29.034, 1361.971, 2268.185, 0.000, 1345.490, 0.000, 0.581, 8.817, 0.000, 
357, 4, 0, 370.046, 2334.099, 50.765, 2239.851, 28.103, 1365.908, 2243.658, 0.000, 1355.188, 0.000, 0.972, 9.017, 0.000, 
357, 4, 0, 363.363, 2346.423, 46.588, 2253.227, 22.291, 1366.279, 2281.089, 0.000, 1356.191, 0.000, 0.561, 9.257, 0.000, 
357, 4, 0, 370.597, 2284.246, 53.080, 2268.897, 29.095, 1365.348, 2349.779, 0.000, 1420.511, 0.000, 1.092, 9.377, 0.000, 
358, 4, 0, 379.544, 2312.839, 34.394, 2223.721, 28.373, 1368.603, 2208.312, 0.000, 1352.824, 0.000, 0.772, 8.656, 0.000, 
358, 4, 0, 363.533, 2261.052, 32.612, 2313.180, 28.283, 1381.568, 2333.348, 0.000, 1418.868, 0.000, 0.792, 8.657, 0.000, 
358, 4, 0, 368.854, 2349.288, 46.878, 2248.197, 22.873, 1359.316, 2294.515, 0.000, 1367.972, 0.000, 0.992, 8.737, 0.000, 
358, 4, 0, 378.502, 2296.508, 38.403, 2217.781, 28.524, 1367.281, 2324.210, 0.000, 1372.181, 0.000, 0.681, 8.657, 0.000, 
358, 4, 0, 370.447, 2307.118, 50.424, 2290.517, 29.776, 1360.358, 2313.110, 0.000, 1365.127, 0.000, 0.691, 8.857, 0.000, 
358, 4, 0, 379.434, 2395.625, 50.906, 2189.838, 29.616, 1370.998, 2221.096, 0.000, 1368.253, 0.000, 0.741, 8.817, 0.000, 
358, 4, 0, 377.851, 2331.645, 41.327, 2235.634, 22.172, 1356.451, 2184.187, 0.000, 1361.721, 0.000, 0.651, 9.778, 0.000, 
358, 4, 0, 377.119, 2427.826, 55.885, 2151.005, 31.018, 1368.253, 2178.817, 0.000, 1363.605, 0.000, 1.302, 9.538, 0.000, 
358, 4, 0, 376.839, 2357.283, 52.509, 2187.443, 22.141, 1361.059, 2201.259, 0.000, 1354.988, 0.000, 0.642, 8.696, 0.000, 
358, 4, 0, 381.617, 2390.966, 53.781, 2200.969, 28.333, 1376.228, 2192.724, 0.000, 1365.087, 0.000, 1.142, 9.418, 0.000, 
359, 4, 0, 376.418, 2431.833, 45.035, 2139.123, 24.436, 1363.815, 2237.527, 0.000, 1371.539, 0.000, 0.631, 8.937, 0.000, 
359, 4, 0, 367.642, 2327.096, 51.787, 2262.594, 28.383, 1375.186, 2261.132, 0.000, 1367.411, 0.000, 0.782, 9.217, 0.000, 
359, 4, 0, 368.744, 2377.962, 49.753, 2204.816, 28.714, 1371.589, 2167.436, 0.000, 1352.824, 0.000, 0.641, 9.458, 0.000, 
359, 4, 0, 377.981, 2362.352, 51.036, 2191.782, 24.085, 1365.598, 2186.471, 0.000, 1366.770, 0.000, 0.671, 9.258, 0.000, 
359, 4, 0, 388.330, 2397.729, 36.208, 2117.162, 27.762, 1367.592, 2186.632, 0.000, 1370.297, 0.000, 0.761, 8.857, 0.000, 
359, 4, 0, 401.806, 2392.299, 38.392, 2125.066, 22.302, 1368.464, 2237.688, 0.000, 1353.906, 0.000, 1.082, 9.298, 0.000, 
359, 4, 0, 384.713, 2405.062, 51.978, 2184.007, 23.495, 1362.683, 2206.709, 0.000, 1359.396, 0.000, 0.922, 9.298, 0.000, 
359, 4, 0, 387.609, 2375.728, 40.597, 2203.043, 23.224, 1364.346, 2213.762, 0.000, 1368.413, 0.000, 1.343, 8.777, 0.000, 
359, 4, 0, 396.315, 2365.599, 50.946, 2172.435, 23.374, 1369.204, 2194.126, 0.000, 1360.278, 0.000, 0.892, 9.458, 0.000, 
359, 4, 0, 366.149, 2434.518, 62.898, 2188.635, 29.385, 1371.058, 2188.596, 0.000, 1358.394, 0.000, 0.982, 9.378, 0.000, 
360, 4, 0, 380.345, 2435.951, 41.388, 2146.436, 29.625, 1375.616, 2179.538, 0.000, 1366.329, 0.000, 1.173, 8.697, 0.000, 
360, 4, 0, 393.660, 2381.549, 53.761, 2177.514, 24.456, 1371.208, 2175.731, 0.000, 1361.320, 0.000, 0.791, 9.177, 0.000, 
360, 4, 0, 388.591, 2402.388, 49.683, 2147.679, 23.805, 1369.525, 2132.370, 0.000, 1364.646, 0.000, 0.842, 8.936, 0.000, 
360, 4, 0, 382.810, 2365.398, 49.002, 2201.730, 22.773, 1375.277, 2187.274, 0.000, 1361.440, 0.000, 1.163, 9.258, 0.000, 
360, 4, 0, 391.476, 2397.629, 35.476, 2167.987, 28.463, 1375.005, 2131.489, 0.000, 1361.720, 0.000, 0.792, 9.257, 0.000, 
360, 4, 0, 375.587, 2452.772, 47.109, 2147.028, 22.863, 1368.573, 2217.209, 0.000, 1369.014, 0.000, 1.062, 8.656, 0.000, 
360, 4, 0, 371.749, 2349.779, 50.655, 2214.364, 22.953, 1369.455, 2261.012, 0.000, 1372.581, 0.000, 0.781, 8.697, 0.000, 
360, 4, 0, 371.178, 2337.706, 33.984, 2209.945, 22.151, 1372.912, 2222.338, 0.000, 1365.007, 0.000, 1.242, 8.697, 0.000, 
360, 4, 0, 369.505, 2269.047, 48.341, 2274.227, 28.313, 1381.137, 2355.790, 0.000, 1364.726, 0.000, 0.821, 8.616, 0.000, 
360, 4, 0, 370.416, 2286.851, 50.314, 2323.028, 29.416, 1370.748, 2346.372, 0.000, 1378.231, 0.000, 1.012, 8.456, 0.000, 
361, 4, 0, 383.911, 2324.210, 50.014, 2269.187, 27.512, 1389.573, 2317.718, 0.000, 1364.246, 0.000, 0.861, 9.698, 0.000, 
361, 4, 0, 380.646, 2429.679, 44.874, 2132.720, 22.692, 1381.898, 2192.644, 0.000, 1365.487, 0.000, 1.092, 9.297, 0.000, 
361, 4, 0, 369.916, 2405.053, 52.338, 2203.263, 22.863, 1376.579, 2163.308, 0.000, 1368.814, 0.000, 1.032, 8.816, 0.000, 
361, 4, 0, 381.818, 2410.252, 56.797, 2184.117, 28.874, 1384.954, 2233.760, 0.000, 1367.972, 0.000, 1.172, 8.696, 0.000, 
361, 4, 0, 413.207, 2411.285, 35.847, 2166.744, 22.742, 1377.520, 2203.664, 0.000, 1366.690, 0.000, 0.791, 8.736, 0.000, 
361, 4, 0, 396.406, 2468.722, 56.587, 2106.211, 28.454, 1383.021, 2163.428, 0.000, 1361.200, 0.000, 0.761, 8.897, 0.000, 
361, 4, 0, 389.062, 2405.604, 33.663, 2159.491, 23.254, 1382.309, 2197.893, 0.000, 1371.659, 0.000, 1.022, 9.338, 0.000, 
361, 4, 0, 389.873, 2323.429, 55.434, 2224.143, 24.255, 1372.391, 2247.867, 0.000, 1371.900, 0.000, 1.282, 9.458, 0.000, 
361, 4, 0, 388.671, 2336.103, 49.573, 2222.480, 22.502, 1372.401, 2189.358, 0.000, 1363.764, 0.000, 0.531, 9.217, 0.000, 
361, 4, 0, 375.296, 2277.283, 43.582, 2273.075, 28.173, 1384.423, 2218.451, 0.000, 1391.577, 0.000, 0.561, 9.177, 0.000, 
362, 4, 0, 408.077, 2442.583, 58.009, 1987.868, 24.386, 1378.693, 2096.222, 0.000, 1373.623, 0.000, 0.692, 9.297, 0.000, 
362, 4, 0, 365.528, 2317.508, 45.966, 2289.706, 29.485, 1389.703, 2230.194, 0.000, 1369.896, 0.000, 1.042, 9.338, 0.000, 
362, 4, 0, 391.015, 2389.634, 35.066, 2188.556, 28.765, 1383.332, 2209.114, 0.000, 1369.616, 0.000, 1.383, 8.656, 0.000, 
362, 4, 0, 382.970, 2362.272, 35.066, 2143.772, 28.664, 1382.199, 2293.073, 0.000, 1379.635, 0.000, 0.801, 9.538, 0.000, 
362, 4, 0, 366.549, 2393.541, 51.137, 2207.111, 22.763, 1371.680, 2259.248, 0.000, 1373.503, 0.000, 1.213, 9.418, 0.000, 
362, 4, 0, 360.027, 2370.939, 51.116, 2235.354, 28.253, 1378.091, 2186.592, 0.000, 1372.982, 0.000, 1.092, 8.696, 0.000, 
362, 4, 0, 366.549, 2365.879, 51.306, 2184.097, 24.636, 1374.895, 2225.905, 0.000, 1375.427, 0.000, 0.802, 8.776, 0.000, 
362, 4, 0, 368.813, 2407.127, 45.966, 2175.050, 21.631, 1384.023, 2277.241, 0.000, 1377.711, 0.000, 1.042, 8.656, 0.000, 
362, 4, 0, 368.754, 2393.761, 52.729, 2187.604, 23.294, 1379.634, 2244.782, 0.000, 1378.352, 0.000, 0.662, 9.337, 0.000, 
362, 4, 0, 362.732, 2367.122, 51.947, 2223.501, 28.023, 1378.202, 2269.227, 0.000, 1373.463, 0.000, 0.781, 9.298, 0.000, 
363, 4, 0, 373.422, 2428.196, 50.134, 2190.358, 28.734, 1391.356, 2173.928, 0.000, 1366.931, 0.000, 0.992, 8.696, 0.000, 
363, 4, 0, 357.011, 2428.838, 60.564, 2218.562, 23.124, 1374.926, 2234.962, 0.000, 1375.908, 0.000, 0.792, 8.937, 0.000, 
363, 4, 0, 381.748, 2406.536, 39.103, 2169.189, 23.314, 1384.073, 2238.810, 0.000, 1374.104, 0.000, 1.022, 9.017, 0.000, 
363, 4, 0, 453.583, 2643.862, 55.604, 2427.645, 29.666, 1403.890, 2310.064, 0.000, 1383.922, 0.000, 0.671, 8.496, 0.000, 
363, 4, 0, 361.831, 2401.906, 50.154, 2233.129, 22.793, 1378.773, 2222.419, 0.000, 1375.546, 0.000, 0.701, 8.857, 0.000, 
363, 4, 0, 365.237, 2377.230, 37.842, 2250.803, 23.555, 1381.207, 2201.420, 0.000, 1379.514, 0.000, 0.711, 8.816, 0.000, 
363, 4, 0, 383.391, 2382.791, 48.361, 2189.006, 23.164, 1379.785, 2227.869, 0.000, 1370.978, 0.000, 0.832, 8.656, 0.000, 
363, 4, 0, 365.477, 2351.812, 45.605, 2183.255, 21.942, 1382.470, 2189.357, 0.000, 1379.314, 0.000, 0.862, 8.697, 0.000, 
363, 4, 0, 369.725, 2388.912, 48.200, 2192.623, 22.342, 1383.482, 2225.425, 0.000, 1375.787, 0.000, 1.052, 8.736, 0.000, 
363, 4, 0, 375.606, 2283.213, 42.820, 2238.890, 28.995, 1391.757, 2314.473, 0.000, 1382.440, 0.000, 1.423, 9.778, 0.000, 
364, 4, 0, 390.334, 2386.257, 54.553, 2217.310, 23.675, 1390.084, 2185.829, 0.000, 1377.270, 0.000, 1.062, 8.816, 0.000, 
364, 4, 0, 379.644, 2362.763, 50.344, 2211.438, 22.943, 1386.888, 2141.667, 0.000, 1385.966, 0.000, 1.402, 8.576, 0.000, 
364, 4, 0, 389.622, 2422.846, 53.271, 2135.516, 24.215, 1385.806, 2223.661, 0.000, 1380.556, 0.000, 1.282, 9.417, 0.000, 
364, 4, 0, 404.260, 2433.747, 55.174, 2099.338, 29.766, 1392.999, 2211.038, 0.000, 1377.871, 0.000, 1.162, 8.777, 0.000, 
364, 4, 0, 400.152, 2389.483, 51.717, 2135.957, 24.476, 1383.401, 2170.762, 0.000, 1375.867, 0.000, 1.313, 8.777, 0.000, 
364, 4, 0, 380.586, 2387.259, 33.704, 2160.002, 29.515, 1393.821, 2179.699, 0.000, 1371.539, 0.000, 1.072, 9.418, 0.000, 
364, 4, 0, 376.288, 2400.494, 37.431, 2156.064, 22.472, 1383.221, 2124.074, 0.000, 1384.323, 0.000, 1.042, 9.297, 0.000, 
364, 4, 0, 400.293, 2496.084, 39.645, 2058.932, 23.514, 1388.531, 2127.761, 0.000, 1375.787, 0.000, 1.002, 9.217, 0.000, 
364, 4, 0, 418.367, 2516.583, 60.163, 2017.714, 24.487, 1383.141, 2095.741, 0.000, 1382.400, 0.000, 1.112, 9.257, 0.000, 
364, 4, 0, 397.146, 2425.440, 47.299, 2091.723, 21.922, 1385.856, 2092.335, 0.000, 1383.161, 0.000, 0.891, 10.420, 0.000, 
365, 4, 0, 383.461, 2374.275, 50.776, 2230.074, 29.005, 1392.128, 2121.308, 0.000, 1384.123, 0.000, 0.671, 9.178, 0.000, 
365, 4, 0, 383.621, 2354.528, 33.062, 2184.849, 27.722, 1397.358, 2171.845, 0.000, 1380.916, 0.000, 1.022, 8.617, 0.000, 
365, 4, 0, 380.987, 2345.891, 36.379, 2187.514, 23.554, 1391.617, 2175.290, 0.000, 1386.167, 0.000, 0.892, 8.817, 0.000, 
365, 4, 0, 368.252, 2372.982, 33.944, 2195.649, 24.476, 1385.255, 2200.698, 0.000, 1383.121, 0.000, 1.182, 9.218, 0.000, 
365, 4, 0, 362.332, 2323.689, 47.229, 2234.893, 22.332, 1391.276, 2238.289, 0.000, 1397.308, 0.000, 0.962, 9.137, 0.000, 
365, 4, 0, 370.036, 2353.375, 33.933, 2182.243, 23.283, 1392.528, 2239.611, 0.000, 1382.159, 0.000, 1.042, 8.536, 0.000, 
365, 4, 0, 367.872, 2345.351, 49.643, 2220.986, 27.612, 1400.354, 2225.184, 0.000, 1384.483, 0.000, 0.781, 8.656, 0.000, 
365, 4, 0, 364.806, 2369.004, 46.347, 2205.607, 23.374, 1391.547, 2198.535, 0.000, 1396.306, 0.000, 1.032, 8.696, 0.000, 
365, 4, 0, 364.355, 2368.764, 51.066, 2224.002, 23.043, 1386.607, 2293.392, 0.000, 1383.482, 0.000, 1.022, 9.338, 0.000, 
365, 4, 0, 367.181, 2344.509, 51.868, 2239.461, 28.764, 1403.048, 2236.406, 0.000, 1375.066, 0.000, 2.014, 8.857, 0.000, 
366, 4, 0, 365.628, 2411.434, 47.700, 2204.596, 29.616, 1403.740, 2233.759, 0.000, 1385.726, 0.000, 0.961, 8.697, 0.000, 
366, 4, 0, 370.236, 2380.607, 31.599, 2190.148, 23.113, 1393.249, 2249.269, 0.000, 1390.976, 0.000, 1.092, 9.778, 0.000, 
366, 4, 0, 369.596, 2386.998, 34.775, 2186.110, 22.362, 1395.574, 2244.701, 0.000, 1386.006, 0.000, 1.022, 8.656, 0.000, 
366, 4, 0, 370.547, 2381.057, 33.704, 2179.098, 23.585, 1393.561, 2248.989, 0.000, 1384.203, 0.000, 1.012, 8.816, 0.000, 
366, 4, 0, 391.666, 2448.575, 59.883, 2130.967, 24.476, 1397.598, 2149.002, 0.000, 1391.336, 0.000, 0.862, 9.258, 0.000, 
366, 4, 0, 376.918, 2408.789, 42.049, 2183.205, 22.813, 1386.878, 2214.444, 0.000, 1398.309, 0.000, 1.052, 8.897, 0.000, 
366, 4, 0, 377.320, 2352.744, 39.233, 2205.086, 29.245, 1394.723, 2170.602, 0.000, 1383.321, 0.000, 1.052, 9.097, 0.000, 
366, 4, 0, 374.334, 2361.841, 34.235, 2197.943, 23.504, 1395.263, 2180.421, 0.000, 1385.766, 0.000, 1.253, 9.698, 0.000, 
366, 4, 0, 378.432, 2361.621, 39.374, 2199.907, 22.963, 1400.754, 2204.425, 0.000, 1384.123, 0.000, 0.902, 9.097, 0.000, 
366, 4, 0, 390.925, 2389.394, 48.010, 2176.884, 22.763, 1391.066, 2143.991, 0.000, 1388.972, 0.000, 0.931, 9.138, 0.000, 
367, 4, 0, 433.765, 2322.989, 62.878, 2017.995, 23.644, 1400.764, 2197.211, 0.000, 1384.684, 0.000, 1.052, 9.298, 0.000, 
367, 4, 0, 383.481, 2313.270, 37.751, 2290.216, 28.494, 1410.132, 2210.477, 0.000, 1391.257, 0.000, 1.062, 9.217, 0.000, 
367, 4, 0, 362.331, 2300.336, 51.227, 2267.454, 22.041, 1395.965, 2308.221, 0.000, 1398.510, 0.000, 1.162, 8.656, 0.000, 
367, 4, 0, 362.532, 2366.761, 50.194, 2225.264, 22.593, 1405.754, 2278.204, 0.000, 1391.376, 0.000, 0.751, 9.698, 0.000, 
367, 4, 0, 376.307, 2428.768, 48.822, 2198.554, 23.945, 1401.796, 2213.121, 0.000, 1389.012, 0.000, 0.922, 9.498, 0.000, 
367, 4, 0, 376.959, 2340.331, 36.328, 2207.471, 22.913, 1397.878, 2272.394, 0.000, 1395.864, 0.000, 0.932, 9.258, 0.000, 
367, 4, 0, 382.329, 2392.068, 47.339, 2185.770, 24.326, 1397.849, 2221.898, 0.000, 1392.298, 0.000, 0.921, 8.776, 0.000, 
367, 4, 0, 383.151, 2350.139, 42.050, 2190.139, 24.216, 1394.232, 2256.363, 0.000, 1392.619, 0.000, 0.911, 8.696, 0.000, 
367, 4, 0, 374.204, 2401.886, 55.735, 2197.262, 22.752, 1393.330, 2177.936, 0.000, 1387.289, 0.000, 0.972, 9.337, 0.000, 
367, 4, 0, 385.655, 2411.354, 54.262, 2168.428, 28.083, 1395.945, 2164.951, 0.000, 1389.173, 0.000, 0.812, 8.656, 0.000, 
368, 4, 0, 391.927, 2392.279, 56.947, 2124.365, 23.424, 1399.873, 2193.323, 0.000, 1395.424, 0.000, 0.792, 8.617, 0.000, 
368, 4, 0, 390.054, 2360.649, 40.116, 2110.579, 25.047, 1394.342, 2226.868, 0.000, 1395.263, 0.000, 1.262, 8.336, 0.000, 
368, 4, 0, 366.439, 2397.248, 36.258, 2213.413, 23.504, 1394.021, 2194.487, 0.000, 1393.260, 0.000, 1.022, 8.737, 0.000, 
368, 4, 0, 373.062, 2382.400, 46.858, 2182.785, 23.023, 1400.904, 2169.480, 0.000, 1392.097, 0.000, 1.042, 9.177, 0.000, 
368, 4, 0, 375.676, 2390.696, 49.443, 2194.366, 31.950, 1403.039, 2162.426, 0.000, 1396.226, 0.000, 1.263, 8.857, 0.000, 
368, 4, 0, 390.424, 2380.677, 54.172, 2189.317, 23.545, 1402.939, 2143.351, 0.000, 1388.571, 0.000, 0.892, 9.578, 0.000, 
368, 4, 0, 371.780, 2361.030, 43.381, 2219.093, 24.817, 1400.754, 2158.860, 0.000, 1390.655, 0.000, 0.782, 9.297, 0.000, 
368, 4, 0, 378.963, 2384.995, 50.996, 2146.516, 24.866, 1401.605, 2157.777, 0.000, 1394.583, 0.000, 0.551, 8.777, 0.000, 
368, 4, 0, 373.894, 2287.522, 52.889, 2251.624, 23.354, 1399.852, 2268.025, 0.000, 1393.621, 0.000, 0.882, 8.376, 0.000, 
368, 4, 0, 400.563, 2401.986, 58.369, 2130.806, 22.542, 1398.379, 2103.356, 0.000, 1391.456, 0.000, 1.072, 9.137, 0.000, 
369, 4, 0, 401.274, 2320.694, 55.304, 2158.139, 28.564, 1402.067, 2203.302, 0.000, 1396.867, 0.000, 1.462, 9.017, 0.000, 
369, 4, 0, 398.068, 2301.268, 53.601, 2188.095, 23.544, 1405.653, 2285.297, 0.000, 1397.548, 0.000, 1.152, 9.858, 0.000, 
369, 4, 0, 394.001, 2358.485, 48.842, 2207.672, 23.895, 1402.006, 2177.414, 0.000, 1394.022, 0.000, 0.891, 8.696, 0.000, 
369, 4, 0, 423.667, 2490.293, 45.225, 1997.557, 27.351, 1407.466, 2058.591, 0.000, 1394.903, 0.000, 1.062, 8.856, 0.000, 
369, 4, 0, 415.842, 2473.391, 49.323, 2014.729, 23.945, 1406.264, 1993.389, 0.000, 1396.547, 0.000, 0.771, 9.057, 0.000, 
369, 4, 0, 416.734, 2422.245, 44.494, 2021.322, 23.684, 1402.046, 2122.752, 0.000, 1388.972, 0.000, 1.022, 9.297, 0.000, 
369, 4, 0, 401.645, 2471.929, 65.223, 2065.764, 25.047, 1408.238, 2104.157, 0.000, 1399.151, 0.000, 0.862, 9.137, 0.000, 
369, 4, 0, 387.148, 2430.280, 36.168, 2106.982, 23.184, 1402.898, 2116.941, 0.000, 1390.054, 0.000, 1.052, 8.857, 0.000, 
369, 4, 0, 387.007, 2418.077, 35.206, 2125.437, 22.863, 1397.097, 2130.927, 0.000, 1389.973, 0.000, 1.022, 9.418, 0.000, 
369, 4, 0, 386.647, 2414.911, 55.254, 2151.416, 28.704, 1412.536, 2109.887, 0.000, 1389.653, 0.000, 1.272, 9.257, 0.000, 
370, 4, 0, 406.765, 2414.029, 42.190, 2128.914, 24.957, 1401.175, 2225.304, 0.000, 1431.973, 0.000, 0.581, 8.817, 0.000, 
370, 4, 0, 509.177, 3131.809, 74.721, 2089.279, 36.629, 1429.128, 1925.301, 0.000, 1399.151, 0.000, 1.072, 9.818, 0.000, 
370, 4, 0, 453.393, 2500.823, 48.021, 2443.285, 28.794, 1407.136, 2205.748, 0.000, 1393.541, 0.000, 1.022, 8.817, 0.000, 
370, 4, 0, 403.359, 2426.092, 46.618, 2116.460, 30.277, 1406.966, 2068.248, 0.000, 1399.672, 0.000, 0.871, 10.099, 0.000, 
370, 4, 0, 412.115, 2458.684, 56.186, 2057.710, 23.544, 1409.741, 2078.469, 0.000, 1398.429, 0.000, 0.921, 9.699, 0.000, 
370, 4, 0, 414.429, 2422.455, 61.065, 2058.110, 23.244, 1405.884, 2058.431, 0.000, 1401.836, 0.000, 0.972, 9.097, 0.000, 
370, 4, 0, 413.648, 2439.598, 56.546, 2044.244, 24.657, 1422.225, 2061.676, 0.000, 1396.866, 0.000, 0.792, 9.097, 0.000, 
370, 4, 0, 437.933, 2532.662, 45.054, 1917.125, 24.175, 1406.224, 2057.348, 0.000, 1398.550, 0.000, 0.782, 8.656, 0.000, 
370, 4, 0, 380.806, 2485.784, 40.496, 2137.419, 22.563, 1410.994, 2169.240, 0.000, 1394.222, 0.000, 0.892, 9.217, 0.000, 
370, 4, 0, 381.307, 2358.495, 44.244, 2200.839, 24.716, 1412.716, 2220.856, 0.000, 1395.905, 0.000, 0.901, 8.816, 0.000, 
371, 4, 0, 385.725, 2351.312, 55.514, 2196.460, 24.276, 1408.038, 2196.851, 0.000, 1399.672, 0.000, 0.882, 9.177, 0.000, 
371, 4, 0, 395.664, 2397.749, 37.260, 2133.271, 24.416, 1422.445, 2163.428, 0.000, 1399.833, 0.000, 0.782, 9.298, 0.000, 
371, 4, 0, 406.865, 2446.391, 40.737, 2020.570, 22.652, 1412.165, 2126.559, 0.000, 1401.877, 0.000, 0.822, 9.097, 0.000, 
371, 4, 0, 403.289, 2473.271, 41.097, 2027.853, 23.273, 1416.493, 2058.672, 0.000, 1400.153, 0.000, 0.792, 8.536, 0.000, 
371, 4, 0, 402.496, 2429.007, 57.769, 2069.542, 24.256, 1409.982, 2071.095, 0.000, 1398.911, 0.000, 0.591, 9.618, 0.000, 
371, 4, 0, 373.252, 2400.233, 45.105, 2105.900, 22.753, 1416.213, 2114.657, 0.000, 1402.477, 0.000, 1.062, 8.736, 0.000, 
371, 4, 0, 365.597, 2438.174, 55.665, 2184.708, 23.685, 1409.611, 2165.151, 0.000, 1407.768, 0.000, 0.822, 9.257, 0.000, 
371, 4, 0, 391.025, 2463.773, 61.055, 2093.777, 23.585, 1410.353, 2062.479, 0.000, 1396.626, 0.000, 0.671, 9.137, 0.000, 
371, 4, 0, 371.810, 2442.513, 55.925, 2094.058, 24.426, 1418.247, 2089.770, 0.000, 1406.324, 0.000, 1.122, 8.696, 0.000, 
371, 4, 0, 367.331, 2451.711, 53.360, 2097.253, 25.008, 1427.846, 1782.833, 0.000, 1402.478, 0.000, 1.052, 9.218, 0.000, 
372, 4, 0, 388.099, 2347.325, 39.764, 2115.207, 23.124, 1412.677, 2223.260, 0.000, 1404.762, 0.000, 1.032, 9.578, 0.000, 
372, 4, 0, 362.041, 2387.189, 53.330, 2283.755, 23.153, 1414.139, 2182.825, 0.000, 1410.332, 0.000, 0.571, 9.177, 0.000, 
372, 4, 0, 395.785, 2432.564, 43.662, 2115.168, 23.835, 1418.317, 2118.664, 0.000, 1405.524, 0.000, 1.012, 8.936, 0.000, 
372, 4, 0, 386.076, 2381.709, 43.732, 2116.370, 24.235, 1417.245, 2161.424, 0.000, 1413.137, 0.000, 0.822, 8.816, 0.000, 
372, 4, 0, 376.769, 2409.461, 57.027, 2181.091, 23.094, 1419.720, 2074.140, 0.000, 1404.441, 0.000, 1.383, 9.498, 0.000, 
372, 4, 0, 395.273, 2413.588, 53.140, 2081.414, 23.744, 1413.217, 2162.747, 0.000, 1407.206, 0.000, 1.062, 9.618, 0.000, 
372, 4, 0, 385.244, 2395.926, 52.538, 2115.588, 24.476, 1423.918, 2145.834, 0.000, 1405.843, 0.000, 0.691, 9.497, 0.000, 
372, 4, 0, 392.598, 2457.852, 60.514, 2008.677, 23.885, 1413.708, 2067.247, 0.000, 1402.317, 0.000, 1.072, 9.217, 0.000, 
372, 4, 0, 420.531, 2464.755, 53.410, 2008.958, 24.065, 1413.498, 2035.467, 0.000, 1402.517, 0.000, 0.942, 9.698, 0.000, 
372, 4, 0, 398.640, 2429.308, 62.177, 2087.225, 23.525, 1416.394, 2153.289, 0.000, 1420.431, 0.000, 0.962, 9.338, 0.000, 
373, 4, 0, 415.211, 2341.624, 53.921, 2113.073, 24.416, 1412.556, 2173.087, 0.000, 1412.496, 0.000, 1.082, 8.736, 0.000, 
373, 4, 0, 438.004, 2442.112, 57.248, 1964.094, 23.053, 1414.630, 2169.600, 0.000, 1409.811, 0.000, 1.102, 8.697, 0.000, 
373, 4, 0, 376.097, 2294.986, 46.617, 2294.665, 24.626, 1420.271, 2228.230, 0.000, 1411.414, 0.000, 1.263, 8.416, 0.000, 
373, 4, 0, 395.654, 2351.161, 61.265, 2197.131, 23.665, 1424.690, 2095.701, 0.000, 1409.050, 0.000, 0.982, 9.538, 0.000, 
373, 4, 0, 402.396, 2283.053, 53.510, 2230.154, 24.275, 1420.641, 2240.814, 0.000, 1405.644, 0.000, 0.781, 9.297, 0.000, 
373, 4, 0, 412.325, 2351.602, 53.801, 2161.965, 22.883, 1423.998, 2092.655, 0.000, 1412.096, 0.000, 1.002, 9.778, 0.000, 
373, 4, 0, 410.402, 2346.022, 56.416, 2106.641, 23.665, 1427.314, 2160.702, 0.000, 1408.288, 0.000, 1.011, 9.338, 0.000, 
373, 4, 0, 393.610, 2316.597, 48.210, 2231.746, 30.527, 1427.414, 2211.438, 0.000, 1409.731, 0.000, 0.781, 8.776, 0.000, 
373, 4, 0, 388.731, 2319.351, 51.096, 2226.306, 23.134, 1421.544, 2208.914, 0.000, 1409.691, 0.000, 1.102, 8.576, 0.000, 
373, 4, 0, 398.439, 2291.249, 55.003, 2233.570, 22.913, 1420.782, 2239.331, 0.000, 1407.687, 0.000, 1.113, 9.017, 0.000, 
374, 4, 0, 405.172, 2379.385, 46.578, 2155.894, 28.243, 1422.155, 2110.889, 0.000, 1416.704, 0.000, 1.142, 8.936, 0.000, 
374, 4, 0, 400.833, 2337.816, 54.132, 2126.399, 24.216, 1422.795, 2170.842, 0.000, 1414.059, 0.000, 1.222, 9.337, 0.000, 
374, 4, 0, 403.439, 2351.552, 50.645, 2134.784, 23.284, 1417.606, 2197.653, 0.000, 1410.132, 0.000, 0.872, 9.618, 0.000, 
374, 4, 0, 408.047, 2377.511, 57.549, 2105.891, 23.764, 1426.332, 2173.968, 0.000, 1415.422, 0.000, 0.812, 8.937, 0.000, 
374, 4, 0, 407.587, 2344.659, 58.060, 2110.038, 23.485, 1423.497, 2216.007, 0.000, 1414.139, 0.000, 1.142, 9.097, 0.000, 
374, 4, 0, 404.140, 2356.902, 52.248, 2099.969, 24.386, 1421.123, 2203.904, 0.000, 1415.622, 0.000, 0.671, 9.298, 0.000, 
374, 4, 0, 401.385, 2327.436, 47.178, 2177.264, 24.246, 1420.972, 2219.492, 0.000, 1413.097, 0.000, 0.631, 9.819, 0.000, 
374, 4, 0, 406.714, 2351.341, 52.759, 2122.311, 23.414, 1416.444, 2134.774, 0.000, 1417.265, 0.000, 0.952, 8.856, 0.000, 
374, 4, 0, 407.667, 2342.695, 46.357, 2135.075, 24.606, 1426.833, 2176.653, 0.000, 1418.027, 0.000, 0.902, 9.818, 0.000, 
374, 4, 0, 415.061, 2394.162, 58.781, 2083.969, 24.296, 1425.300, 2066.206, 0.000, 1416.263, 0.000, 0.571, 9.738, 0.000, 
375, 4, 0, 429.187, 2531.069, 46.678, 1953.243, 22.963, 1428.587, 1949.145, 0.000, 1418.548, 0.000, 1.273, 9.538, 0.000, 
375, 4, 0, 429.217, 2462.541, 43.993, 1959.805, 27.922, 1426.522, 2054.384, 0.000, 1417.866, 0.000, 0.822, 10.019, 0.000, 
375, 4, 0, 422.685, 2469.895, 46.838, 2039.355, 28.333, 1428.206, 2008.618, 0.000, 1415.422, 0.000, 0.941, 9.698, 0.000, 
375, 4, 0, 442.542, 2487.457, 48.081, 1954.706, 23.674, 1426.692, 1925.330, 0.000, 1493.569, 0.000, 1.493, 8.376, 0.000, 
375, 4, 0, 409.951, 2508.597, 58.630, 2140.034, 23.855, 1428.927, 2082.195, 0.000, 1415.983, 0.000, 0.942, 9.017, 0.000, 
375, 4, 0, 418.737, 2444.647, 40.305, 1957.841, 24.747, 1427.996, 2019.357, 0.000, 1415.181, 0.000, 0.792, 9.057, 0.000, 
375, 4, 0, 413.217, 2433.476, 53.881, 2022.152, 23.665, 1425.481, 2088.407, 0.000, 1416.023, 0.000, 0.701, 9.017, 0.000, 
375, 4, 0, 416.564, 2451.610, 60.494, 2006.683, 23.624, 1428.285, 1997.636, 0.000, 1414.179, 0.000, 1.062, 9.098, 0.000, 
375, 4, 0, 431.772, 2472.509, 55.233, 1979.542, 23.194, 1426.583, 1974.312, 0.000, 1413.578, 0.000, 1.022, 9.057, 0.000, 
375, 4, 0, 416.814, 2459.145, 62.508, 1995.723, 25.378, 1423.617, 1940.047, 0.000, 1420.952, 0.000, 1.123, 9.177, 0.000, 
376, 4, 0, 442.342, 2526.511, 44.133, 1874.435, 25.628, 1429.038, 1941.972, 0.000, 1418.107, 0.000, 1.172, 9.818, 0.000, 
376, 4, 0, 441.891, 2521.763, 42.940, 1865.998, 24.676, 1431.722, 1996.714, 0.000, 1421.674, 0.000, 0.912, 9.338, 0.000, 
376, 4, 0, 429.748, 2512.114, 56.667, 1941.030, 24.826, 1428.606, 2001.443, 0.000, 1423.677, 0.000, 0.911, 9.338, 0.000, 
376, 4, 0, 433.546, 2557.790, 46.527, 1882.460, 23.484, 1432.133, 1987.377, 0.000, 1421.994, 0.000, 0.922, 8.736, 0.000, 
376, 4, 0, 423.677, 2492.637, 58.650, 2001.083, 25.488, 1428.486, 2015.470, 0.000, 1426.523, 0.000, 0.631, 8.937, 0.000, 
376, 4, 0, 415.882, 2526.130, 54.603, 1944.958, 24.957, 1431.031, 2040.477, 0.000, 1417.024, 0.000, 0.922, 9.258, 0.000, 
376, 4, 0, 411.684, 2584.119, 50.675, 1947.442, 23.875, 1427.254, 1969.384, 0.000, 1420.752, 0.000, 1.163, 8.937, 0.000, 
376, 4, 0, 400.163, 2482.939, 57.649, 2045.867, 23.825, 1432.514, 2017.033, 0.000, 1423.036, 0.000, 0.822, 9.538, 0.000, 
376, 4, 0, 400.664, 2553.912, 59.432, 1994.150, 22.713, 1431.272, 1982.888, 0.000, 1421.714, 0.000, 1.192, 9.418, 0.000, 
376, 4, 0, 463.111, 3046.509, 68.909, 2026.210, 23.224, 1428.547, 2321.205, 0.000, 1439.587, 0.000, 0.752, 9.057, 0.000, 
377, 4, 0, 417.365, 2564.803, 61.606, 2022.604, 27.461, 1433.185, 2020.760, 0.000, 1424.679, 0.000, 0.501, 9.578, 0.000, 
377, 4, 0, 385.866, 2426.413, 58.500, 2127.541, 23.745, 1432.664, 2134.333, 0.000, 1426.162, 0.000, 0.962, 9.898, 0.000, 
377, 4, 0, 381.918, 2457.241, 44.594, 2157.998, 24.566, 1434.468, 2128.281, 0.000, 1427.925, 0.000, 0.881, 8.777, 0.000, 
377, 4, 0, 386.517, 2506.143, 40.346, 2077.446, 24.346, 1427.264, 2012.584, 0.000, 1427.364, 0.000, 1.233, 9.217, 0.000, 
377, 4, 0, 399.832, 2442.213, 40.156, 2078.569, 23.424, 1433.045, 2088.087, 0.000, 1425.601, 0.000, 1.032, 9.418, 0.000, 
377, 4, 0, 391.907, 2463.151, 43.693, 2078.960, 23.444, 1430.490, 2113.214, 0.000, 1423.437, 0.000, 1.011, 9.698, 0.000, 
377, 4, 0, 395.774, 2499.170, 49.063, 2063.661, 24.436, 1432.694, 2079.911, 0.000, 1420.311, 0.000, 0.812, 9.618, 0.000, 
377, 4, 0, 391.547, 2442.443, 44.433, 2095.500, 23.284, 1431.221, 2099.468, 0.000, 1420.712, 0.000, 1.022, 9.097, 0.000, 
377, 4, 0, 394.873, 2464.454, 45.345, 2062.108, 23.374, 1432.674, 2049.053, 0.000, 1429.248, 0.000, 1.283, 9.177, 0.000, 
377, 4, 0, 401.024, 2519.007, 60.323, 2017.644, 24.616, 1436.602, 2022.644, 0.000, 1429.087, 0.000, 1.052, 9.899, 0.000, 
378, 4, 0, 392.799, 2504.269, 49.293, 2068.179, 23.895, 1440.259, 2046.609, 0.000, 1424.599, 0.000, 0.862, 8.696, 0.000, 
378, 4, 0, 441.280, 2717.370, 55.384, 2359.908, 29.305, 1444.977, 2201.820, 0.000, 1430.330, 0.000, 0.611, 8.856, 0.000, 
378, 4, 0, 389.262, 2440.109, 55.634, 2114.957, 24.757, 1444.086, 2100.229, 0.000, 1424.559, 0.000, 0.832, 9.377, 0.000, 
378, 4, 0, 411.464, 2571.416, 43.441, 1993.689, 25.337, 1436.762, 1982.969, 0.000, 1430.770, 0.000, 0.932, 9.658, 0.000, 
378, 4, 0, 394.471, 2533.464, 63.089, 2032.352, 24.326, 1436.952, 2049.775, 0.000, 1428.246, 0.000, 0.792, 9.138, 0.000, 
378, 4, 0, 400.203, 2495.011, 64.912, 2062.548, 23.885, 1439.517, 2018.434, 0.000, 1428.086, 0.000, 0.942, 9.337, 0.000, 
378, 4, 0, 396.907, 2504.329, 61.125, 2038.794, 26.079, 1435.870, 2048.171, 0.000, 1430.611, 0.000, 0.901, 8.456, 0.000, 
378, 4, 0, 401.966, 2448.124, 39.384, 2079.410, 24.195, 1439.507, 2061.717, 0.000, 1428.607, 0.000, 1.062, 10.861, 0.000, 
378, 4, 0, 389.102, 2476.426, 41.127, 2084.430, 23.374, 1440.689, 2064.803, 0.000, 1426.162, 0.000, 0.861, 9.137, 0.000, 
378, 4, 0, 403.569, 2639.444, 64.902, 1929.899, 23.424, 1437.804, 1940.930, 0.000, 1428.687, 0.000, 0.952, 10.019, 0.000, 
379, 4, 0, 397.297, 2495.704, 48.721, 2003.718, 24.315, 1440.248, 1991.825, 0.000, 1431.772, 0.000, 1.122, 9.058, 0.000, 
379, 4, 0, 402.226, 2551.639, 50.645, 1986.706, 25.197, 1445.258, 1941.651, 0.000, 1431.812, 0.000, 1.002, 9.057, 0.000, 
379, 4, 0, 386.758, 2465.907, 59.051, 2036.700, 22.512, 1440.639, 2067.047, 0.000, 1430.891, 0.000, 1.001, 9.177, 0.000, 
379, 4, 0, 391.957, 2477.960, 47.059, 2076.545, 23.304, 1440.690, 2055.625, 0.000, 1431.813, 0.000, 1.142, 9.177, 0.000, 
379, 4, 0, 384.654, 2468.602, 48.261, 2090.712, 23.093, 1445.658, 2135.336, 0.000, 1426.763, 0.000, 0.632, 9.378, 0.000, 
379, 4, 0, 386.527, 2452.442, 33.003, 2098.907, 24.216, 1443.465, 2126.077, 0.000, 1437.944, 0.000, 0.952, 9.057, 0.000, 
379, 4, 0, 397.087, 2506.323, 60.333, 2031.831, 24.967, 1445.198, 2103.034, 0.000, 1436.862, 0.000, 0.761, 9.738, 0.000, 
379, 4, 0, 381.637, 2472.169, 37.550, 2096.833, 24.837, 1441.661, 2130.606, 0.000, 1436.982, 0.000, 0.821, 9.017, 0.000, 
379, 4, 0, 389.192, 2477.118, 42.430, 2082.186, 23.875, 1443.174, 2069.852, 0.000, 1431.653, 0.000, 1.032, 9.418, 0.000, 
379, 4, 0, 398.028, 2466.288, 59.993, 2049.875, 22.492, 1447.312, 2003.848, 0.000, 1432.974, 0.000, 1.363, 9.658, 0.000, 
380, 4, 0, 388.340, 2485.945, 43.662, 2099.377, 23.093, 1447.802, 2097.424, 0.000, 1437.944, 0.000, 0.681, 9.778, 0.000, 
380, 4, 0, 402.757, 2525.039, 50.946, 2015.290, 24.696, 1452.842, 2000.001, 0.000, 1439.948, 0.000, 1.092, 9.057, 0.000, 
380, 4, 0, 385.826, 2480.073, 38.723, 2098.496, 24.236, 1446.781, 2059.954, 0.000, 1438.546, 0.000, 0.982, 9.818, 0.000, 
380, 4, 0, 396.556, 2509.178, 39.364, 2007.114, 24.246, 1449.857, 1968.502, 0.000, 1439.466, 0.000, 1.022, 9.698, 0.000, 
380, 4, 0, 386.627, 2489.030, 61.215, 2048.512, 23.855, 1438.926, 2005.531, 0.000, 1432.654, 0.000, 1.001, 10.259, 0.000, 
380, 4, 0, 380.084, 2463.052, 55.254, 2073.088, 22.031, 1444.636, 2050.736, 0.000, 1432.374, 0.000, 0.782, 8.697, 0.000, 
380, 4, 0, 392.027, 2447.021, 52.398, 2066.245, 23.104, 1445.619, 2022.804, 0.000, 1436.702, 0.000, 0.902, 8.936, 0.000, 
380, 4, 0, 389.001, 2451.510, 55.334, 2079.050, 23.745, 1443.865, 2098.586, 0.000, 1437.543, 0.000, 1.062, 9.017, 0.000, 
380, 4, 0, 400.804, 2487.517, 57.449, 2068.781, 23.785, 1446.099, 2038.353, 0.000, 1435.179, 0.000, 1.102, 9.659, 0.000, 
380, 4, 0, 401.145, 2519.368, 46.798, 1989.271, 23.494, 1444.356, 2057.509, 0.000, 1431.733, 0.000, 1.062, 8.656, 0.000, 
381, 4, 0, 394.131, 2404.001, 35.517, 2116.390, 24.206, 1447.322, 2067.207, 0.000, 1439.467, 0.000, 1.042, 10.179, 0.000, 
381, 4, 0, 399.030, 2505.131, 42.029, 2001.364, 24.586, 1447.151, 2058.110, 0.000, 1439.466, 0.000, 0.672, 9.538, 0.000, 
381, 4, 0, 401.284, 2753.938, 65.944, 2474.243, 30.417, 1462.230, 2087.847, 0.000, 1434.698, 0.000, 1.052, 8.776, 0.000, 
381, 4, 0, 403.248, 2539.566, 53.200, 1993.218, 25.237, 1442.492, 1994.631, 0.000, 1434.578, 0.000, 0.411, 9.578, 0.000, 
381, 4, 0, 398.459, 2498.329, 58.981, 2053.341, 23.524, 1448.804, 2068.450, 0.000, 1439.306, 0.000, 0.742, 9.497, 0.000, 
381, 4, 0, 399.291, 2499.640, 59.973, 2063.030, 24.295, 1452.862, 2054.342, 0.000, 1443.194, 0.000, 0.762, 9.057, 0.000, 
381, 4, 0, 427.384, 2551.989, 54.002, 1984.772, 24.356, 1448.123, 2047.290, 0.000, 1440.308, 0.000, 0.662, 9.498, 0.000, 
381, 4, 0, 394.912, 2543.623, 47.218, 2018.345, 24.075, 1448.414, 1999.199, 0.000, 1442.111, 0.000, 0.792, 9.137, 0.000, 
381, 4, 0, 397.337, 2464.614, 51.788, 2064.743, 24.316, 1449.466, 2069.171, 0.000, 1439.026, 0.000, 0.711, 9.178, 0.000, 
381, 4, 0, 435.810, 2738.059, 52.138, 2349.378, 28.805, 1456.750, 2083.318, 0.000, 1440.990, 0.000, 0.822, 9.458, 0.000, 
382, 4, 0, 391.336, 2441.641, 53.811, 2153.780, 23.204, 1454.866, 2095.540, 0.000, 1444.236, 0.000, 0.662, 9.618, 0.000, 
382, 4, 0, 396.336, 2551.989, 61.646, 2062.909, 23.354, 1448.634, 2028.014, 0.000, 1446.159, 0.000, 0.992, 9.698, 0.000, 
382, 4, 0, 407.085, 2507.054, 44.814, 2007.164, 23.354, 1448.253, 1963.733, 0.000, 1443.514, 0.000, 0.901, 9.739, 0.000, 
382, 4, 0, 404.992, 2500.131, 45.356, 2011.163, 23.714, 1451.289, 1935.760, 0.000, 1442.593, 0.000, 0.791, 9.779, 0.000, 
382, 4, 0, 406.855, 2511.083, 53.701, 1971.437, 24.126, 1447.021, 1934.878, 0.000, 1438.665, 0.000, 0.902, 9.057, 0.000, 
382, 4, 0, 406.033, 2513.246, 44.845, 2006.233, 25.037, 1452.602, 1981.326, 0.000, 1440.990, 0.000, 0.911, 9.819, 0.000, 
382, 4, 0, 407.807, 2452.932, 46.116, 2011.011, 23.494, 1455.367, 2020.760, 0.000, 1443.835, 0.000, 0.992, 9.858, 0.000, 
382, 4, 0, 418.778, 2489.732, 50.084, 1935.710, 22.903, 1456.980, 1971.027, 0.000, 1446.320, 0.000, 0.702, 10.099, 0.000, 
382, 4, 0, 416.724, 2508.367, 58.460, 1970.365, 22.994, 1462.340, 2003.927, 0.000, 1442.953, 0.000, 1.142, 9.698, 0.000, 
382, 4, 0, 401.505, 2466.569, 50.375, 2050.726, 23.734, 1446.219, 2030.939, 0.000, 1446.841, 0.000, 0.982, 9.017, 0.000, 
383, 4, 0, 401.204, 2550.296, 57.178, 1990.112, 23.224, 1459.986, 2010.621, 0.000, 1448.324, 0.000, 0.801, 9.057, 0.000, 
383, 4, 0, 429.107, 2713.012, 58.551, 2425.451, 30.196, 1458.452, 2089.810, 0.000, 1447.601, 0.000, 0.852, 8.977, 0.000, 
383, 4, 0, 404.130, 2544.705, 54.853, 1999.970, 23.334, 1459.805, 2016.952, 0.000, 1449.044, 0.000, 0.541, 9.538, 0.000, 
383, 4, 0, 402.396, 2510.140, 44.664, 2019.848, 23.634, 1454.364, 1982.168, 0.000, 1448.444, 0.000, 1.453, 9.859, 0.000, 
383, 4, 0, 403.098, 2575.183, 55.003, 1975.615, 22.783, 1451.950, 2008.897, 0.000, 1450.287, 0.000, 0.781, 9.177, 0.000, 
383, 4, 0, 400.153, 2570.744, 60.283, 1994.160, 23.605, 1463.392, 1984.612, 0.000, 1444.517, 0.000, 1.012, 9.898, 0.000, 
383, 4, 0, 409.821, 2496.294, 50.545, 2010.921, 23.764, 1456.949, 1978.280, 0.000, 1443.034, 0.000, 0.982, 9.618, 0.000, 
383, 4, 0, 400.012, 2521.170, 47.539, 2023.234, 26.390, 1451.089, 1949.385, 0.000, 1447.803, 0.000, 0.932, 8.656, 0.000, 
383, 4, 0, 402.096, 2472.500, 50.535, 2025.830, 23.213, 1452.401, 1989.662, 0.000, 1446.880, 0.000, 0.441, 8.816, 0.000, 
383, 4, 0, 402.577, 2480.905, 39.915, 2026.771, 24.265, 1450.227, 1993.309, 0.000, 1442.433, 0.000, 0.571, 9.698, 0.000, 
384, 4, 0, 416.082, 2512.705, 59.432, 1967.711, 24.886, 1462.360, 1876.328, 0.000, 1453.573, 0.000, 0.732, 8.616, 0.000, 
384, 4, 0, 421.302, 2505.221, 37.340, 2137.209, 23.745, 1456.259, 2070.132, 0.000, 1455.778, 0.000, 1.022, 9.818, 0.000, 
384, 4, 0, 409.110, 2559.052, 48.111, 1934.478, 23.224, 1462.961, 1954.596, 0.000, 1450.608, 0.000, 0.791, 9.017, 0.000, 
384, 4, 0, 421.493, 2630.346, 48.782, 2463.713, 29.986, 1458.823, 2141.787, 0.000, 1453.093, 0.000, 1.072, 9.137, 0.000, 
384, 4, 0, 394.873, 2513.767, 46.828, 2019.819, 23.063, 1460.947, 2007.414, 0.000, 1445.599, 0.000, 1.062, 9.298, 0.000, 
384, 4, 0, 401.736, 2353.435, 48.071, 2114.317, 25.127, 1464.063, 2094.258, 0.000, 1451.690, 0.000, 0.591, 9.778, 0.000, 
384, 4, 0, 400.714, 2511.223, 42.840, 2041.258, 24.326, 1457.902, 2074.060, 0.000, 1448.885, 0.000, 1.012, 9.097, 0.000, 
384, 4, 0, 411.143, 2562.859, 55.976, 1930.641, 24.296, 1461.529, 1952.552, 0.000, 1451.289, 0.000, 0.681, 9.738, 0.000, 
384, 4, 0, 406.033, 2392.609, 41.608, 2038.202, 24.316, 1454.345, 2121.189, 0.000, 1453.253, 0.000, 0.752, 9.297, 0.000, 
384, 4, 0, 396.926, 2452.773, 50.785, 2100.169, 23.514, 1461.478, 1514.288, 0.000, 1506.153, 0.000, 1.292, 8.937, 0.000, 
385, 4, 0, 406.424, 2569.933, 52.820, 2501.745, 34.034, 1518.275, 2082.356, 0.000, 1478.260, 0.000, 0.842, 9.898, 0.000, 
385, 4, 0, 406.925, 2527.152, 60.524, 1978.461, 27.461, 1465.716, 1971.868, 0.000, 1457.581, 0.000, 1.022, 9.779, 0.000, 
385, 4, 0, 409.199, 2573.670, 52.769, 1958.223, 24.516, 1467.850, 1920.772, 0.000, 1455.858, 0.000, 1.232, 8.856, 0.000, 
385, 4, 0, 427.423, 2580.984, 49.383, 2475.094, 30.488, 1464.895, 2190.119, 0.000, 1456.098, 0.000, 0.772, 9.097, 0.000, 
385, 4, 0, 411.053, 2589.039, 54.182, 1950.859, 23.865, 1460.596, 1918.447, 0.000, 1454.896, 0.000, 0.681, 9.778, 0.000, 
385, 4, 0, 426.242, 2436.892, 59.892, 1972.068, 23.865, 1474.934, 1894.803, 0.000, 1449.446, 0.000, 1.142, 9.177, 0.000, 
385, 4, 0, 416.864, 2550.977, 40.867, 1914.029, 24.466, 1469.854, 1913.919, 0.000, 1452.131, 0.000, 0.912, 9.057, 0.000, 
385, 4, 0, 419.278, 2585.622, 51.246, 2526.331, 24.796, 1460.987, 2113.815, 0.000, 1457.380, 0.000, 0.902, 8.977, 0.000, 
385, 4, 0, 405.433, 2550.245, 58.870, 1964.774, 24.587, 1459.906, 1988.700, 0.000, 1455.176, 0.000, 0.772, 9.458, 0.000, 
385, 4, 0, 402.296, 2603.646, 44.663, 1914.119, 24.005, 1466.187, 1836.053, 0.000, 1456.139, 0.000, 0.871, 9.417, 0.000, 
386, 4, 0, 407.536, 2598.176, 51.266, 2524.747, 27.783, 1471.878, 2093.656, 0.000, 1460.146, 0.000, 1.001, 9.538, 0.000, 
386, 4, 0, 394.773, 2548.943, 55.895, 2032.142, 23.965, 1470.355, 1947.783, 0.000, 1458.463, 0.000, 0.831, 9.818, 0.000, 
386, 4, 0, 399.822, 2523.315, 56.016, 1977.519, 23.745, 1472.519, 1953.393, 0.000, 1461.107, 0.000, 0.771, 9.058, 0.000, 
386, 4, 0, 400.072, 2493.398, 49.984, 2027.413, 23.073, 1463.943, 1971.548, 0.000, 1458.061, 0.000, 0.742, 9.217, 0.000, 
386, 4, 0, 402.346, 2546.930, 47.048, 1949.386, 24.175, 1468.351, 1897.288, 0.000, 1461.668, 0.000, 0.871, 10.380, 0.000, 
386, 4, 0, 401.715, 2624.576, 53.651, 2518.306, 29.195, 1479.793, 2117.021, 0.000, 1461.829, 0.000, 0.791, 8.977, 0.000, 
386, 4, 0, 410.542, 2581.264, 48.030, 1955.357, 22.933, 1469.523, 1913.598, 0.000, 1453.934, 0.000, 1.012, 9.098, 0.000, 
386, 4, 0, 407.707, 2479.442, 40.036, 1967.721, 22.622, 1470.164, 2011.422, 0.000, 1457.621, 0.000, 0.852, 9.738, 0.000, 
386, 4, 0, 408.478, 2539.305, 57.749, 1935.981, 24.466, 1469.483, 1901.896, 0.000, 1461.228, 0.000, 0.661, 8.656, 0.000, 
386, 4, 0, 421.913, 2545.617, 58.019, 2013.115, 24.486, 1468.161, 2031.941, 0.000, 1458.943, 0.000, 0.781, 9.137, 0.000, 
387, 4, 0, 404.591, 2555.436, 52.940, 1958.123, 24.716, 1478.129, 1931.432, 0.000, 1462.751, 0.000, 0.662, 9.297, 0.000, 
387, 4, 0, 413.728, 2607.263, 49.633, 2465.687, 29.876, 1477.909, 2162.987, 0.000, 1465.035, 0.000, 1.062, 9.538, 0.000, 
387, 4, 0, 401.655, 2561.106, 58.480, 2001.453, 23.554, 1480.293, 1993.468, 0.000, 1461.949, 0.000, 0.651, 9.338, 0.000, 
387, 4, 0, 395.314, 2639.273, 54.723, 1929.458, 23.505, 1472.399, 1916.003, 0.000, 1461.788, 0.000, 1.153, 9.337, 0.000, 
387, 4, 0, 398.419, 2562.538, 44.824, 1936.892, 24.406, 1473.631, 1943.815, 0.000, 1461.188, 0.000, 1.002, 9.057, 0.000, 
387, 4, 0, 399.512, 2524.968, 41.087, 1969.533, 23.123, 1473.491, 1903.098, 0.000, 1462.751, 0.000, 1.322, 9.498, 0.000, 
387, 4, 0, 398.179, 2533.023, 41.448, 1957.491, 25.027, 1473.921, 1982.928, 0.000, 1461.588, 0.000, 0.992, 11.021, 0.000, 
387, 4, 0, 392.849, 2538.594, 61.035, 2022.383, 23.344, 1476.036, 1904.822, 0.000, 1463.112, 0.000, 1.152, 9.097, 0.000, 
387, 4, 0, 396.075, 2576.365, 52.939, 1955.948, 24.286, 1476.316, 1881.899, 0.000, 1465.115, 0.000, 1.022, 8.616, 0.000, 
387, 4, 0, 396.907, 2523.675, 45.005, 2152.117, 23.966, 1469.353, 1973.070, 0.000, 1464.593, 0.000, 0.882, 9.177, 0.000, 
388, 4, 0, 390.073, 2507.526, 58.530, 2029.827, 23.244, 1475.144, 1963.893, 0.000, 1461.348, 0.000, 1.122, 8.856, 0.000, 
388, 4, 0, 431.482, 2710.106, 48.522, 2257.586, 23.614, 1477.899, 2138.983, 0.000, 1464.433, 0.000, 1.082, 8.657, 0.000, 
388, 4, 0, 376.268, 2538.073, 45.515, 2059.653, 25.157, 1474.814, 1986.736, 0.000, 1468.080, 0.000, 0.972, 9.899, 0.000, 
388, 4, 0, 392.508, 2524.858, 45.336, 1980.234, 25.498, 1480.935, 1973.632, 0.000, 1466.758, 0.000, 1.092, 8.697, 0.000, 
388, 4, 0, 389.743, 2492.256, 58.129, 2021.040, 23.905, 1473.862, 1986.255, 0.000, 1468.322, 0.000, 0.762, 9.297, 0.000, 
388, 4, 0, 387.048, 2510.822, 59.181, 2055.105, 23.193, 1479.262, 1980.084, 0.000, 1461.869, 0.000, 1.032, 10.018, 0.000, 
388, 4, 0, 390.835, 2521.953, 44.253, 1942.062, 24.316, 1477.268, 1955.717, 0.000, 1466.878, 0.000, 0.871, 9.658, 0.000, 
388, 4, 0, 386.517, 2606.402, 57.107, 1916.584, 23.624, 1474.052, 1980.484, 0.000, 1466.358, 0.000, 0.801, 9.137, 0.000, 
388, 4, 0, 405.603, 2614.637, 56.516, 2552.940, 29.615, 1484.962, 2132.370, 0.000, 1461.748, 0.000, 0.881, 8.657, 0.000, 
388, 4, 0, 385.655, 2589.890, 55.475, 1997.356, 24.236, 1478.922, 2040.477, 0.000, 1466.037, 0.000, 0.802, 9.979, 0.000, 
389, 4, 0, 387.047, 2576.966, 49.984, 1971.898, 23.765, 1477.759, 1980.765, 0.000, 1464.835, 0.000, 1.143, 9.177, 0.000, 
389, 4, 0, 389.032, 2581.003, 47.279, 1932.564, 24.466, 1477.488, 1908.429, 0.000, 1470.365, 0.000, 1.422, 9.819, 0.000, 
389, 4, 0, 388.951, 2598.857, 50.876, 1935.911, 24.917, 1478.480, 1964.774, 0.000, 1470.726, 0.000, 0.942, 9.418, 0.000, 
389, 4, 0, 383.261, 2540.577, 54.963, 2006.332, 22.433, 1482.648, 2002.085, 0.000, 1465.836, 0.000, 0.922, 9.338, 0.000, 
389, 4, 0, 381.257, 2507.235, 50.375, 2042.911, 27.051, 1476.617, 1969.704, 0.000, 1472.449, 0.000, 1.312, 9.297, 0.000, 
389, 4, 0, 390.213, 2499.160, 52.649, 2046.748, 24.036, 1486.345, 1967.019, 0.000, 1470.566, 0.000, 0.811, 9.778, 0.000, 
389, 4, 0, 405.152, 2556.968, 55.194, 2552.340, 28.975, 1486.516, 2181.542, 0.000, 1464.995, 0.000, 0.792, 9.858, 0.000, 
389, 4, 0, 400.072, 2499.050, 51.727, 2041.779, 22.362, 1477.137, 1943.334, 0.000, 1472.289, 0.000, 0.972, 9.257, 0.000, 
389, 4, 0, 400.182, 2488.941, 37.530, 1982.388, 23.103, 1483.539, 1908.589, 0.000, 1469.844, 0.000, 0.941, 10.019, 0.000, 
389, 4, 0, 395.654, 2517.383, 45.675, 1971.096, 22.773, 1476.878, 1950.267, 0.000, 1470.405, 0.000, 1.112, 9.177, 0.000, 
390, 4, 0, 394.772, 2539.906, 47.148, 2009.849, 23.504, 1476.897, 1949.666, 0.000, 1472.129, 0.000, 1.032, 8.737, 0.000, 
390, 4, 0, 414.410, 2502.165, 49.804, 2162.517, 26.570, 1486.816, 2052.660, 0.000, 1476.096, 0.000, 0.772, 9.979, 0.000, 
390, 4, 0, 405.042, 2511.823, 41.979, 1956.089, 23.915, 1476.737, 1943.855, 0.000, 1468.482, 0.000, 0.551, 9.779, 0.000, 
390, 4, 0, 410.061, 2606.672, 39.855, 2507.876, 29.896, 1483.460, 2148.480, 0.000, 1475.575, 0.000, 0.912, 9.137, 0.000, 
390, 4, 0, 420.281, 2550.246, 45.305, 1952.632, 22.903, 1478.560, 2019.317, 0.000, 1473.130, 0.000, 0.992, 9.458, 0.000, 
390, 4, 0, 416.383, 2565.104, 51.657, 1934.508, 25.949, 1479.793, 1949.506, 0.000, 1475.375, 0.000, 0.771, 8.937, 0.000, 
390, 4, 0, 410.612, 2534.496, 58.039, 2562.720, 29.455, 1478.029, 2186.833, 0.000, 1474.973, 0.000, 2.344, 9.057, 0.000, 
390, 4, 0, 409.189, 2505.121, 39.043, 1976.787, 23.494, 1484.962, 1970.025, 0.000, 1475.655, 0.000, 0.892, 8.697, 0.000, 
390, 4, 0, 422.354, 2645.244, 47.148, 2502.756, 29.445, 1477.338, 2140.905, 0.000, 1474.573, 0.000, 0.932, 9.698, 0.000, 
390, 4, 0, 418.066, 2552.139, 55.855, 2559.143, 29.185, 1495.562, 2148.801, 0.000, 1476.417, 0.000, 1.012, 9.177, 0.000, 
391, 4, 0, 414.560, 2546.108, 42.720, 1976.497, 24.846, 1481.736, 1975.756, 0.000, 1475.815, 0.000, 0.672, 9.137, 0.000, 
391, 4, 0, 445.347, 2536.541, 54.612, 2548.502, 23.645, 1485.423, 2246.504, 0.000, 1475.454, 0.000, 0.912, 9.538, 0.000, 
391, 4, 0, 421.442, 2544.565, 44.263, 2000.362, 22.823, 1484.602, 1917.966, 0.000, 1474.693, 0.000, 1.062, 9.778, 0.000, 
391, 4, 0, 415.772, 2605.780, 46.949, 2509.670, 24.055, 1480.113, 2138.020, 0.000, 1480.183, 0.000, 0.451, 9.337, 0.000, 
391, 4, 0, 408.648, 2616.330, 45.546, 1986.526, 25.989, 1480.925, 1927.544, 0.000, 1477.618, 0.000, 0.822, 9.017, 0.000, 
391, 4, 0, 412.175, 2556.738, 53.561, 2550.958, 31.419, 1494.180, 2165.633, 0.000, 1473.731, 0.000, 1.002, 9.257, 0.000, 
391, 4, 0, 415.832, 2479.512, 55.515, 2023.325, 23.504, 1481.356, 1932.434, 0.000, 1480.504, 0.000, 0.871, 9.658, 0.000, 
391, 4, 0, 414.700, 2520.069, 53.240, 1973.682, 26.179, 1487.978, 1857.734, 0.000, 1476.978, 0.000, 0.921, 9.297, 0.000, 
391, 4, 0, 455.607, 2723.992, 50.054, 2507.084, 24.586, 1485.212, 2143.551, 0.000, 1471.447, 0.000, 1.323, 9.057, 0.000, 
391, 4, 0, 406.745, 2627.260, 55.895, 2538.304, 23.654, 1480.774, 2146.316, 0.000, 1477.138, 0.000, 0.681, 9.137, 0.000, 
392, 4, 0, 418.367, 2552.981, 53.240, 2002.746, 25.789, 1490.763, 1923.777, 0.000, 1478.580, 0.000, 0.972, 9.498, 0.000, 
392, 4, 0, 422.294, 2593.878, 43.882, 2534.917, 30.657, 1494.871, 2185.630, 0.000, 1480.744, 0.000, 1.212, 9.698, 0.000, 
392, 4, 0, 422.955, 2527.984, 49.303, 1951.680, 23.113, 1491.895, 2475.415, 0.000, 1488.399, 0.000, 0.932, 9.218, 0.000, 
392, 4, 0, 409.811, 2472.770, 56.135, 2057.439, 23.825, 1489.952, 1934.878, 0.000, 1487.036, 0.000, 1.173, 8.817, 0.000, 
392, 4, 0, 413.608, 2580.803, 62.127, 2559.483, 22.573, 1486.606, 2129.765, 0.000, 1482.788, 0.000, 0.822, 9.858, 0.000, 
392, 4, 0, 408.188, 2560.695, 48.892, 2001.244, 26.890, 1486.545, 1961.128, 0.000, 1475.775, 0.000, 0.541, 8.696, 0.000, 
392, 4, 0, 418.056, 2410.684, 56.296, 2041.779, 29.256, 1489.091, 1999.159, 0.000, 1479.822, 0.000, 0.702, 9.618, 0.000, 
392, 4, 0, 416.604, 2453.824, 43.402, 2011.212, 25.989, 1493.288, 2037.952, 0.000, 1483.269, 0.000, 0.861, 9.177, 0.000, 
392, 4, 0, 428.866, 2585.222, 48.401, 2519.538, 30.027, 1510.420, 2147.599, 0.000, 1482.428, 0.000, 0.922, 9.978, 0.000, 
392, 4, 0, 411.854, 2515.901, 40.527, 1991.135, 26.239, 1483.559, 1968.542, 0.000, 1478.701, 0.000, 0.801, 9.377, 0.000, 
393, 4, 0, 416.914, 2520.540, 59.572, 1972.750, 24.225, 1498.017, 2382.921, 0.000, 1486.956, 0.000, 1.092, 9.378, 0.000, 
393, 4, 0, 413.548, 2412.997, 42.370, 2101.592, 23.465, 1494.090, 2098.787, 0.000, 1484.071, 0.000, 1.133, 9.097, 0.000, 
393, 4, 0, 429.197, 2567.989, 50.395, 2496.034, 23.384, 1493.749, 2128.202, 0.000, 1484.312, 0.000, 1.022, 9.137, 0.000, 
393, 4, 0, 421.132, 2449.707, 38.983, 2001.544, 23.764, 1495.472, 2065.243, 0.000, 1487.637, 0.000, 0.981, 9.057, 0.000, 
393, 4, 0, 425.460, 2564.733, 38.793, 2537.031, 23.725, 1499.831, 2162.466, 0.000, 1483.911, 0.000, 1.041, 9.097, 0.000, 
393, 4, 0, 413.969, 2546.368, 44.704, 1993.128, 24.836, 1495.402, 1961.769, 0.000, 1484.392, 0.000, 0.822, 9.899, 0.000, 
393, 4, 0, 417.745, 2589.500, 42.590, 2534.887, 29.555, 1503.607, 2161.384, 0.000, 1487.477, 0.000, 0.922, 9.017, 0.000, 
393, 4, 0, 423.687, 2592.165, 38.513, 2543.924, 23.725, 1498.858, 2157.577, 0.000, 1485.954, 0.000, 1.182, 9.218, 0.000, 
393, 4, 0, 422.244, 2572.007, 40.907, 2531.150, 24.716, 1501.864, 2183.026, 0.000, 1485.433, 0.000, 0.791, 8.697, 0.000, 
393, 4, 0, 440.499, 2577.657, 55.575, 1949.786, 25.107, 1496.634, 1940.127, 0.000, 1484.431, 0.000, 0.872, 9.578, 0.000, 
394, 4, 0, 421.743, 2622.481, 49.924, 2528.074, 23.465, 1499.240, 2112.853, 0.000, 1490.162, 0.000, 0.891, 9.337, 0.000, 
394, 4, 0, 417.054, 2563.441, 65.043, 2581.134, 25.578, 1498.708, 2226.467, 0.000, 1490.403, 0.000, 0.932, 9.738, 0.000, 
394, 4, 0, 425.891, 2648.420, 66.676, 2489.372, 24.686, 1500.692, 2078.627, 0.000, 1488.199, 0.000, 0.541, 9.618, 0.000, 
394, 4, 0, 435.950, 2523.586, 45.736, 2561.377, 29.475, 1502.405, 2087.646, 0.000, 1488.398, 0.000, 3.627, 9.218, 0.000, 
394, 4, 0, 442.753, 2633.753, 66.234, 2487.698, 24.256, 1497.566, 2087.445, 0.000, 1484.752, 0.000, 0.772, 9.297, 0.000, 
394, 4, 0, 433.295, 2573.459, 62.718, 2515.661, 30.257, 1507.244, 2103.394, 0.000, 1492.927, 0.000, 0.902, 9.057, 0.000, 
394, 4, 0, 417.996, 2454.966, 44.974, 2028.013, 26.250, 1497.006, 2014.668, 0.000, 1483.630, 0.000, 1.252, 9.738, 0.000, 
394, 4, 0, 419.879, 2555.466, 55.394, 1935.600, 24.205, 1498.247, 1865.909, 0.000, 1505.071, 0.000, 1.052, 9.298, 0.000, 
394, 4, 0, 486.746, 2799.885, 53.971, 2278.394, 30.397, 1555.415, 2224.983, 0.000, 1488.039, 0.000, 1.273, 9.779, 0.000, 
394, 4, 0, 445.878, 2482.559, 59.261, 2063.420, 26.239, 1501.363, 2005.572, 0.000, 1483.430, 0.000, 2.665, 9.298, 0.000, 
395, 4, 0, 406.986, 2548.873, 57.719, 1993.509, 24.155, 1503.387, 1911.314, 0.000, 1493.168, 0.000, 2.895, 9.378, 0.000, 
395, 4, 0, 415.041, 2590.291, 47.810, 1953.303, 26.590, 1503.478, 1875.567, 0.000, 1492.004, 0.000, 0.681, 8.857, 0.000, 
395, 4, 0, 438.966, 2641.798, 46.958, 1994.471, 23.845, 1506.022, 1964.454, 0.000, 1493.128, 0.000, 0.902, 9.017, 0.000, 
395, 4, 0, 415.471, 2543.633, 40.617, 2559.804, 23.865, 1505.301, 2480.545, 0.000, 1492.927, 0.000, 1.143, 9.097, 0.000, 
395, 4, 0, 491.033, 2737.248, 50.044, 2318.670, 24.175, 1502.525, 1999.318, 0.000, 1487.357, 0.000, 0.991, 9.698, 0.000, 
395, 4, 0, 420.100, 2593.357, 59.181, 2521.011, 25.247, 1501.333, 2093.857, 0.000, 1488.479, 0.000, 0.902, 8.977, 0.000, 
395, 4, 0, 410.982, 2602.934, 42.029, 2559.082, 24.236, 1503.297, 2087.405, 0.000, 1489.842, 0.000, 1.112, 9.297, 0.000, 
395, 4, 0, 418.597, 2555.826, 39.775, 2564.442, 24.355, 1499.179, 2131.487, 0.000, 1492.566, 0.000, 0.741, 9.057, 0.000, 
395, 4, 0, 416.573, 2571.706, 65.904, 2530.168, 23.584, 1509.228, 2107.764, 0.000, 1487.918, 0.000, 0.881, 9.057, 0.000, 
395, 4, 0, 418.036, 2503.477, 47.369, 1947.943, 24.706, 1499.780, 1898.330, 0.000, 1495.051, 0.000, 0.832, 8.696, 0.000, 
396, 4, 0, 417.956, 2547.440, 42.951, 2540.067, 28.363, 1521.130, 2105.960, 0.000, 1492.526, 0.000, 1.012, 9.257, 0.000, 
396, 4, 0, 414.980, 2571.205, 56.466, 1968.692, 24.205, 1512.073, 2459.104, 0.000, 1505.471, 0.000, 0.862, 9.739, 0.000, 
396, 4, 0, 419.840, 2497.867, 49.192, 1989.371, 24.436, 1510.761, 1914.481, 0.000, 1495.291, 0.000, 1.062, 8.817, 0.000, 
396, 4, 0, 417.305, 2557.609, 56.396, 2534.045, 23.414, 1504.860, 2070.414, 0.000, 1490.963, 0.000, 1.262, 9.057, 0.000, 
396, 4, 0, 422.745, 2597.074, 60.804, 2494.601, 24.196, 1507.285, 2101.071, 0.000, 1494.290, 0.000, 1.082, 9.297, 0.000, 
396, 4, 0, 417.235, 2537.461, 47.139, 2555.486, 29.385, 1509.579, 2133.132, 0.000, 1493.368, 0.000, 1.202, 9.257, 0.000, 
396, 4, 0, 481.335, 2789.326, 45.896, 2140.255, 23.744, 1505.310, 1988.379, 0.000, 1497.375, 0.000, 0.982, 9.377, 0.000, 
396, 4, 0, 404.481, 2511.753, 46.467, 1981.967, 25.067, 1508.688, 1885.907, 0.000, 1496.695, 0.000, 0.791, 9.818, 0.000, 
396, 4, 0, 399.191, 2513.287, 39.053, 2149.522, 26.520, 1501.844, 2026.090, 0.000, 1497.816, 0.000, 1.142, 8.816, 0.000, 
396, 4, 0, 402.206, 2505.171, 41.158, 1945.639, 23.284, 1509.369, 1877.170, 0.000, 1496.173, 0.000, 1.162, 8.937, 0.000, 
397, 4, 0, 419.218, 2611.020, 52.389, 2066.306, 23.164, 1516.252, 2509.559, 0.000, 1505.752, 0.000, 0.741, 9.618, 0.000, 
397, 4, 0, 426.321, 2642.079, 57.608, 2534.005, 24.697, 1513.186, 2082.716, 0.000, 1500.100, 0.000, 0.902, 8.897, 0.000, 
397, 4, 0, 419.299, 2588.728, 51.758, 2535.999, 29.927, 1513.436, 2088.287, 0.000, 1499.740, 0.000, 0.891, 9.698, 0.000, 
397, 4, 0, 404.381, 2568.149, 58.771, 2511.273, 24.836, 1505.431, 2156.536, 0.000, 1498.297, 0.000, 1.163, 9.257, 0.000, 
397, 4, 0, 396.596, 2577.307, 52.178, 2540.176, 24.916, 1510.640, 2148.840, 0.000, 1497.095, 0.000, 1.222, 9.618, 0.000, 
397, 4, 0, 399.531, 2548.182, 48.010, 2565.875, 24.126, 1515.610, 2138.341, 0.000, 1494.330, 0.000, 0.932, 9.538, 0.000, 
397, 4, 0, 434.067, 2611.641, 62.267, 2501.534, 24.235, 1512.313, 2116.981, 0.000, 1495.132, 0.000, 1.303, 10.099, 0.000, 
397, 4, 0, 410.511, 2556.427, 38.883, 1961.588, 25.167, 1515.169, 1948.384, 0.000, 1500.301, 0.000, 0.901, 8.816, 0.000, 
397, 4, 0, 412.686, 2592.205, 39.114, 2480.254, 30.778, 1506.694, 2133.131, 0.000, 1504.389, 0.000, 0.992, 9.338, 0.000, 
397, 4, 0, 412.746, 2585.472, 45.325, 2031.159, 25.949, 1507.915, 1965.977, 0.000, 1500.302, 0.000, 0.901, 8.696, 0.000, 
398, 4, 0, 405.903, 2584.160, 45.045, 2571.556, 30.568, 1521.030, 2109.486, 0.000, 1502.185, 0.000, 1.212, 8.897, 0.000, 
398, 4, 0, 409.209, 2594.229, 51.998, 2537.051, 29.686, 1519.478, 2144.793, 0.000, 1503.908, 0.000, 0.992, 9.017, 0.000, 
398, 4, 0, 414.670, 2594.488, 55.635, 2542.411, 29.565, 1516.732, 2119.946, 0.000, 1503.066, 0.000, 0.662, 9.057, 0.000, 
398, 4, 0, 432.173, 2621.029, 61.756, 2437.474, 25.208, 1513.847, 2046.608, 0.000, 1505.270, 0.000, 1.012, 9.298, 0.000, 
398, 4, 0, 417.495, 2581.955, 54.192, 2542.822, 25.027, 1510.741, 2114.136, 0.000, 1508.437, 0.000, 0.982, 9.137, 0.000, 
398, 4, 0, 423.466, 2596.071, 42.360, 2489.572, 29.174, 1512.714, 2124.555, 0.000, 1502.746, 0.000, 1.032, 9.779, 0.000, 
398, 4, 0, 419.048, 2570.404, 54.763, 2554.534, 26.690, 1510.911, 2147.839, 0.000, 1502.546, 0.000, 1.262, 11.101, 0.000, 
398, 4, 0, 430.820, 2663.209, 59.441, 2438.956, 24.426, 1510.020, 2063.120, 0.000, 1506.352, 0.000, 1.202, 8.817, 0.000, 
398, 4, 0, 428.576, 2551.418, 60.945, 2116.801, 23.885, 1510.952, 1933.596, 0.000, 1505.912, 0.000, 1.052, 9.017, 0.000, 
398, 4, 0, 425.190, 2605.650, 49.313, 2049.514, 23.945, 1510.120, 1906.585, 0.000, 1506.914, 0.000, 0.732, 8.777, 0.000, 
399, 4, 0, 406.585, 2706.149, 44.624, 2491.846, 25.218, 1512.975, 2060.756, 0.000, 1502.064, 0.000, 0.601, 8.857, 0.000, 
399, 4, 0, 419.669, 2668.168, 51.597, 2504.299, 29.566, 1516.232, 2110.529, 0.000, 1507.074, 0.000, 0.992, 9.618, 0.000, 
399, 4, 0, 450.177, 2657.407, 46.247, 2374.025, 23.614, 1515.069, 2338.318, 0.000, 1506.633, 0.000, 0.901, 9.698, 0.000, 
399, 4, 0, 455.627, 2604.397, 51.247, 2021.241, 23.995, 1522.123, 1946.100, 0.000, 1507.435, 0.000, 0.912, 8.857, 0.000, 
399, 4, 0, 460.686, 2702.793, 65.503, 2003.047, 25.328, 1517.964, 2455.698, 0.000, 1507.755, 0.000, 1.052, 9.858, 0.000, 
399, 4, 0, 470.886, 2712.350, 55.976, 2412.146, 24.716, 1518.135, 2024.206, 0.000, 1508.277, 0.000, 0.802, 9.659, 0.000, 
399, 4, 0, 437.994, 2614.416, 43.171, 2077.998, 24.516, 1526.290, 1893.480, 0.000, 1504.790, 0.000, 1.011, 8.617, 0.000, 
399, 4, 0, 481.145, 2607.443, 57.588, 2012.324, 23.785, 1514.488, 1879.093, 0.000, 1508.557, 0.000, 0.772, 8.777, 0.000, 
399, 4, 0, 441.841, 2622.502, 42.770, 2060.244, 23.154, 1514.578, 1888.672, 0.000, 1502.906, 0.000, 1.352, 9.659, 0.000, 
399, 4, 0, 429.828, 2625.617, 40.045, 2064.733, 24.777, 1515.570, 1939.808, 0.000, 1507.515, 0.000, 1.142, 10.018, 0.000, 
400, 4, 0, 433.436, 2663.148, 59.301, 2024.487, 24.366, 1520.890, 1923.056, 0.000, 1506.513, 0.000, 0.912, 8.336, 0.000, 
400, 4, 0, 419.869, 2660.333, 64.171, 2445.990, 24.285, 1513.937, 1942.934, 0.000, 1513.246, 0.000, 0.952, 8.657, 0.000, 
400, 4, 0, 424.117, 2654.412, 49.343, 2089.830, 24.215, 1524.186, 2494.852, 0.000, 1518.856, 0.000, 1.012, 9.017, 0.000, 
400, 4, 0, 409.791, 2639.844, 51.607, 1967.239, 24.997, 1516.723, 2443.876, 0.000, 1512.845, 0.000, 0.882, 9.498, 0.000, 
400, 4, 0, 417.174, 2654.943, 58.380, 2551.488, 29.595, 1518.104, 2037.992, 0.000, 1510.440, 0.000, 1.172, 8.736, 0.000, 
400, 4, 0, 444.175, 2702.712, 64.922, 2007.996, 23.755, 1522.062, 2466.358, 0.000, 1511.602, 0.000, 1.062, 9.177, 0.000, 
400, 4, 0, 431.562, 2731.927, 66.065, 2429.298, 24.135, 1524.276, 1929.549, 0.000, 1506.232, 0.000, 0.881, 8.777, 0.000, 
400, 4, 0, 427.454, 2623.023, 49.002, 2060.284, 25.267, 1518.665, 1913.118, 0.000, 1510.520, 0.000, 1.423, 8.656, 0.000, 
400, 4, 0, 432.142, 2651.666, 68.919, 2461.048, 29.225, 1522.994, 1928.827, 0.000, 1506.633, 0.000, 0.952, 9.137, 0.000, 
400, 4, 0, 443.083, 2635.576, 58.220, 2021.031, 24.566, 1523.004, 2512.364, 0.000, 1506.433, 0.000, 0.992, 8.536, 0.000, 
401, 4, 0, 434.797, 2666.054, 59.943, 2527.112, 24.226, 1517.133, 2044.565, 0.000, 1515.851, 0.000, 1.042, 9.458, 0.000, 
401, 4, 0, 449.565, 2647.408, 53.451, 2037.011, 22.913, 1526.069, 1874.004, 0.000, 1519.778, 0.000, 1.452, 9.377, 0.000, 
401, 4, 0, 435.509, 2675.201, 58.750, 2033.003, 25.027, 1520.119, 2494.571, 0.000, 1515.089, 0.000, 1.293, 9.097, 0.000, 
401, 4, 0, 449.325, 3017.424, 69.691, 2127.791, 28.835, 1544.996, 2066.607, 0.000, 1516.451, 0.000, 1.011, 8.696, 0.000, 
401, 4, 0, 436.170, 2691.692, 41.378, 1988.720, 25.779, 1520.239, 2460.988, 0.000, 1516.131, 0.000, 0.801, 10.340, 0.000, 
401, 4, 0, 416.824, 2702.903, 62.758, 2540.888, 30.267, 1535.047, 2136.177, 0.000, 1510.400, 0.000, 0.901, 9.297, 0.000, 
401, 4, 0, 424.458, 2665.592, 43.903, 2507.425, 24.085, 1527.793, 2121.349, 0.000, 1519.056, 0.000, 0.862, 9.618, 0.000, 
401, 4, 0, 422.274, 2612.653, 48.492, 2514.229, 25.227, 1523.956, 2081.193, 0.000, 1514.248, 0.000, 1.052, 10.019, 0.000, 
401, 4, 0, 420.020, 2733.781, 58.200, 2466.769, 28.734, 1532.312, 2035.067, 0.000, 1514.929, 0.000, 0.912, 8.816, 0.000, 
401, 4, 0, 438.896, 2686.712, 60.975, 2030.338, 24.536, 1522.733, 1911.154, 0.000, 1511.803, 0.000, 0.791, 8.777, 0.000, 
402, 4, 0, 430.419, 2716.689, 64.361, 2037.531, 25.678, 1522.743, 2490.483, 0.000, 1521.982, 0.000, 0.992, 9.658, 0.000, 
402, 4, 0, 428.956, 2742.668, 58.641, 2487.057, 24.656, 1528.584, 2052.620, 0.000, 1519.337, 0.000, 1.012, 9.338, 0.000, 
402, 4, 0, 432.083, 2776.050, 54.703, 2395.374, 24.345, 1531.379, 1994.351, 0.000, 1514.488, 0.000, 1.142, 8.936, 0.000, 
402, 4, 0, 423.706, 2767.303, 60.053, 2019.277, 24.937, 1522.864, 2399.272, 0.000, 1517.734, 0.000, 1.142, 9.859, 0.000, 
402, 4, 0, 420.511, 2698.264, 57.889, 2472.500, 25.227, 1530.929, 2048.812, 0.000, 1514.929, 0.000, 0.672, 8.656, 0.000, 
402, 4, 0, 427.734, 2677.345, 44.684, 2090.852, 23.644, 1526.641, 1894.001, 0.000, 1517.774, 0.000, 0.581, 9.297, 0.000, 
402, 4, 0, 433.385, 2840.291, 65.904, 2573.600, 27.521, 1533.533, 2479.343, 0.000, 1521.301, 0.000, 0.882, 9.778, 0.000, 
402, 4, 0, 424.188, 2659.952, 42.089, 2524.116, 30.698, 1532.502, 2092.615, 0.000, 1518.095, 0.000, 1.152, 9.298, 0.000, 
402, 4, 0, 435.600, 2690.449, 47.059, 2045.978, 24.877, 1521.791, 2469.764, 0.000, 1518.696, 0.000, 0.932, 9.378, 0.000, 
402, 4, 0, 436.501, 2700.338, 41.809, 2438.236, 25.798, 1528.524, 2033.504, 0.000, 1513.366, 0.000, 0.782, 9.298, 0.000, 
403, 4, 0, 446.800, 2811.727, 52.619, 1981.036, 25.638, 1532.221, 2449.326, 0.000, 1525.549, 0.000, 0.851, 9.858, 0.000, 
403, 4, 0, 447.091, 2715.427, 58.340, 2457.952, 24.496, 1529.707, 1980.124, 0.000, 1525.749, 0.000, 1.042, 8.616, 0.000, 
403, 4, 0, 435.068, 2806.347, 63.059, 2572.448, 30.467, 1534.145, 2031.059, 0.000, 1522.864, 0.000, 0.902, 8.617, 0.000, 
403, 4, 0, 432.363, 2730.225, 58.700, 2025.148, 24.356, 1525.699, 2525.188, 0.000, 1526.751, 0.000, 0.921, 9.819, 0.000, 
403, 4, 0, 437.213, 2699.165, 55.694, 2448.985, 22.763, 1532.662, 2052.860, 0.000, 1522.744, 0.000, 0.942, 8.656, 0.000, 
403, 4, 0, 441.540, 2673.578, 63.329, 2063.560, 24.546, 1531.069, 2420.151, 0.000, 1522.984, 0.000, 1.293, 8.977, 0.000, 
403, 4, 0, 421.462, 2660.554, 40.947, 2518.957, 24.866, 1534.335, 2069.372, 0.000, 1524.147, 0.000, 1.012, 8.576, 0.000, 
403, 4, 0, 433.405, 2674.530, 55.725, 2075.703, 24.566, 1532.161, 2521.261, 0.000, 1524.146, 0.000, 1.032, 9.017, 0.000, 
403, 4, 0, 431.691, 2631.739, 41.719, 2522.935, 28.113, 1532.171, 2082.076, 0.000, 1521.260, 0.000, 0.861, 8.977, 0.000, 
403, 4, 0, 426.883, 2639.013, 52.368, 2080.352, 24.586, 1529.436, 1927.985, 0.000, 1522.623, 0.000, 0.881, 8.656, 0.000, 
404, 4, 0, 422.404, 2676.333, 56.076, 2064.833, 24.676, 1536.259, 2490.884, 0.000, 1525.469, 0.000, 0.761, 9.458, 0.000, 
404, 4, 0, 427.935, 2637.350, 45.606, 2505.592, 25.077, 1536.890, 2071.615, 0.000, 1523.906, 0.000, 0.661, 9.778, 0.000, 
404, 4, 0, 439.997, 2735.834, 52.238, 2001.855, 24.406, 1537.271, 2485.594, 0.000, 1525.228, 0.000, 1.012, 9.137, 0.000, 
404, 4, 0, 439.907, 2684.438, 59.522, 2463.522, 24.506, 1538.012, 1966.057, 0.000, 1526.350, 0.000, 0.792, 8.817, 0.000, 
404, 4, 0, 448.935, 2687.624, 42.860, 2008.246, 24.256, 1534.315, 2389.333, 0.000, 1521.621, 0.000, 1.133, 8.977, 0.000, 
404, 4, 0, 434.467, 2609.667, 47.259, 2143.982, 24.116, 1533.274, 1912.516, 0.000, 1522.904, 0.000, 0.841, 9.698, 0.000, 
404, 4, 0, 440.167, 2653.479, 60.524, 2045.337, 34.264, 1536.048, 2469.123, 0.000, 1527.312, 0.000, 1.172, 8.936, 0.000, 
404, 4, 0, 437.463, 2863.494, 64.691, 2392.759, 30.578, 1529.617, 1943.935, 0.000, 1527.673, 0.000, 1.132, 8.777, 0.000, 
404, 4, 0, 424.970, 2752.736, 50.666, 1992.377, 24.666, 1535.628, 2487.598, 0.000, 1523.064, 0.000, 0.831, 9.939, 0.000, 
404, 4, 0, 441.901, 2674.369, 54.763, 2513.747, 23.875, 1538.303, 1913.038, 0.000, 1527.312, 0.000, 1.022, 8.696, 0.000, 
405, 4, 0, 423.556, 2649.252, 54.002, 2033.674, 24.517, 1536.289, 2500.061, 0.000, 1530.639, 0.000, 0.902, 9.859, 0.000, 
405, 4, 0, 422.534, 2642.510, 50.054, 2536.079, 25.578, 1542.521, 2088.848, 0.000, 1531.720, 0.000, 1.042, 8.857, 0.000, 
405, 4, 0, 439.928, 2642.649, 51.677, 2040.537, 24.516, 1536.870, 2467.800, 0.000, 1525.108, 0.000, 0.902, 9.097, 0.000, 
405, 4, 0, 425.249, 2650.915, 40.567, 2549.695, 26.520, 1540.317, 2072.056, 0.000, 1524.827, 0.000, 0.842, 9.498, 0.000, 
405, 4, 0, 441.991, 2661.535, 46.808, 2031.841, 24.967, 1538.292, 2527.113, 0.000, 1535.287, 0.000, 0.982, 9.097, 0.000, 
405, 4, 0, 439.827, 2664.791, 48.501, 2449.706, 25.108, 1532.572, 1978.560, 0.000, 1532.402, 0.000, 1.032, 8.536, 0.000, 
405, 4, 0, 446.410, 2740.473, 45.676, 2553.272, 30.938, 1543.873, 2056.186, 0.000, 1532.481, 0.000, 0.982, 8.657, 0.000, 
405, 4, 0, 448.793, 2724.543, 61.926, 2580.382, 25.158, 1541.740, 1935.841, 0.000, 1528.714, 0.000, 1.122, 8.697, 0.000, 
405, 4, 0, 444.867, 2973.231, 75.331, 2381.287, 27.191, 1537.391, 2420.391, 0.000, 1530.117, 0.000, 0.812, 9.659, 0.000, 
405, 4, 0, 429.668, 2635.416, 41.659, 2456.951, 30.107, 1542.060, 2061.276, 0.000, 1529.837, 0.000, 0.932, 9.338, 0.000, 
406, 4, 0, 447.101, 2788.183, 56.145, 2402.878, 24.466, 1545.537, 2004.449, 0.000, 1535.527, 0.000, 1.002, 9.458, 0.000, 
406, 4, 0, 419.369, 2653.209, 45.926, 2038.253, 24.526, 1541.519, 2462.030, 0.000, 1528.755, 0.000, 0.912, 9.578, 0.000, 
406, 4, 0, 431.722, 2659.992, 51.827, 2478.451, 29.385, 1541.669, 2055.265, 0.000, 1529.155, 0.000, 1.092, 8.817, 0.000, 
406, 4, 0, 449.926, 2744.181, 64.201, 2595.811, 24.506, 1545.907, 2021.762, 0.000, 1535.527, 0.000, 1.092, 8.656, 0.000, 
406, 4, 0, 453.022, 2637.410, 46.307, 2007.034, 24.075, 1544.565, 2541.499, 0.000, 1535.447, 0.000, 0.822, 10.099, 0.000, 
406, 4, 0, 429.868, 2735.595, 51.747, 2444.256, 24.826, 1536.950, 1950.147, 0.000, 1539.095, 0.000, 0.941, 8.856, 0.000, 
406, 4, 0, 435.920, 2744.331, 67.707, 2596.172, 24.105, 1543.863, 1977.359, 0.000, 1535.728, 0.000, 1.042, 9.338, 0.000, 
406, 4, 0, 423.887, 2678.707, 55.744, 1999.590, 24.857, 1539.906, 2444.877, 0.000, 1529.156, 0.000, 0.872, 9.338, 0.000, 
406, 4, 0, 413.458, 2647.579, 39.825, 2457.651, 26.200, 1536.019, 1997.436, 0.000, 1538.774, 0.000, 1.142, 8.897, 0.000, 
406, 4, 0, 415.562, 2622.732, 49.894, 2092.715, 25.027, 1542.180, 2482.548, 0.000, 1532.842, 0.000, 0.952, 9.177, 0.000, 
407, 4, 0, 410.973, 2799.244, 52.028, 2438.065, 28.394, 1541.198, 2303.050, 0.000, 1542.220, 0.000, 1.103, 9.578, 0.000, 
407, 4, 0, 440.108, 2612.092, 58.640, 2512.395, 24.275, 1541.989, 2072.978, 0.000, 1539.816, 0.000, 0.731, 9.137, 0.000, 
407, 4, 0, 425.671, 2795.187, 55.023, 2007.906, 25.397, 1548.482, 2501.744, 0.000, 1539.135, 0.000, 1.302, 9.458, 0.000, 
407, 4, 0, 427.174, 2611.150, 53.260, 2540.978, 23.314, 1540.227, 2056.187, 0.000, 1537.852, 0.000, 0.882, 9.458, 0.000, 
407, 4, 0, 419.739, 2617.402, 58.390, 2102.333, 25.428, 1552.199, 2520.339, 0.000, 1538.012, 0.000, 1.202, 9.178, 0.000, 
407, 4, 0, 432.734, 2715.266, 42.440, 2464.495, 23.143, 1543.102, 2009.218, 0.000, 1532.321, 0.000, 0.661, 9.297, 0.000, 
407, 4, 0, 423.597, 2613.234, 51.737, 2100.330, 25.047, 1548.742, 2532.002, 0.000, 1539.135, 0.000, 0.931, 9.177, 0.000, 
407, 4, 0, 415.431, 2640.786, 58.720, 2522.543, 29.114, 1542.630, 1985.214, 0.000, 1537.251, 0.000, 0.671, 8.656, 0.000, 
407, 4, 0, 420.360, 2622.732, 53.000, 2059.743, 23.444, 1551.187, 2447.202, 0.000, 1531.640, 0.000, 0.571, 9.097, 0.000, 
407, 4, 0, 406.815, 2621.720, 52.940, 2533.815, 24.957, 1543.473, 2002.125, 0.000, 1539.535, 0.000, 0.781, 8.897, 0.000, 
408, 4, 0, 407.186, 2625.347, 42.180, 2123.193, 25.057, 1553.131, 2463.632, 0.000, 1536.089, 0.000, 0.511, 9.097, 0.000, 
408, 4, 0, 423.817, 2633.693, 55.224, 2539.265, 24.687, 1551.077, 2030.418, 0.000, 1545.827, 0.000, 1.062, 8.536, 0.000, 
408, 4, 0, 420.831, 2624.215, 57.999, 2087.756, 22.723, 1548.662, 2465.877, 0.000, 1539.015, 0.000, 0.892, 9.137, 0.000, 
408, 4, 0, 421.653, 2621.500, 52.188, 2553.061, 23.414, 1552.981, 1999.360, 0.000, 1541.940, 0.000, 1.002, 8.776, 0.000, 
408, 4, 0, 424.939, 2624.916, 41.148, 2066.516, 24.517, 1552.901, 2496.094, 0.000, 1541.138, 0.000, 1.042, 9.178, 0.000, 
408, 4, 0, 409.250, 2639.654, 57.628, 2526.531, 25.157, 1543.873, 1996.073, 0.000, 1543.663, 0.000, 0.792, 8.777, 0.000, 
408, 4, 0, 430.048, 2575.443, 48.591, 2096.993, 26.029, 1548.111, 2450.769, 0.000, 1544.785, 0.000, 0.882, 8.977, 0.000, 
408, 4, 0, 431.862, 2686.142, 47.489, 2462.681, 34.535, 1559.212, 1947.502, 0.000, 1538.093, 0.000, 1.293, 8.817, 0.000, 
408, 4, 0, 451.389, 2763.046, 63.710, 2518.386, 24.426, 1544.284, 1957.842, 0.000, 1541.539, 0.000, 1.142, 8.776, 0.000, 
408, 4, 0, 423.827, 2645.435, 40.937, 2055.946, 24.917, 1550.245, 2483.390, 0.000, 1544.545, 0.000, 1.032, 9.658, 0.000, 
409, 4, 0, 428.495, 2663.980, 42.891, 2487.989, 24.346, 1557.429, 1989.060, 0.000, 1545.226, 0.000, 0.922, 9.338, 0.000, 
409, 4, 0, 424.338, 2654.842, 41.849, 2024.838, 24.095, 1553.602, 2481.546, 0.000, 1546.589, 0.000, 0.922, 9.698, 0.000, 
409, 4, 0, 423.356, 2651.797, 58.991, 2521.862, 25.138, 1550.145, 2017.354, 0.000, 1539.134, 0.000, 1.122, 9.458, 0.000, 
409, 4, 0, 423.877, 2644.112, 61.346, 2095.922, 24.887, 1555.325, 2506.153, 0.000, 1539.575, 0.000, 1.072, 9.177, 0.000, 
409, 4, 0, 438.675, 2649.031, 60.784, 2519.858, 24.056, 1555.365, 2010.620, 0.000, 1539.535, 0.000, 0.902, 8.857, 0.000, 
409, 4, 0, 438.685, 2683.145, 52.268, 2034.466, 25.217, 1552.740, 2458.864, 0.000, 1547.149, 0.000, 1.313, 9.939, 0.000, 
409, 4, 0, 437.623, 2646.216, 57.227, 2510.050, 25.237, 1547.079, 2005.131, 0.000, 1540.257, 0.000, 0.992, 9.818, 0.000, 
409, 4, 0, 438.635, 2635.406, 48.852, 2039.094, 27.111, 1559.954, 2401.676, 0.000, 1545.506, 0.000, 0.961, 10.059, 0.000, 
409, 4, 0, 425.951, 2617.672, 44.643, 2567.618, 29.947, 1552.620, 1937.042, 0.000, 1541.859, 0.000, 1.042, 8.857, 0.000, 
409, 4, 0, 445.097, 2645.004, 57.388, 2638.231, 30.478, 1563.170, 2059.353, 0.000, 1545.226, 0.000, 1.002, 9.257, 0.000, 
410, 4, 0, 428.606, 2779.797, 64.912, 2034.837, 25.288, 1559.893, 2337.315, 0.000, 1543.864, 0.000, 1.192, 9.698, 0.000, 
410, 4, 0, 430.430, 2728.551, 51.367, 2054.183, 26.099, 1553.602, 2442.794, 0.000, 1546.629, 0.000, 0.982, 10.139, 0.000, 
410, 4, 0, 444.405, 2700.488, 50.105, 2470.536, 30.968, 1558.050, 2011.503, 0.000, 1548.833, 0.000, 1.352, 8.696, 0.000, 
410, 4, 0, 434.237, 2850.971, 73.007, 2550.526, 25.528, 1559.051, 1952.712, 0.000, 1547.510, 0.000, 0.661, 9.137, 0.000, 
410, 4, 0, 436.140, 2621.240, 49.873, 2087.475, 25.037, 1556.457, 2487.438, 0.000, 1551.437, 0.000, 0.741, 9.218, 0.000, 
410, 4, 0, 443.934, 2657.438, 50.244, 2507.134, 30.006, 1556.337, 1956.960, 0.000, 1546.308, 0.000, 1.133, 8.696, 0.000, 
410, 4, 0, 459.284, 3026.481, 64.411, 2413.850, 24.937, 1559.142, 2138.742, 0.000, 1549.113, 0.000, 0.792, 8.415, 0.000, 
410, 4, 0, 436.431, 2746.485, 42.690, 2605.519, 25.648, 1559.162, 1983.690, 0.000, 1547.709, 0.000, 0.802, 8.616, 0.000, 
410, 4, 0, 436.651, 2687.283, 56.586, 2044.284, 25.097, 1553.371, 2500.863, 0.000, 1543.784, 0.000, 1.112, 9.698, 0.000, 
410, 4, 0, 436.000, 2651.366, 42.430, 2494.932, 25.508, 1559.132, 2051.658, 0.000, 1550.877, 0.000, 1.112, 8.816, 0.000, 
411, 4, 0, 445.017, 2682.224, 56.496, 2628.452, 23.624, 1560.384, 2104.516, 0.000, 1554.163, 0.000, 1.252, 8.816, 0.000, 
411, 4, 0, 411.043, 2622.602, 46.126, 2095.270, 23.714, 1562.638, 2485.874, 0.000, 1556.647, 0.000, 1.122, 9.698, 0.000, 
411, 4, 0, 411.353, 2680.521, 53.761, 2472.690, 25.989, 1556.167, 2030.699, 0.000, 1553.321, 0.000, 0.781, 8.937, 0.000, 
411, 4, 0, 411.965, 2683.917, 44.764, 2066.436, 23.394, 1560.705, 2450.928, 0.000, 1555.004, 0.000, 0.881, 8.857, 0.000, 
411, 4, 0, 417.785, 2644.082, 54.603, 2531.541, 40.887, 1562.879, 2008.577, 0.000, 1550.356, 0.000, 1.172, 9.578, 0.000, 
411, 4, 0, 420.210, 2687.334, 57.288, 2025.319, 23.895, 1564.622, 2462.030, 0.000, 1554.603, 0.000, 0.801, 9.257, 0.000, 
411, 4, 0, 415.552, 2691.561, 52.309, 2475.555, 25.748, 1560.174, 2047.048, 0.000, 1549.915, 0.000, 1.012, 9.297, 0.000, 
411, 4, 0, 471.066, 2896.307, 62.728, 2322.698, 24.927, 1557.499, 1938.005, 0.000, 1552.760, 0.000, 1.042, 9.258, 0.000, 
411, 4, 0, 420.851, 2647.658, 59.602, 2123.813, 25.157, 1560.945, 2479.824, 0.000, 1551.878, 0.000, 1.412, 9.178, 0.000, 
411, 4, 0, 445.157, 2761.343, 58.550, 2351.071, 24.215, 1564.171, 2563.660, 0.000, 1552.199, 0.000, 0.761, 9.057, 0.000, 
412, 4, 0, 447.501, 2687.564, 52.930, 2456.730, 24.947, 1565.755, 1968.301, 0.000, 1555.766, 0.000, 0.921, 9.257, 0.000, 
412, 4, 0, 444.165, 2686.633, 40.426, 2613.725, 27.111, 1561.306, 2030.258, 0.000, 1558.570, 0.000, 0.742, 9.859, 0.000, 
412, 4, 0, 446.449, 2683.907, 46.196, 2589.108, 24.816, 1565.834, 1967.619, 0.000, 1555.846, 0.000, 1.372, 9.057, 0.000, 
412, 4, 0, 444.035, 2659.451, 59.943, 2561.617, 26.680, 1569.862, 2048.212, 0.000, 1557.088, 0.000, 1.112, 9.618, 0.000, 
412, 4, 0, 433.625, 2642.419, 47.048, 2637.039, 29.415, 1561.717, 1973.230, 0.000, 1553.080, 0.000, 1.052, 8.817, 0.000, 
412, 4, 0, 440.408, 2753.047, 43.883, 2512.866, 25.067, 1564.311, 2005.170, 0.000, 1553.802, 0.000, 0.751, 9.458, 0.000, 
412, 4, 0, 442.162, 2674.048, 53.821, 2578.910, 26.951, 1567.918, 2031.500, 0.000, 1558.891, 0.000, 0.932, 9.497, 0.000, 
412, 4, 0, 451.589, 2757.025, 47.720, 2483.450, 25.829, 1568.289, 2038.032, 0.000, 1553.481, 0.000, 1.042, 8.936, 0.000, 
412, 4, 0, 432.203, 2625.938, 54.042, 2074.121, 24.186, 1561.356, 2476.296, 0.000, 1555.885, 0.000, 1.243, 9.698, 0.000, 
412, 4, 0, 438.374, 2696.451, 42.370, 2411.565, 23.464, 1569.461, 2569.071, 0.000, 1559.252, 0.000, 0.952, 9.778, 0.000, 
413, 4, 0, 439.085, 2675.241, 59.953, 2044.595, 24.236, 1572.317, 2417.106, 0.000, 1562.499, 0.000, 0.802, 9.458, 0.000, 
413, 4, 0, 433.856, 2653.660, 49.393, 2074.361, 24.226, 1567.428, 2455.817, 0.000, 1562.458, 0.000, 0.421, 9.177, 0.000, 
413, 4, 0, 428.626, 2682.634, 52.920, 2466.619, 24.987, 1570.994, 1984.531, 0.000, 1557.248, 0.000, 1.192, 8.777, 0.000, 
413, 4, 0, 425.270, 2701.871, 43.962, 2611.601, 26.419, 1567.187, 2008.818, 0.000, 1563.380, 0.000, 1.342, 9.298, 0.000, 
413, 4, 0, 423.496, 2623.874, 39.374, 2108.215, 23.855, 1564.873, 2495.772, 0.000, 1561.256, 0.000, 0.932, 9.177, 0.000, 
413, 4, 0, 428.266, 2710.777, 56.266, 2055.466, 23.865, 1573.609, 2465.036, 0.000, 1562.178, 0.000, 0.842, 9.177, 0.000, 
413, 4, 0, 417.936, 2712.592, 56.756, 2043.362, 24.787, 1565.965, 2378.833, 0.000, 1556.607, 0.000, 1.002, 9.016, 0.000, 
413, 4, 0, 415.321, 2683.025, 48.561, 2507.244, 25.027, 1569.312, 1943.293, 0.000, 1563.019, 0.000, 1.133, 9.418, 0.000, 
413, 4, 0, 449.134, 2646.427, 59.241, 2465.877, 25.027, 1575.142, 1970.706, 0.000, 1561.737, 0.000, 0.912, 8.817, 0.000, 
413, 4, 0, 424.809, 2633.292, 57.238, 2029.888, 24.035, 1569.742, 2449.085, 0.000, 1561.136, 0.000, 0.891, 9.217, 0.000, 
414, 4, 0, 411.354, 2686.412, 44.754, 2510.902, 29.575, 1580.302, 2476.897, 0.000, 1567.788, 0.000, 1.012, 9.057, 0.000, 
414, 4, 0, 419.028, 2614.677, 40.135, 2529.346, 29.786, 1573.679, 2038.514, 0.000, 1563.500, 0.000, 1.012, 8.736, 0.000, 
414, 4, 0, 420.641, 2673.417, 60.674, 2035.678, 24.756, 1577.546, 2409.812, 0.000, 1563.019, 0.000, 1.162, 9.137, 0.000, 
414, 4, 0, 420.400, 2676.614, 54.653, 2493.519, 23.083, 1577.156, 2582.976, 0.000, 1558.972, 0.000, 1.292, 9.257, 0.000, 
414, 4, 0, 424.318, 2695.198, 59.131, 2051.759, 25.298, 1577.477, 2402.798, 0.000, 1559.252, 0.000, 0.551, 9.177, 0.000, 
414, 4, 0, 423.897, 2694.206, 58.971, 2058.391, 25.078, 1572.958, 2474.413, 0.000, 1567.868, 0.000, 1.112, 9.738, 0.000, 
414, 4, 0, 411.083, 2678.166, 56.225, 2560.524, 33.903, 1582.606, 1967.139, 0.000, 1563.581, 0.000, 0.782, 9.218, 0.000, 
414, 4, 0, 428.536, 2726.207, 57.828, 2593.747, 24.166, 1576.114, 1979.522, 0.000, 1563.620, 0.000, 0.821, 8.856, 0.000, 
414, 4, 0, 417.746, 2628.934, 58.830, 2059.372, 27.392, 1578.950, 2446.080, 0.000, 1565.023, 0.000, 1.163, 10.099, 0.000, 
414, 4, 0, 416.553, 2662.377, 53.410, 2497.727, 31.489, 1574.481, 1953.953, 0.000, 1566.025, 0.000, 0.922, 9.778, 0.000, 
415, 4, 0, 419.749, 2726.257, 51.036, 2610.980, 32.020, 1582.055, 1967.259, 0.000, 1566.747, 0.000, 0.962, 9.778, 0.000, 
415, 4, 0, 437.974, 2685.840, 58.480, 2595.691, 24.726, 1580.722, 1969.304, 0.000, 1568.149, 0.000, 0.541, 9.057, 0.000, 
415, 4, 0, 490.443, 2846.773, 54.172, 2294.274, 25.398, 1582.546, 2429.928, 0.000, 1563.781, 0.000, 1.021, 9.057, 0.000, 
415, 4, 0, 418.547, 2642.499, 40.096, 2538.745, 27.872, 1584.319, 2073.539, 0.000, 1567.066, 0.000, 0.711, 9.337, 0.000, 
415, 4, 0, 433.586, 2723.371, 55.354, 2599.448, 24.716, 1578.739, 2019.838, 0.000, 1570.433, 0.000, 0.862, 9.377, 0.000, 
415, 4, 0, 478.129, 2698.585, 54.483, 2567.418, 30.117, 1579.260, 2005.370, 0.000, 1568.229, 0.000, 0.771, 8.737, 0.000, 
415, 4, 0, 446.118, 2751.515, 47.349, 2525.349, 25.648, 1578.247, 2074.060, 0.000, 1568.349, 0.000, 1.002, 8.697, 0.000, 
415, 4, 0, 442.382, 2606.742, 55.514, 2052.068, 25.187, 1576.314, 2493.008, 0.000, 1568.590, 0.000, 0.761, 9.177, 0.000, 
415, 4, 0, 434.056, 2637.590, 55.374, 2517.584, 31.098, 1584.690, 2022.883, 0.000, 1567.668, 0.000, 0.781, 9.297, 0.000, 
415, 4, 0, 451.218, 2723.532, 41.097, 2546.258, 25.929, 1573.539, 2006.934, 0.000, 1567.628, 0.000, 0.762, 8.736, 0.000, 
416, 4, 0, 443.334, 2717.420, 60.303, 2594.389, 25.137, 1580.733, 2036.390, 0.000, 1574.561, 0.000, 0.791, 9.257, 0.000, 
416, 4, 0, 445.137, 2669.821, 53.941, 2601.151, 28.714, 1578.228, 2021.200, 0.000, 1577.727, 0.000, 0.952, 8.616, 0.000, 
416, 4, 0, 456.218, 2674.099, 47.640, 2527.193, 25.979, 1581.965, 2037.432, 0.000, 1571.475, 0.000, 0.842, 8.616, 0.000, 
416, 4, 0, 494.881, 2779.346, 48.101, 2326.385, 24.226, 1582.316, 1981.887, 0.000, 1573.199, 0.000, 0.781, 8.576, 0.000, 
416, 4, 0, 419.409, 2589.099, 49.192, 2142.088, 26.280, 1589.740, 2567.988, 0.000, 1572.277, 0.000, 1.002, 9.859, 0.000, 
416, 4, 0, 427.534, 2718.633, 41.448, 2454.866, 24.196, 1576.445, 2573.559, 0.000, 1573.159, 0.000, 1.002, 9.418, 0.000, 
416, 4, 0, 435.839, 2628.352, 58.590, 2513.586, 24.236, 1573.810, 2003.167, 0.000, 1567.107, 0.000, 1.011, 9.338, 0.000, 
416, 4, 0, 461.448, 2751.484, 55.764, 2473.371, 23.554, 1573.549, 2463.712, 0.000, 1569.872, 0.000, 0.651, 9.738, 0.000, 
416, 4, 0, 433.385, 2707.421, 54.001, 2621.299, 25.468, 1582.176, 2564.022, 0.000, 1570.513, 0.000, 0.812, 9.177, 0.000, 
416, 4, 0, 433.455, 2712.320, 41.187, 2017.674, 24.586, 1577.717, 2337.275, 0.000, 1570.794, 0.000, 1.142, 8.937, 0.000, 
417, 4, 0, 440.488, 2708.083, 46.938, 2634.374, 30.247, 1587.355, 2046.247, 0.000, 1574.441, 0.000, 1.132, 9.377, 0.000, 
417, 4, 0, 449.415, 2697.553, 41.488, 2556.758, 24.927, 1586.433, 2546.388, 0.000, 1573.599, 0.000, 0.892, 9.658, 0.000, 
417, 4, 0, 446.570, 2703.274, 60.654, 2611.300, 24.436, 1587.605, 2566.547, 0.000, 1576.845, 0.000, 1.052, 9.818, 0.000, 
417, 4, 0, 444.686, 2730.083, 61.857, 2394.042, 23.996, 1584.430, 2449.886, 0.000, 1578.048, 0.000, 1.262, 9.418, 0.000, 
417, 4, 0, 433.145, 2692.513, 56.877, 2645.585, 24.887, 1580.833, 2541.500, 0.000, 1574.080, 0.000, 0.641, 9.458, 0.000, 
417, 4, 0, 429.678, 2700.117, 52.770, 2521.272, 25.778, 1578.558, 1968.301, 0.000, 1572.558, 0.000, 1.012, 8.697, 0.000, 
417, 4, 0, 428.886, 2684.327, 60.363, 2592.285, 28.453, 1583.327, 1979.401, 0.000, 1577.046, 0.000, 0.872, 9.458, 0.000, 
417, 4, 0, 432.384, 2744.340, 54.543, 2580.703, 25.488, 1585.332, 2563.380, 0.000, 1574.000, 0.000, 0.871, 9.618, 0.000, 
417, 4, 0, 447.321, 2685.330, 42.259, 2656.746, 30.598, 1591.703, 2572.036, 0.000, 1573.519, 0.000, 0.912, 9.698, 0.000, 
417, 4, 0, 444.235, 2795.237, 53.601, 2348.336, 25.068, 1586.704, 2477.057, 0.000, 1570.153, 0.000, 0.942, 9.658, 0.000, 
418, 4, 0, 515.750, 3209.695, 69.381, 2645.375, 33.724, 1615.659, 2286.019, 0.000, 1589.910, 0.000, 1.272, 9.017, 0.000, 
418, 4, 0, 476.165, 2744.581, 64.561, 2511.853, 25.559, 1590.271, 2011.503, 0.000, 1576.124, 0.000, 1.193, 8.656, 0.000, 
418, 4, 0, 433.716, 2722.229, 62.407, 2609.386, 25.437, 1597.063, 2022.403, 0.000, 1578.328, 0.000, 1.012, 8.897, 0.000, 
418, 4, 0, 439.086, 2950.328, 53.110, 2423.107, 24.997, 1584.119, 2335.552, 0.000, 1579.691, 0.000, 0.951, 9.899, 0.000, 
418, 4, 0, 458.171, 2731.507, 48.561, 2553.282, 26.380, 1585.622, 2003.728, 0.000, 1580.051, 0.000, 0.902, 8.697, 0.000, 
418, 4, 0, 494.079, 3161.425, 59.722, 2236.435, 27.281, 1581.554, 2156.215, 0.000, 1581.975, 0.000, 0.902, 9.819, 0.000, 
418, 4, 0, 445.508, 2582.806, 46.969, 2656.315, 23.594, 1589.659, 2019.157, 0.000, 1574.401, 0.000, 1.272, 9.858, 0.000, 
418, 4, 0, 439.116, 2746.825, 63.078, 2596.482, 24.366, 1585.682, 1997.556, 0.000, 1578.809, 0.000, 0.922, 9.057, 0.000, 
418, 4, 0, 457.360, 2727.669, 53.861, 2543.262, 24.376, 1582.846, 2561.537, 0.000, 1575.442, 0.000, 0.862, 8.976, 0.000, 
418, 4, 0, 440.568, 2718.282, 61.055, 2619.626, 24.937, 1590.922, 2552.480, 0.000, 1579.691, 0.000, 0.801, 9.137, 0.000, 
419, 4, 0, 443.644, 2640.937, 43.712, 2060.465, 23.875, 1595.951, 2343.808, 0.000, 1583.217, 0.000, 1.122, 8.817, 0.000, 
419, 4, 0, 452.110, 2666.053, 62.086, 2645.274, 27.332, 1588.247, 2518.856, 0.000, 1582.576, 0.000, 0.871, 9.138, 0.000, 
419, 4, 0, 449.726, 2683.556, 48.000, 2659.240, 30.026, 1596.281, 1999.600, 0.000, 1577.085, 0.000, 0.521, 9.698, 0.000, 
419, 4, 0, 427.054, 2690.689, 46.728, 2597.485, 25.067, 1588.828, 1980.324, 0.000, 1576.284, 0.000, 1.012, 9.658, 0.000, 
419, 4, 0, 420.200, 2702.312, 54.011, 2630.146, 29.034, 1594.809, 1988.941, 0.000, 1583.698, 0.000, 0.772, 9.097, 0.000, 
419, 4, 0, 430.209, 2671.524, 47.870, 2063.270, 25.187, 1589.419, 2400.714, 0.000, 1582.015, 0.000, 0.822, 9.297, 0.000, 
419, 4, 0, 451.188, 2690.509, 54.583, 2607.343, 25.308, 1584.440, 2012.865, 0.000, 1577.567, 0.000, 1.042, 9.258, 0.000, 
419, 4, 0, 555.936, 3016.422, 48.180, 2046.137, 24.696, 1591.673, 2423.077, 0.000, 1582.576, 0.000, 1.002, 9.057, 0.000, 
419, 4, 0, 438.955, 2662.837, 46.277, 2462.030, 25.097, 1591.953, 1989.341, 0.000, 1577.928, 0.000, 1.012, 9.538, 0.000, 
419, 4, 0, 460.956, 2706.890, 40.957, 2578.609, 28.724, 1588.197, 2026.932, 0.000, 1582.736, 0.000, 0.801, 8.856, 0.000, 
420, 4, 0, 425.370, 2711.089, 43.772, 2577.046, 25.829, 1591.533, 2007.936, 0.000, 1583.498, 0.000, 0.921, 9.338, 0.000, 
420, 4, 0, 448.203, 2764.348, 55.344, 2545.116, 28.734, 1596.062, 2510.160, 0.000, 1590.030, 0.000, 0.902, 9.859, 0.000, 
420, 4, 0, 425.971, 2726.447, 55.194, 2657.828, 24.687, 1596.923, 2023.245, 0.000, 1581.694, 0.000, 0.941, 8.816, 0.000, 
420, 4, 0, 427.133, 2727.450, 40.716, 2580.682, 24.416, 1599.097, 2538.935, 0.000, 1587.105, 0.000, 0.591, 9.097, 0.000, 
420, 4, 0, 436.991, 2715.005, 41.328, 2057.790, 24.666, 1592.755, 2397.428, 0.000, 1586.423, 0.000, 1.192, 9.698, 0.000, 
420, 4, 0, 448.494, 2698.364, 56.787, 2630.827, 30.818, 1592.786, 2021.361, 0.000, 1581.174, 0.000, 1.132, 8.696, 0.000, 
420, 4, 0, 441.030, 2690.579, 37.540, 2580.492, 24.356, 1591.142, 2022.604, 0.000, 1585.021, 0.000, 0.912, 8.897, 0.000, 
420, 4, 0, 443.794, 2779.607, 53.410, 2518.906, 25.939, 1593.777, 2572.839, 0.000, 1582.255, 0.000, 0.551, 9.178, 0.000, 
420, 4, 0, 494.930, 2903.009, 62.207, 2441.762, 25.889, 1590.772, 1980.965, 0.000, 1581.293, 0.000, 0.791, 9.338, 0.000, 
420, 4, 0, 424.879, 2632.250, 58.210, 2118.965, 24.436, 1601.642, 2495.092, 0.000, 1586.784, 0.000, 1.283, 9.057, 0.000, 
421, 4, 0, 432.193, 2723.601, 50.505, 2054.974, 25.158, 1594.529, 2350.860, 0.000, 1584.820, 0.000, 0.862, 9.498, 0.000, 
421, 4, 0, 432.062, 2748.839, 42.721, 2599.198, 24.867, 1601.011, 2594.559, 0.000, 1593.877, 0.000, 1.172, 9.659, 0.000, 
421, 4, 0, 446.520, 2769.959, 46.808, 2591.543, 26.339, 1601.652, 2516.652, 0.000, 1592.194, 0.000, 0.781, 8.616, 0.000, 
421, 4, 0, 446.089, 2657.767, 54.593, 2666.475, 29.826, 1599.037, 2560.615, 0.000, 1592.635, 0.000, 0.661, 9.097, 0.000, 
421, 4, 0, 441.170, 2656.385, 46.298, 2063.811, 24.295, 1596.091, 2416.384, 0.000, 1589.148, 0.000, 1.112, 9.418, 0.000, 
421, 4, 0, 425.210, 2676.843, 45.806, 2051.377, 28.183, 1596.092, 2419.831, 0.000, 1589.990, 0.000, 0.832, 8.697, 0.000, 
421, 4, 0, 432.634, 2751.925, 60.875, 2629.054, 25.709, 1597.334, 2549.795, 0.000, 1590.031, 0.000, 0.551, 9.378, 0.000, 
421, 4, 0, 448.694, 2808.200, 66.045, 2565.675, 23.565, 1597.394, 2560.976, 0.000, 1592.154, 0.000, 0.941, 9.738, 0.000, 
421, 4, 0, 468.852, 2843.056, 58.330, 2520.059, 24.666, 1600.890, 2530.278, 0.000, 1589.869, 0.000, 1.163, 8.696, 0.000, 
421, 4, 0, 452.681, 2743.259, 57.048, 2559.443, 24.156, 1597.615, 2604.378, 0.000, 1589.549, 0.000, 0.891, 9.258, 0.000, 
422, 4, 0, 434.968, 2763.406, 53.691, 2566.988, 24.375, 1598.636, 1978.680, 0.000, 1593.877, 0.000, 0.782, 9.378, 0.000, 
422, 4, 0, 469.372, 2797.501, 59.162, 2419.891, 25.087, 1603.455, 2451.330, 0.000, 1598.686, 0.000, 1.343, 9.738, 0.000, 
422, 4, 0, 434.587, 2728.381, 57.338, 2646.216, 26.009, 1597.845, 1999.841, 0.000, 1595.680, 0.000, 1.002, 8.856, 0.000, 
422, 4, 0, 441.460, 2730.415, 51.788, 2523.375, 25.117, 1601.381, 2558.251, 0.000, 1596.562, 0.000, 0.812, 10.139, 0.000, 
422, 4, 0, 451.809, 2772.283, 43.812, 2511.643, 24.947, 1601.301, 2469.163, 0.000, 1595.360, 0.000, 0.972, 9.538, 0.000, 
422, 4, 0, 430.640, 2701.610, 46.287, 2601.732, 24.977, 1603.456, 2563.220, 0.000, 1595.360, 0.000, 1.002, 9.698, 0.000, 
422, 4, 0, 429.799, 2728.451, 50.295, 2636.147, 25.789, 1599.318, 2595.400, 0.000, 1595.601, 0.000, 1.011, 9.337, 0.000, 
422, 4, 0, 425.570, 2680.070, 54.162, 2675.461, 30.097, 1612.593, 2606.822, 0.000, 1593.636, 0.000, 0.802, 9.498, 0.000, 
422, 4, 0, 428.205, 2714.935, 50.154, 2675.221, 26.169, 1600.810, 2528.395, 0.000, 1592.795, 0.000, 0.691, 9.698, 0.000, 
422, 4, 0, 425.711, 2703.053, 60.384, 2685.290, 24.696, 1596.001, 2009.218, 0.000, 1596.522, 0.000, 0.801, 8.817, 0.000, 
423, 4, 0, 427.043, 2699.476, 45.746, 2620.398, 25.999, 1604.177, 2560.856, 0.000, 1598.726, 0.000, 0.672, 9.297, 0.000, 
423, 4, 0, 442.933, 2716.208, 60.704, 2658.869, 24.305, 1606.781, 1994.751, 0.000, 1599.127, 0.000, 0.722, 8.737, 0.000, 
423, 4, 0, 426.823, 2708.112, 55.714, 2568.670, 24.476, 1608.485, 2505.432, 0.000, 1595.198, 0.000, 0.911, 8.737, 0.000, 
423, 4, 0, 429.117, 2765.250, 48.321, 2624.405, 23.615, 1600.861, 2009.219, 0.000, 1598.365, 0.000, 1.132, 9.177, 0.000, 
423, 4, 0, 429.408, 2757.645, 56.096, 2534.857, 25.939, 1608.665, 2536.089, 0.000, 1598.726, 0.000, 0.541, 9.417, 0.000, 
423, 4, 0, 438.355, 2793.694, 66.284, 2565.203, 25.128, 1611.331, 2553.161, 0.000, 1592.114, 0.000, 1.021, 9.818, 0.000, 
423, 4, 0, 426.512, 2724.603, 60.694, 2454.656, 25.327, 1602.092, 2539.015, 0.000, 1598.246, 0.000, 0.961, 9.818, 0.000, 
423, 4, 0, 434.848, 2741.806, 47.349, 2611.932, 25.738, 1608.485, 2590.551, 0.000, 1606.261, 0.000, 0.882, 9.137, 0.000, 
423, 4, 0, 423.206, 2697.483, 60.374, 2637.620, 25.979, 1604.778, 2607.702, 0.000, 1593.757, 0.000, 0.772, 9.057, 0.000, 
423, 4, 0, 439.136, 2714.394, 42.380, 2613.715, 25.579, 1599.498, 2607.303, 0.000, 1597.925, 0.000, 1.002, 9.338, 0.000, 
424, 4, 0, 429.658, 2790.328, 54.242, 2607.554, 24.256, 1611.701, 2573.038, 0.000, 1602.132, 0.000, 0.761, 8.977, 0.000, 
424, 4, 0, 521.291, 3281.140, 68.509, 2382.420, 25.618, 1608.836, 2153.530, 0.000, 1596.442, 0.000, 1.012, 9.418, 0.000, 
424, 4, 0, 433.986, 2698.785, 41.138, 2612.623, 25.799, 1610.088, 2523.185, 0.000, 1594.078, 0.000, 0.641, 9.698, 0.000, 
424, 4, 0, 419.619, 2704.415, 57.949, 2077.516, 24.136, 1616.891, 2421.714, 0.000, 1596.923, 0.000, 0.782, 8.657, 0.000, 
424, 4, 0, 422.534, 2766.513, 44.564, 2627.371, 24.095, 1615.608, 2577.447, 0.000, 1603.295, 0.000, 0.632, 9.057, 0.000, 
424, 4, 0, 423.887, 2760.712, 44.464, 2639.634, 25.608, 1609.486, 1993.789, 0.000, 1601.371, 0.000, 0.712, 9.258, 0.000, 
424, 4, 0, 417.926, 2717.911, 43.932, 2603.966, 24.806, 1608.074, 2018.836, 0.000, 1604.858, 0.000, 0.721, 8.736, 0.000, 
424, 4, 0, 408.508, 2833.949, 56.847, 2603.095, 26.410, 1611.932, 2575.242, 0.000, 1602.934, 0.000, 1.182, 9.618, 0.000, 
424, 4, 0, 417.295, 2828.139, 49.072, 2428.967, 25.058, 1613.084, 2477.900, 0.000, 1604.857, 0.000, 0.961, 9.578, 0.000, 
424, 4, 0, 413.718, 2700.849, 57.859, 2684.929, 25.268, 1604.648, 2055.946, 0.000, 1600.129, 0.000, 0.781, 9.858, 0.000, 
425, 4, 0, 432.754, 2785.027, 57.208, 2550.557, 24.225, 1617.231, 2512.685, 0.000, 1600.049, 0.000, 0.892, 9.458, 0.000, 
425, 4, 0, 431.392, 2713.973, 46.768, 2605.510, 25.388, 1618.103, 2590.672, 0.000, 1607.462, 0.000, 0.631, 9.779, 0.000, 
425, 4, 0, 422.584, 2741.826, 43.642, 2657.306, 30.959, 1614.306, 2398.390, 0.000, 1604.057, 0.000, 0.771, 9.097, 0.000, 
425, 4, 0, 421.222, 2673.036, 40.988, 2640.045, 27.051, 1615.638, 2050.576, 0.000, 1605.459, 0.000, 0.992, 9.258, 0.000, 
425, 4, 0, 415.101, 2703.814, 41.217, 2635.055, 23.915, 1616.580, 2051.177, 0.000, 1606.061, 0.000, 2.535, 9.658, 0.000, 
425, 4, 0, 422.314, 2707.171, 47.710, 2554.784, 24.657, 1612.072, 2576.444, 0.000, 1601.611, 0.000, 1.152, 9.017, 0.000, 
425, 4, 0, 423.466, 2777.223, 49.152, 2636.618, 24.686, 1618.694, 2557.690, 0.000, 1603.575, 0.000, 0.691, 8.656, 0.000, 
425, 4, 0, 427.073, 2750.843, 57.258, 2606.902, 24.887, 1612.893, 2554.764, 0.000, 1607.423, 0.000, 1.252, 8.776, 0.000, 
425, 4, 0, 452.811, 2821.175, 59.763, 2485.084, 25.227, 1607.473, 2518.896, 0.000, 1604.617, 0.000, 0.792, 9.378, 0.000, 
425, 4, 0, 431.691, 2720.907, 46.187, 2635.846, 29.525, 1615.337, 2567.107, 0.000, 1605.178, 0.000, 1.093, 9.377, 0.000, 
426, 4, 0, 425.651, 2774.467, 46.418, 2621.290, 24.857, 1619.776, 2475.455, 0.000, 1605.620, 0.000, 1.042, 9.497, 0.000, 
426, 4, 0, 438.865, 2798.883, 42.450, 2544.595, 25.408, 1616.630, 2492.407, 0.000, 1605.940, 0.000, 1.032, 8.616, 0.000, 
426, 4, 0, 435.368, 2776.512, 61.075, 2591.493, 25.328, 1617.141, 2535.287, 0.000, 1608.986, 0.000, 0.952, 8.656, 0.000, 
426, 4, 0, 444.736, 2910.163, 62.798, 2480.084, 25.999, 1613.935, 2527.954, 0.000, 1603.816, 0.000, 0.912, 8.536, 0.000, 
426, 4, 0, 421.342, 2857.554, 57.608, 2609.697, 26.049, 1618.895, 2525.268, 0.000, 1605.459, 0.000, 0.892, 9.017, 0.000, 
426, 4, 0, 434.046, 2837.286, 57.749, 2570.724, 25.198, 1622.892, 2512.966, 0.000, 1612.512, 0.000, 1.312, 8.937, 0.000, 
426, 4, 0, 426.011, 2788.744, 59.752, 2589.659, 24.796, 1617.060, 2593.397, 0.000, 1613.314, 0.000, 0.661, 9.457, 0.000, 
426, 4, 0, 420.560, 2769.578, 40.075, 2645.184, 24.777, 1620.578, 2603.977, 0.000, 1609.948, 0.000, 0.892, 9.659, 0.000, 
426, 4, 0, 417.134, 2768.536, 41.238, 2661.395, 23.745, 1618.183, 2015.390, 0.000, 1609.386, 0.000, 0.782, 8.776, 0.000, 
426, 4, 0, 417.224, 2776.742, 47.990, 2560.445, 24.486, 1616.259, 2554.003, 0.000, 1609.587, 0.000, 1.042, 8.977, 0.000, 
427, 4, 0, 417.285, 2772.033, 41.628, 2652.908, 24.345, 1622.871, 2602.294, 0.000, 1615.838, 0.000, 0.661, 9.298, 0.000, 
427, 4, 0, 419.318, 2749.401, 46.808, 2634.614, 23.695, 1627.901, 2560.295, 0.000, 1612.352, 0.000, 1.072, 9.378, 0.000, 
427, 4, 0, 432.623, 2801.188, 60.204, 2591.814, 24.516, 1620.246, 2529.836, 0.000, 1608.505, 0.000, 1.032, 8.776, 0.000, 
427, 4, 0, 425.210, 2749.710, 60.113, 2699.767, 24.907, 1628.422, 2593.557, 0.000, 1613.675, 0.000, 1.272, 9.898, 0.000, 
427, 4, 0, 426.202, 2749.059, 47.459, 2671.112, 24.557, 1616.270, 2550.276, 0.000, 1609.106, 0.000, 0.892, 8.976, 0.000, 
427, 4, 0, 424.228, 2767.745, 44.504, 2665.813, 24.817, 1623.303, 2551.798, 0.000, 1613.514, 0.000, 1.242, 8.737, 0.000, 
427, 4, 0, 420.441, 2837.055, 60.744, 2605.009, 27.161, 1621.208, 2537.291, 0.000, 1610.388, 0.000, 0.992, 9.618, 0.000, 
427, 4, 0, 419.519, 2814.563, 40.686, 2671.453, 24.807, 1623.273, 2581.454, 0.000, 1612.192, 0.000, 0.922, 9.097, 0.000, 
427, 4, 0, 427.665, 2771.882, 62.839, 2618.374, 24.546, 1619.555, 2572.838, 0.000, 1616.560, 0.000, 1.012, 9.377, 0.000, 
427, 4, 0, 418.006, 2734.933, 58.109, 2071.495, 24.616, 1620.217, 2396.507, 0.000, 1612.232, 0.000, 0.681, 8.536, 0.000, 
428, 4, 0, 427.283, 2758.999, 52.749, 2627.531, 24.787, 1626.899, 2520.700, 0.000, 1619.605, 0.000, 0.912, 8.736, 0.000, 
428, 4, 0, 418.477, 2763.858, 44.784, 2639.924, 23.705, 1629.695, 2547.831, 0.000, 1612.833, 0.000, 0.982, 8.576, 0.000, 
428, 4, 0, 420.811, 2759.850, 41.388, 2667.857, 24.816, 1623.593, 2533.925, 0.000, 1616.840, 0.000, 0.862, 8.376, 0.000, 
428, 4, 0, 424.217, 2754.851, 50.755, 2623.423, 24.937, 1628.513, 2563.421, 0.000, 1615.798, 0.000, 0.902, 9.377, 0.000, 
428, 4, 0, 437.242, 2822.147, 59.753, 2597.284, 25.799, 1621.209, 2563.821, 0.000, 1613.073, 0.000, 0.531, 8.777, 0.000, 
428, 4, 0, 459.744, 2960.266, 41.007, 2251.674, 26.470, 1619.635, 2146.356, 0.000, 1613.034, 0.000, 1.172, 9.699, 0.000, 
428, 4, 0, 424.057, 2762.104, 53.130, 2630.506, 24.737, 1624.605, 2615.558, 0.000, 1617.761, 0.000, 1.253, 9.819, 0.000, 
428, 4, 0, 423.687, 2744.782, 51.126, 2694.687, 27.782, 1626.949, 2571.796, 0.000, 1611.390, 0.000, 0.882, 9.177, 0.000, 
428, 4, 0, 429.508, 2675.531, 46.498, 2653.861, 31.058, 1629.705, 2621.490, 0.000, 1617.041, 0.000, 0.902, 9.097, 0.000, 
428, 4, 0, 432.423, 2736.095, 45.997, 2680.932, 24.386, 1629.043, 2614.315, 0.000, 1617.402, 0.000, 1.302, 9.258, 0.000, 
429, 4, 0, 439.536, 2832.086, 55.494, 2599.949, 25.308, 1627.871, 2563.981, 0.000, 1622.932, 0.000, 1.192, 9.137, 0.000, 
429, 4, 0, 479.211, 2820.323, 56.457, 2538.614, 26.039, 1632.951, 2514.008, 0.000, 1619.165, 0.000, 0.902, 8.696, 0.000, 
429, 4, 0, 444.146, 2803.622, 51.868, 2600.360, 25.467, 1624.635, 2578.930, 0.000, 1617.642, 0.000, 0.911, 8.777, 0.000, 
429, 4, 0, 443.805, 2801.959, 55.404, 2601.713, 25.288, 1622.782, 2540.898, 0.000, 1614.837, 0.000, 0.922, 8.817, 0.000, 
429, 4, 0, 475.774, 2909.742, 55.555, 2436.943, 25.027, 1628.543, 2371.259, 0.000, 1614.876, 0.000, 1.032, 8.496, 0.000, 
429, 4, 0, 457.260, 2775.950, 54.513, 2531.641, 25.999, 1631.207, 2549.113, 0.000, 1620.728, 0.000, 0.721, 9.298, 0.000, 
429, 4, 0, 447.251, 2779.196, 60.714, 2623.944, 24.787, 1634.674, 2247.667, 0.000, 1620.568, 0.000, 0.581, 8.697, 0.000, 
429, 4, 0, 458.562, 2839.810, 44.995, 2484.452, 25.198, 1630.967, 2560.054, 0.000, 1619.566, 0.000, 0.852, 8.776, 0.000, 
429, 4, 0, 453.102, 2982.499, 54.062, 2460.838, 25.989, 1628.111, 2338.718, 0.000, 1614.917, 0.000, 0.832, 9.859, 0.000, 
429, 4, 0, 519.417, 3017.023, 49.493, 2670.863, 27.000, 1628.312, 2384.204, 0.000, 1621.249, 0.000, 0.571, 8.977, 0.000, 
430, 4, 0, 458.523, 2948.354, 52.268, 2445.458, 25.528, 1637.690, 2381.077, 0.000, 1622.370, 0.000, 0.792, 9.137, 0.000, 
430, 4, 0, 453.744, 2737.127, 52.259, 2594.569, 26.460, 1625.587, 2559.212, 0.000, 1624.295, 0.000, 0.692, 8.777, 0.000, 
430, 4, 0, 450.267, 2872.031, 56.487, 2548.783, 23.795, 1636.548, 2462.591, 0.000, 1624.616, 0.000, 1.162, 8.817, 0.000, 
430, 4, 0, 492.817, 2846.923, 48.771, 2467.139, 26.049, 1631.237, 2475.855, 0.000, 1624.255, 0.000, 0.781, 9.698, 0.000, 
430, 4, 0, 455.596, 2907.607, 65.073, 2510.522, 25.357, 1639.252, 2427.444, 0.000, 1622.732, 0.000, 0.531, 9.618, 0.000, 
430, 4, 0, 468.040, 2791.840, 52.760, 2495.303, 25.147, 1632.730, 2543.743, 0.000, 1625.977, 0.000, 1.373, 8.696, 0.000, 
430, 4, 0, 475.845, 2789.896, 48.561, 2496.935, 24.216, 1633.422, 2565.985, 0.000, 1626.058, 0.000, 1.012, 8.696, 0.000, 
430, 4, 0, 462.610, 2806.758, 64.912, 2540.046, 24.696, 1637.228, 2459.985, 0.000, 1624.495, 0.000, 0.792, 8.776, 0.000, 
430, 4, 0, 460.466, 2800.947, 57.158, 2537.382, 25.969, 1638.200, 2531.721, 0.000, 1625.016, 0.000, 0.921, 9.618, 0.000, 
430, 4, 0, 451.910, 2755.722, 47.960, 2566.236, 24.527, 1631.208, 2539.536, 0.000, 1625.938, 0.000, 1.021, 8.896, 0.000, 
431, 4, 0, 449.615, 2779.056, 46.928, 2614.807, 24.546, 1641.207, 2428.046, 0.000, 1624.054, 0.000, 0.952, 9.618, 0.000, 
431, 4, 0, 440.608, 2759.219, 44.193, 2589.840, 25.178, 1634.925, 2459.625, 0.000, 1627.701, 0.000, 0.681, 9.538, 0.000, 
431, 4, 0, 441.671, 2755.632, 58.991, 2617.121, 24.737, 1636.748, 2581.976, 0.000, 1628.983, 0.000, 1.192, 8.777, 0.000, 
431, 4, 0, 435.629, 2865.920, 61.335, 2555.115, 24.376, 1640.705, 2531.641, 0.000, 1629.263, 0.000, 0.882, 8.536, 0.000, 
431, 4, 0, 430.409, 2730.905, 58.781, 2649.713, 25.478, 1635.476, 2597.846, 0.000, 1630.144, 0.000, 0.932, 9.819, 0.000, 
431, 4, 0, 423.266, 2844.739, 48.902, 2613.725, 25.488, 1633.823, 2624.175, 0.000, 1627.421, 0.000, 1.272, 8.817, 0.000, 
431, 4, 0, 442.783, 2760.541, 56.967, 2629.695, 23.564, 1637.530, 2637.921, 0.000, 1627.060, 0.000, 0.862, 9.738, 0.000, 
431, 4, 0, 417.194, 2793.995, 51.356, 2664.039, 24.707, 1643.230, 2554.803, 0.000, 1628.422, 0.000, 0.851, 9.258, 0.000, 
431, 4, 0, 422.805, 2674.460, 41.428, 2706.690, 25.128, 1633.041, 2050.015, 0.000, 1630.626, 0.000, 0.501, 8.576, 0.000, 
431, 4, 0, 424.659, 2745.322, 57.929, 2652.418, 25.157, 1629.845, 2618.725, 0.000, 1627.981, 0.000, 0.781, 9.899, 0.000, 
432, 4, 0, 434.216, 2802.630, 49.263, 2616.049, 25.498, 1641.577, 2583.577, 0.000, 1631.388, 0.000, 0.551, 8.816, 0.000, 
432, 4, 0, 423.677, 2848.427, 45.105, 2600.530, 24.276, 1639.433, 2530.439, 0.000, 1634.433, 0.000, 0.882, 9.217, 0.000, 
432, 4, 0, 424.689, 2751.274, 46.618, 2685.159, 25.287, 1641.056, 2026.892, 0.000, 1633.592, 0.000, 0.992, 9.057, 0.000, 
432, 4, 0, 447.180, 2804.904, 44.925, 2464.365, 26.189, 1642.308, 2474.091, 0.000, 1633.070, 0.000, 0.892, 9.618, 0.000, 
432, 4, 0, 449.134, 2814.092, 60.574, 2522.594, 25.237, 1637.840, 2448.485, 0.000, 1628.462, 0.000, 0.992, 9.458, 0.000, 
432, 4, 0, 452.481, 2741.696, 57.298, 2565.855, 25.188, 1645.174, 2506.794, 0.000, 1630.306, 0.000, 0.641, 8.616, 0.000, 
432, 4, 0, 428.967, 2782.713, 44.243, 2616.831, 25.228, 1644.412, 2539.695, 0.000, 1638.121, 0.000, 0.692, 9.538, 0.000, 
432, 4, 0, 442.131, 2824.923, 58.760, 2571.986, 25.779, 1638.471, 2519.177, 0.000, 1632.590, 0.000, 0.962, 8.777, 0.000, 
432, 4, 0, 442.212, 2840.922, 61.426, 2554.314, 24.546, 1642.098, 2151.526, 0.000, 1626.058, 0.000, 0.801, 8.856, 0.000, 
432, 4, 0, 446.460, 2899.602, 43.242, 2519.839, 24.657, 1644.182, 2541.259, 0.000, 1634.434, 0.000, 0.641, 8.496, 0.000, 
433, 4, 0, 431.842, 2815.424, 55.164, 2626.820, 24.326, 1644.963, 2561.977, 0.000, 1633.993, 0.000, 1.363, 8.697, 0.000, 
433, 4, 0, 429.718, 2812.108, 45.726, 2624.586, 24.506, 1645.384, 2515.370, 0.000, 1634.153, 0.000, 0.912, 8.696, 0.000, 
433, 4, 0, 436.510, 2761.914, 45.375, 2593.667, 25.328, 1642.309, 2529.917, 0.000, 1633.872, 0.000, 1.363, 8.736, 0.000, 
433, 4, 0, 438.545, 2813.251, 40.846, 2493.809, 25.398, 1648.640, 2447.242, 0.000, 1631.868, 0.000, 0.901, 9.298, 0.000, 
433, 4, 0, 428.115, 2791.249, 45.205, 2599.198, 24.175, 1641.397, 2556.968, 0.000, 1634.794, 0.000, 0.892, 8.816, 0.000, 
433, 4, 0, 429.668, 2779.927, 41.848, 2616.159, 25.087, 1642.368, 2561.978, 0.000, 1629.344, 0.000, 0.931, 9.377, 0.000, 
433, 4, 0, 450.648, 2808.381, 62.177, 2558.652, 24.776, 1647.508, 2456.660, 0.000, 1632.670, 0.000, 1.092, 8.977, 0.000, 
433, 4, 0, 445.668, 2802.359, 64.742, 2574.642, 25.688, 1647.759, 2449.966, 0.000, 1633.672, 0.000, 1.142, 8.817, 0.000, 
433, 4, 0, 454.865, 2894.824, 60.043, 2482.508, 23.865, 1641.537, 2463.192, 0.000, 1632.109, 0.000, 0.922, 8.536, 0.000, 
433, 4, 0, 436.220, 2832.156, 48.140, 2582.095, 27.231, 1645.103, 2503.668, 0.000, 1634.193, 0.000, 0.992, 8.656, 0.000, 
434, 4, 0, 452.752, 2985.494, 71.134, 2459.265, 27.863, 1652.828, 2091.292, 0.000, 1641.126, 0.000, 0.791, 8.936, 0.000, 
434, 4, 0, 452.461, 2921.774, 55.545, 2432.535, 24.937, 1644.813, 2456.820, 0.000, 1636.557, 0.000, 1.333, 9.898, 0.000, 
434, 4, 0, 458.893, 2838.017, 60.714, 2555.015, 25.348, 1646.506, 2472.930, 0.000, 1633.672, 0.000, 1.252, 8.817, 0.000, 
434, 4, 0, 441.209, 2781.450, 47.359, 2597.975, 25.418, 1651.045, 2529.036, 0.000, 1638.922, 0.000, 1.102, 8.817, 0.000, 
434, 4, 0, 441.670, 2800.747, 54.373, 2584.430, 24.405, 1651.435, 2531.921, 0.000, 1640.565, 0.000, 1.223, 8.777, 0.000, 
434, 4, 0, 445.517, 2764.278, 59.431, 2573.900, 24.496, 1645.975, 2545.948, 0.000, 1632.430, 0.000, 0.902, 9.698, 0.000, 
434, 4, 0, 446.038, 2799.655, 57.278, 2579.020, 25.208, 1650.865, 2549.635, 0.000, 1637.880, 0.000, 1.132, 8.977, 0.000, 
434, 4, 0, 428.226, 2774.888, 48.691, 2614.125, 24.826, 1652.026, 2575.083, 0.000, 1638.681, 0.000, 1.012, 8.856, 0.000, 
434, 4, 0, 429.007, 2811.536, 46.768, 2613.925, 24.566, 1650.013, 2546.469, 0.000, 1644.611, 0.000, 0.882, 9.177, 0.000, 
434, 4, 0, 428.566, 2771.702, 45.386, 2616.140, 25.107, 1645.034, 2467.200, 0.000, 1634.754, 0.000, 1.102, 8.856, 0.000, 
435, 4, 0, 432.323, 2767.754, 47.319, 2622.291, 24.827, 1651.766, 2504.470, 0.000, 1639.563, 0.000, 0.822, 9.338, 0.000, 
435, 4, 0, 451.268, 2821.025, 46.087, 2503.177, 25.297, 1653.359, 2470.083, 0.000, 1639.803, 0.000, 0.782, 9.538, 0.000, 
435, 4, 0, 439.226, 2806.688, 55.825, 2578.358, 26.008, 1650.924, 2497.256, 0.000, 1645.374, 0.000, 0.771, 8.657, 0.000, 
435, 4, 0, 442.663, 2804.914, 49.513, 2531.501, 26.209, 1649.862, 2505.672, 0.000, 1637.399, 0.000, 0.882, 8.816, 0.000, 
435, 4, 0, 446.390, 2914.070, 46.057, 2531.110, 25.889, 1647.247, 2470.044, 0.000, 1647.458, 0.000, 1.152, 9.177, 0.000, 
435, 4, 0, 484.010, 2903.681, 66.585, 2465.877, 25.037, 1652.457, 2386.648, 0.000, 1644.212, 0.000, 1.292, 8.456, 0.000, 
435, 4, 0, 459.093, 2802.921, 40.847, 2527.934, 24.957, 1648.510, 2516.452, 0.000, 1638.001, 0.000, 1.072, 8.496, 0.000, 
435, 4, 0, 449.846, 2830.633, 62.257, 2570.163, 25.378, 1648.450, 2435.220, 0.000, 1642.488, 0.000, 0.942, 9.178, 0.000, 
435, 4, 0, 452.441, 2855.219, 40.486, 2417.526, 26.219, 1658.328, 2486.155, 0.000, 1642.769, 0.000, 1.052, 9.778, 0.000, 
435, 4, 0, 448.734, 2832.516, 41.808, 2523.645, 24.276, 1655.483, 2501.143, 0.000, 1640.365, 0.000, 0.771, 8.857, 0.000, 
436, 4, 0, 454.956, 2825.013, 40.766, 2539.064, 26.049, 1652.017, 2489.281, 0.000, 1646.336, 0.000, 0.981, 9.538, 0.000, 
436, 4, 0, 458.362, 2834.389, 67.497, 2487.287, 25.699, 1653.770, 2394.383, 0.000, 1650.264, 0.000, 1.213, 9.738, 0.000, 
436, 4, 0, 455.566, 2894.714, 45.105, 2420.712, 26.059, 1660.993, 2415.903, 0.000, 1648.018, 0.000, 0.921, 9.177, 0.000, 
436, 4, 0, 499.981, 2876.800, 53.510, 2198.414, 25.407, 1661.745, 2295.036, 0.000, 1642.849, 0.000, 0.912, 8.696, 0.000, 
436, 4, 0, 455.757, 2871.420, 56.997, 2482.478, 24.516, 1654.802, 2413.098, 0.000, 1647.017, 0.000, 0.792, 9.618, 0.000, 
436, 4, 0, 456.449, 2896.817, 64.832, 2464.745, 24.667, 1658.779, 2180.580, 0.000, 1642.248, 0.000, 0.731, 9.217, 0.000, 
436, 4, 0, 440.548, 2862.783, 48.281, 2436.362, 25.999, 1659.200, 2393.020, 0.000, 1649.542, 0.000, 0.992, 9.618, 0.000, 
436, 4, 0, 441.240, 2844.008, 46.548, 2524.347, 26.019, 1657.337, 2426.443, 0.000, 1648.180, 0.000, 1.173, 9.498, 0.000, 
436, 4, 0, 441.951, 2863.886, 60.153, 2502.175, 24.586, 1653.269, 2487.798, 0.000, 1642.088, 0.000, 0.992, 8.816, 0.000, 
436, 4, 0, 438.274, 2838.457, 40.126, 2545.547, 24.166, 1654.622, 2511.483, 0.000, 1641.968, 0.000, 0.882, 8.857, 0.000, 
437, 4, 0, 437.062, 2796.690, 61.075, 2600.159, 24.957, 1654.161, 2490.483, 0.000, 1651.065, 0.000, 0.671, 9.699, 0.000, 
437, 4, 0, 429.678, 2798.553, 61.455, 2587.445, 24.816, 1653.289, 2523.746, 0.000, 1649.622, 0.000, 0.831, 9.137, 0.000, 
437, 4, 0, 460.816, 3103.507, 60.464, 2126.589, 25.277, 1658.328, 2178.376, 0.000, 1654.070, 0.000, 0.902, 9.137, 0.000, 
437, 4, 0, 445.037, 2787.992, 46.026, 2520.710, 25.107, 1660.372, 2511.523, 0.000, 1651.546, 0.000, 1.203, 9.017, 0.000, 
437, 4, 0, 441.971, 2858.065, 42.149, 2557.740, 26.480, 1657.647, 2446.801, 0.000, 1653.870, 0.000, 0.761, 8.817, 0.000, 
437, 4, 0, 444.195, 2873.684, 62.598, 2492.206, 26.039, 1661.364, 2320.604, 0.000, 1649.582, 0.000, 1.142, 9.097, 0.000, 
437, 4, 0, 464.363, 2949.767, 43.271, 2342.525, 25.218, 1656.645, 2358.556, 0.000, 1649.862, 0.000, 0.792, 9.699, 0.000, 
437, 4, 0, 447.963, 2828.830, 43.311, 2483.941, 28.894, 1659.591, 2457.020, 0.000, 1650.383, 0.000, 0.841, 9.378, 0.000, 
437, 4, 0, 453.653, 2938.135, 46.458, 2446.762, 25.388, 1658.138, 2281.451, 0.000, 1647.258, 0.000, 0.982, 9.057, 0.000, 
437, 4, 0, 453.223, 2912.276, 55.996, 2430.701, 27.080, 1657.677, 2374.665, 0.000, 1653.430, 0.000, 1.032, 9.899, 0.000, 
438, 4, 0, 451.479, 2875.548, 44.163, 2443.224, 24.957, 1667.676, 2328.900, 0.000, 1648.100, 0.000, 0.901, 8.897, 0.000, 
438, 4, 0, 461.497, 2892.370, 61.987, 2385.205, 24.676, 1667.876, 2319.802, 0.000, 1651.105, 0.000, 1.132, 9.017, 0.000, 
438, 4, 0, 482.187, 2928.217, 54.182, 2413.278, 26.510, 1661.314, 2432.654, 0.000, 1655.553, 0.000, 0.932, 8.737, 0.000, 
438, 4, 0, 449.395, 2839.439, 50.264, 2439.818, 26.039, 1666.464, 2399.633, 0.000, 1655.594, 0.000, 0.521, 9.057, 0.000, 
438, 4, 0, 463.662, 2854.338, 48.962, 2437.544, 25.247, 1666.444, 2402.758, 0.000, 1657.957, 0.000, 0.842, 9.338, 0.000, 
438, 4, 0, 456.999, 2858.144, 47.380, 2433.617, 27.331, 1660.703, 2396.186, 0.000, 1655.473, 0.000, 0.912, 9.418, 0.000, 
438, 4, 0, 456.649, 2920.361, 63.890, 2379.594, 27.221, 1664.360, 2406.726, 0.000, 1655.514, 0.000, 0.882, 9.618, 0.000, 
438, 4, 0, 453.623, 2916.504, 55.594, 2378.753, 24.446, 1664.390, 2355.549, 0.000, 1649.422, 0.000, 0.802, 8.856, 0.000, 
438, 4, 0, 449.305, 2807.991, 63.560, 2491.545, 25.007, 1666.454, 2339.078, 0.000, 1651.185, 0.000, 1.062, 8.697, 0.000, 
438, 4, 0, 443.634, 2805.376, 50.795, 2549.254, 26.019, 1660.322, 2451.250, 0.000, 1656.114, 0.000, 0.912, 10.339, 0.000, 
439, 4, 0, 446.530, 2861.381, 62.177, 2495.353, 25.007, 1668.928, 2416.184, 0.000, 1661.363, 0.000, 1.012, 8.897, 0.000, 
439, 4, 0, 453.142, 2865.829, 48.271, 2462.200, 25.838, 1666.083, 2383.602, 0.000, 1651.345, 0.000, 0.782, 9.738, 0.000, 
439, 4, 0, 469.182, 2889.524, 62.447, 2389.613, 24.325, 1658.669, 2372.942, 0.000, 1654.952, 0.000, 0.552, 9.779, 0.000, 
439, 4, 0, 460.125, 2845.020, 43.342, 2460.176, 25.147, 1660.462, 2413.257, 0.000, 1656.475, 0.000, 0.662, 8.856, 0.000, 
439, 4, 0, 468.591, 2867.232, 60.033, 2392.709, 23.725, 1665.633, 2435.821, 0.000, 1657.396, 0.000, 0.762, 8.616, 0.000, 
439, 4, 0, 469.393, 2944.447, 58.149, 2319.762, 25.898, 1667.525, 2348.657, 0.000, 1655.793, 0.000, 1.272, 9.698, 0.000, 
439, 4, 0, 451.239, 2836.243, 52.178, 2461.368, 25.338, 1669.650, 2388.211, 0.000, 1657.276, 0.000, 0.762, 9.377, 0.000, 
439, 4, 0, 464.003, 2880.045, 56.215, 2425.330, 25.819, 1668.608, 2414.140, 0.000, 1655.072, 0.000, 0.911, 8.897, 0.000, 
439, 4, 0, 451.669, 2879.155, 55.885, 2422.455, 25.669, 1666.174, 2315.474, 0.000, 1674.429, 0.000, 0.882, 9.858, 0.000, 
439, 4, 0, 512.403, 3351.342, 59.222, 2471.097, 30.948, 1703.995, 2387.610, 0.000, 1652.788, 0.000, 1.553, 9.177, 0.000, 
440, 4, 0, 483.680, 2934.959, 44.934, 2245.763, 26.980, 1667.716, 2242.818, 0.000, 1660.322, 0.000, 1.042, 9.017, 0.000, 
440, 4, 0, 450.387, 2876.159, 50.345, 2382.801, 25.508, 1672.185, 2287.702, 0.000, 1664.530, 0.000, 1.283, 9.658, 0.000, 
440, 4, 0, 446.299, 2988.920, 53.811, 2330.572, 25.448, 1669.560, 2323.249, 0.000, 1660.323, 0.000, 0.962, 8.897, 0.000, 
440, 4, 0, 487.838, 2882.660, 59.502, 2411.135, 25.077, 1678.245, 2355.188, 0.000, 1667.536, 0.000, 1.022, 8.976, 0.000, 
440, 4, 0, 508.466, 3280.399, 61.716, 2648.510, 27.422, 1685.700, 2308.100, 0.000, 1661.204, 0.000, 1.042, 9.578, 0.000, 
440, 4, 0, 450.087, 2940.359, 61.416, 2414.210, 26.440, 1665.442, 2411.455, 0.000, 1660.082, 0.000, 1.082, 9.578, 0.000, 
440, 4, 0, 446.219, 2855.309, 57.829, 2437.634, 25.699, 1664.150, 2344.929, 0.000, 1661.644, 0.000, 1.052, 8.496, 0.000, 
440, 4, 0, 442.242, 2847.154, 46.137, 2467.540, 25.258, 1672.325, 2381.439, 0.000, 1656.114, 0.000, 1.021, 9.097, 0.000, 
440, 4, 0, 446.569, 2821.225, 45.075, 2462.631, 25.087, 1670.241, 2306.978, 0.000, 1663.328, 0.000, 1.152, 9.779, 0.000, 
440, 4, 0, 451.028, 2887.239, 62.467, 2423.457, 24.736, 1666.404, 2308.341, 0.000, 1662.967, 0.000, 1.062, 9.017, 0.000, 
441, 4, 0, 449.425, 2887.851, 50.876, 2402.267, 25.978, 1672.344, 2371.540, 0.000, 1663.087, 0.000, 0.751, 9.377, 0.000, 
441, 4, 0, 451.690, 2843.667, 49.524, 2466.819, 25.008, 1672.566, 2330.743, 0.000, 1664.209, 0.000, 0.871, 9.898, 0.000, 
441, 4, 0, 451.429, 2936.582, 51.928, 2388.311, 26.099, 1679.398, 2333.308, 0.000, 1665.211, 0.000, 1.062, 8.816, 0.000, 
441, 4, 0, 451.599, 2948.605, 46.668, 2384.484, 25.968, 1672.625, 2319.401, 0.000, 1667.175, 0.000, 0.681, 8.616, 0.000, 
441, 4, 0, 449.245, 3024.939, 52.018, 2356.571, 25.307, 1671.813, 2307.619, 0.000, 1660.322, 0.000, 1.272, 9.097, 0.000, 
441, 4, 0, 477.838, 3165.563, 56.437, 2175.672, 28.504, 1671.243, 2105.279, 0.000, 1663.487, 0.000, 1.402, 9.177, 0.000, 
441, 4, 0, 449.645, 2957.342, 49.753, 2354.648, 26.810, 1674.118, 2272.554, 0.000, 1662.085, 0.000, 0.692, 9.738, 0.000, 
441, 4, 0, 459.113, 2928.557, 58.279, 2337.545, 27.131, 1672.715, 2330.983, 0.000, 1663.969, 0.000, 0.982, 9.859, 0.000, 
441, 4, 0, 472.548, 2989.120, 65.954, 2318.289, 25.758, 1675.510, 2298.080, 0.000, 1661.324, 0.000, 0.971, 9.258, 0.000, 
441, 4, 0, 462.530, 2906.005, 55.555, 2328.158, 25.839, 1680.641, 2206.830, 0.000, 1664.810, 0.000, 1.102, 9.177, 0.000, 
442, 4, 0, 464.955, 2897.549, 56.336, 2337.225, 25.719, 1681.122, 2290.346, 0.000, 1665.812, 0.000, 0.782, 9.739, 0.000, 
442, 4, 0, 474.131, 2923.387, 57.338, 2334.721, 25.438, 1680.099, 2211.679, 0.000, 1665.733, 0.000, 1.032, 9.859, 0.000, 
442, 4, 0, 475.324, 2932.604, 42.289, 2300.155, 25.889, 1674.239, 2235.685, 0.000, 1672.344, 0.000, 1.012, 9.137, 0.000, 
442, 4, 0, 480.393, 2922.887, 43.412, 2286.419, 25.468, 1678.897, 2248.228, 0.000, 1669.780, 0.000, 1.192, 9.217, 0.000, 
442, 4, 0, 465.866, 2875.938, 49.713, 2370.297, 29.386, 1679.058, 2291.509, 0.000, 1670.461, 0.000, 0.902, 10.139, 0.000, 
442, 4, 0, 457.981, 2943.174, 60.984, 2311.416, 25.548, 1684.999, 2588.106, 0.000, 1669.700, 0.000, 0.621, 8.696, 0.000, 
442, 4, 0, 457.821, 2928.437, 54.763, 2456.059, 26.820, 1673.377, 2409.531, 0.000, 1670.342, 0.000, 0.661, 9.658, 0.000, 
442, 4, 0, 479.282, 2915.432, 56.406, 2348.536, 25.729, 1679.498, 2287.261, 0.000, 1670.141, 0.000, 1.021, 9.177, 0.000, 
442, 4, 0, 452.852, 2906.396, 57.698, 2348.356, 26.630, 1679.088, 2305.576, 0.000, 1664.169, 0.000, 0.792, 9.899, 0.000, 
442, 4, 0, 469.603, 3027.333, 58.450, 2302.781, 24.827, 1678.807, 2303.772, 0.000, 1672.585, 0.000, 0.762, 9.618, 0.000, 
443, 4, 0, 454.665, 2888.481, 47.299, 2362.142, 25.137, 1686.872, 2364.847, 0.000, 1673.307, 0.000, 0.921, 9.057, 0.000, 
443, 4, 0, 446.580, 2919.931, 51.657, 2416.845, 25.588, 1679.639, 2294.955, 0.000, 1672.064, 0.000, 1.022, 8.977, 0.000, 
443, 4, 0, 451.048, 2870.929, 46.737, 2405.262, 24.876, 1675.971, 2306.616, 0.000, 1671.142, 0.000, 1.022, 9.898, 0.000, 
443, 4, 0, 467.349, 2906.626, 53.982, 2357.163, 25.798, 1683.906, 2277.403, 0.000, 1671.062, 0.000, 0.902, 9.017, 0.000, 
443, 4, 0, 475.765, 2993.859, 50.225, 2281.821, 24.896, 1681.592, 2169.921, 0.000, 1675.110, 0.000, 0.751, 9.338, 0.000, 
443, 4, 0, 471.837, 2894.433, 59.672, 2335.412, 25.929, 1682.935, 2157.897, 0.000, 1675.872, 0.000, 1.172, 9.658, 0.000, 
443, 4, 0, 468.621, 2977.188, 60.874, 2221.337, 27.111, 1678.396, 2270.910, 0.000, 1666.935, 0.000, 0.912, 9.297, 0.000, 
443, 4, 0, 447.762, 2935.550, 45.346, 2365.919, 25.738, 1681.742, 2337.676, 0.000, 1673.788, 0.000, 0.792, 9.738, 0.000, 
443, 4, 0, 470.615, 3015.310, 65.403, 2319.763, 25.327, 1683.205, 2150.805, 0.000, 1673.787, 0.000, 1.002, 9.057, 0.000, 
443, 4, 0, 480.313, 2972.510, 45.696, 2276.131, 23.865, 1686.852, 2259.729, 0.000, 1667.336, 0.000, 0.761, 9.779, 0.000, 
444, 4, 0, 487.036, 3007.265, 57.237, 2276.070, 25.148, 1682.675, 2253.318, 0.000, 1673.867, 0.000, 1.072, 9.057, 0.000, 
444, 4, 0, 485.062, 2899.272, 54.212, 2324.481, 25.608, 1690.719, 2298.402, 0.000, 1681.242, 0.000, 0.692, 9.658, 0.000, 
444, 4, 0, 479.692, 2911.184, 57.729, 2347.945, 25.979, 1686.291, 2327.817, 0.000, 1677.555, 0.000, 0.912, 9.698, 0.000, 
444, 4, 0, 487.707, 2912.226, 46.498, 2313.481, 25.919, 1686.371, 2304.253, 0.000, 1677.915, 0.000, 0.781, 9.698, 0.000, 
444, 4, 0, 477.959, 2904.212, 54.582, 2362.833, 26.049, 1684.247, 2314.993, 0.000, 1671.744, 0.000, 0.912, 9.177, 0.000, 
444, 4, 0, 490.993, 2906.326, 39.764, 2292.451, 25.017, 1685.289, 2319.401, 0.000, 1673.868, 0.000, 0.561, 9.498, 0.000, 
444, 4, 0, 498.878, 2932.865, 52.809, 2268.195, 26.851, 1684.408, 2354.867, 0.000, 1676.352, 0.000, 0.681, 9.217, 0.000, 
444, 4, 0, 469.052, 2908.149, 53.851, 2421.383, 24.736, 1684.367, 2260.491, 0.000, 1671.303, 0.000, 1.022, 9.057, 0.000, 
444, 4, 0, 475.754, 2925.531, 54.843, 2317.989, 25.879, 1681.091, 2250.312, 0.000, 1669.981, 0.000, 1.022, 9.818, 0.000, 
444, 4, 0, 473.841, 2992.838, 56.887, 2320.523, 24.626, 1686.511, 2133.051, 0.000, 1676.753, 0.000, 1.062, 9.137, 0.000, 
445, 4, 0, 498.918, 3021.773, 61.456, 2343.166, 25.368, 1688.275, 2366.691, 0.000, 1680.160, 0.000, 0.882, 9.619, 0.000, 
445, 4, 0, 490.623, 2962.551, 49.243, 2329.931, 27.051, 1686.662, 2268.707, 0.000, 1677.635, 0.000, 0.652, 9.778, 0.000, 
445, 4, 0, 467.389, 2941.701, 52.478, 2337.485, 23.895, 1683.726, 2289.706, 0.000, 1674.148, 0.000, 0.992, 9.417, 0.000, 
445, 4, 0, 487.957, 2942.413, 45.997, 2287.572, 25.739, 1686.522, 2266.702, 0.000, 1676.072, 0.000, 1.032, 9.017, 0.000, 
445, 4, 0, 481.676, 2957.872, 59.482, 2238.329, 26.811, 1691.231, 2254.159, 0.000, 1681.321, 0.000, 0.952, 9.498, 0.000, 
445, 4, 0, 485.833, 2966.719, 47.980, 2285.859, 26.359, 1696.410, 2285.498, 0.000, 1676.673, 0.000, 0.922, 9.578, 0.000, 
445, 4, 0, 483.159, 2921.113, 52.348, 2337.986, 25.589, 1685.790, 2266.743, 0.000, 1679.999, 0.000, 1.272, 8.817, 0.000, 
445, 4, 0, 461.107, 2952.993, 59.352, 2342.946, 25.007, 1689.217, 2300.926, 0.000, 1677.595, 0.000, 1.142, 9.217, 0.000, 
445, 4, 0, 488.178, 3176.473, 63.680, 2166.364, 30.267, 1693.445, 2073.019, 0.000, 1693.865, 0.000, 0.952, 9.778, 0.000, 
445, 4, 0, 508.266, 3349.980, 67.127, 2701.380, 27.732, 1689.266, 2638.962, 0.000, 1681.282, 0.000, 0.711, 9.217, 0.000, 
446, 4, 0, 473.681, 2976.497, 53.671, 2284.295, 27.682, 1694.026, 2311.066, 0.000, 1678.436, 0.000, 0.672, 9.177, 0.000, 
446, 4, 0, 457.290, 3018.917, 63.799, 2348.456, 25.638, 1686.281, 2308.862, 0.000, 1679.838, 0.000, 1.072, 9.819, 0.000, 
446, 4, 0, 473.460, 2954.406, 54.363, 2312.810, 24.987, 1697.442, 2271.352, 0.000, 1689.938, 0.000, 1.032, 9.057, 0.000, 
446, 4, 0, 455.025, 2916.555, 52.900, 2364.186, 25.979, 1686.131, 2323.529, 0.000, 1683.285, 0.000, 1.934, 9.538, 0.000, 
446, 4, 0, 448.083, 2916.715, 60.874, 2367.211, 24.466, 1694.176, 2316.115, 0.000, 1678.757, 0.000, 1.192, 9.138, 0.000, 
446, 4, 0, 452.711, 2857.083, 52.057, 2387.349, 24.847, 1691.811, 2317.398, 0.000, 1677.914, 0.000, 1.032, 9.418, 0.000, 
446, 4, 0, 450.578, 2877.100, 44.704, 2409.090, 26.269, 1700.067, 2373.663, 0.000, 1687.373, 0.000, 1.052, 8.937, 0.000, 
446, 4, 0, 444.125, 2810.946, 56.386, 2461.339, 24.566, 1695.518, 2404.161, 0.000, 1685.249, 0.000, 0.601, 9.137, 0.000, 
446, 4, 0, 452.401, 2879.094, 44.574, 2419.580, 25.438, 1694.496, 2341.322, 0.000, 1678.957, 0.000, 1.142, 9.097, 0.000, 
446, 4, 0, 459.154, 2868.664, 41.418, 2305.746, 25.568, 1691.671, 2292.591, 0.000, 1677.394, 0.000, 0.932, 9.017, 0.000, 
447, 4, 0, 444.656, 2877.602, 59.672, 2467.700, 25.719, 1693.385, 2294.515, 0.000, 1691.461, 0.000, 0.801, 9.658, 0.000, 
447, 4, 0, 453.152, 2865.930, 44.854, 2412.096, 31.178, 1697.071, 2384.524, 0.000, 1685.610, 0.000, 0.501, 9.778, 0.000, 
447, 4, 0, 467.499, 2904.793, 57.849, 2361.842, 26.359, 1694.085, 2233.239, 0.000, 1686.692, 0.000, 0.851, 9.257, 0.000, 
447, 4, 0, 532.732, 3199.076, 66.415, 2602.564, 26.950, 1695.688, 2339.439, 0.000, 1685.410, 0.000, 1.152, 9.739, 0.000, 
447, 4, 0, 461.017, 2937.584, 45.766, 2416.965, 24.737, 1695.558, 2276.801, 0.000, 1686.972, 0.000, 1.142, 9.899, 0.000, 
447, 4, 0, 453.402, 2815.394, 40.456, 2445.278, 24.937, 1697.953, 2434.498, 0.000, 1688.895, 0.000, 0.822, 9.658, 0.000, 
447, 4, 0, 444.927, 2812.108, 49.323, 2508.447, 25.488, 1703.584, 2449.406, 0.000, 1688.655, 0.000, 1.182, 8.976, 0.000, 
447, 4, 0, 445.969, 2895.835, 55.735, 2519.518, 25.808, 1698.754, 2318.680, 0.000, 1688.695, 0.000, 0.521, 9.257, 0.000, 
447, 4, 0, 455.376, 2943.606, 58.600, 2383.793, 25.258, 1690.519, 2318.400, 0.000, 1686.812, 0.000, 0.772, 9.698, 0.000, 
447, 4, 0, 479.572, 2927.155, 45.927, 2298.713, 25.548, 1693.985, 2274.998, 0.000, 1686.130, 0.000, 1.273, 9.698, 0.000, 
448, 4, 0, 477.348, 3019.849, 60.864, 2185.239, 26.470, 1708.203, 2235.765, 0.000, 1693.545, 0.000, 1.072, 8.897, 0.000, 
448, 4, 0, 462.119, 2919.711, 54.503, 2313.651, 25.728, 1694.226, 2193.364, 0.000, 1700.238, 0.000, 1.102, 8.897, 0.000, 
448, 4, 0, 477.899, 2952.762, 62.838, 2288.223, 24.325, 1700.117, 2223.741, 0.000, 1691.461, 0.000, 0.541, 9.098, 0.000, 
448, 4, 0, 444.866, 2863.444, 44.905, 2466.068, 26.189, 1705.146, 2343.246, 0.000, 1693.505, 0.000, 0.912, 9.859, 0.000, 
448, 4, 0, 444.826, 2938.406, 45.907, 2428.096, 26.189, 1699.776, 2344.569, 0.000, 1692.703, 0.000, 0.781, 9.217, 0.000, 
448, 4, 0, 476.346, 2978.391, 51.597, 2329.541, 27.011, 1705.357, 2270.990, 0.000, 1691.541, 0.000, 1.403, 9.698, 0.000, 
448, 4, 0, 452.731, 2885.326, 53.470, 2417.937, 26.550, 1698.975, 2371.499, 0.000, 1686.091, 0.000, 0.992, 9.378, 0.000, 
448, 4, 0, 456.769, 2790.848, 57.088, 2497.958, 25.888, 1701.720, 2479.262, 0.000, 1693.825, 0.000, 0.962, 8.737, 0.000, 
448, 4, 0, 459.144, 2812.348, 60.614, 2482.188, 25.819, 1699.236, 2429.248, 0.000, 1692.623, 0.000, 1.052, 8.697, 0.000, 
448, 4, 0, 457.690, 2840.712, 51.457, 2477.449, 26.279, 1701.980, 2342.565, 0.000, 1689.897, 0.000, 0.802, 8.496, 0.000, 
449, 4, 0, 462.169, 2822.007, 42.219, 2467.790, 26.100, 1701.019, 2409.651, 0.000, 1690.258, 0.000, 0.872, 8.897, 0.000, 
449, 4, 0, 467.859, 2794.976, 50.145, 2528.185, 26.199, 1706.950, 2430.010, 0.000, 1698.033, 0.000, 0.812, 9.858, 0.000, 
449, 4, 0, 453.783, 2834.029, 43.071, 2471.067, 25.318, 1705.988, 2411.414, 0.000, 1693.144, 0.000, 0.811, 9.098, 0.000, 
449, 4, 0, 457.230, 2876.940, 59.562, 2398.650, 26.009, 1703.213, 2250.031, 0.000, 1693.785, 0.000, 0.901, 9.178, 0.000, 
449, 4, 0, 456.438, 2930.220, 40.476, 2350.170, 26.800, 1699.546, 2276.641, 0.000, 1693.545, 0.000, 1.122, 9.258, 0.000, 
449, 4, 0, 468.070, 2987.137, 56.767, 2312.629, 26.240, 1704.235, 2235.884, 0.000, 1692.382, 0.000, 0.601, 9.819, 0.000, 
449, 4, 0, 457.330, 2978.591, 45.125, 2340.872, 26.209, 1705.617, 2271.391, 0.000, 1694.306, 0.000, 0.781, 9.578, 0.000, 
449, 4, 0, 460.997, 2899.172, 44.834, 2353.215, 26.951, 1699.596, 2239.131, 0.000, 1695.268, 0.000, 1.042, 9.177, 0.000, 
449, 4, 0, 453.122, 3017.093, 49.954, 2325.623, 26.660, 1702.622, 2285.538, 0.000, 1696.270, 0.000, 0.801, 9.778, 0.000, 
449, 4, 0, 464.203, 2968.302, 46.748, 2340.922, 31.269, 1701.780, 2299.764, 0.000, 1697.672, 0.000, 1.012, 9.738, 0.000, 
450, 4, 0, 463.341, 2914.601, 57.308, 2379.555, 25.708, 1706.659, 2319.682, 0.000, 1697.031, 0.000, 0.971, 9.498, 0.000, 
450, 4, 0, 464.093, 2818.631, 46.467, 2446.210, 26.139, 1710.817, 2398.350, 0.000, 1696.830, 0.000, 1.142, 9.297, 0.000, 
450, 4, 0, 477.759, 2967.250, 47.269, 2435.510, 26.620, 1717.449, 2331.906, 0.000, 1700.678, 0.000, 0.892, 9.177, 0.000, 
450, 4, 0, 457.270, 2904.062, 59.411, 2409.220, 25.288, 1702.091, 2322.607, 0.000, 1698.194, 0.000, 0.852, 9.658, 0.000, 
450, 4, 0, 463.301, 2894.513, 56.867, 2426.553, 24.977, 1707.701, 2238.489, 0.000, 1705.528, 0.000, 0.862, 9.658, 0.000, 
450, 4, 0, 465.496, 2904.211, 59.823, 2389.955, 25.007, 1709.996, 2270.349, 0.000, 1704.125, 0.000, 0.661, 9.057, 0.000, 
450, 4, 0, 461.768, 2879.335, 39.795, 2371.509, 25.338, 1706.450, 2233.320, 0.000, 1694.145, 0.000, 1.032, 9.017, 0.000, 
450, 4, 0, 460.777, 2859.267, 60.794, 2403.360, 26.750, 1701.389, 2347.855, 0.000, 1698.834, 0.000, 1.253, 9.097, 0.000, 
450, 4, 0, 456.699, 2810.375, 59.913, 2498.378, 27.030, 1710.937, 2431.012, 0.000, 1694.025, 0.000, 0.942, 8.937, 0.000, 
450, 4, 0, 452.451, 2798.563, 58.039, 2522.343, 25.698, 1703.183, 2378.112, 0.000, 1698.634, 0.000, 0.912, 9.137, 0.000, 
451, 4, 0, 466.457, 3010.542, 54.252, 2316.566, 25.367, 1714.183, 2252.635, 0.000, 1702.922, 0.000, 0.872, 9.818, 0.000, 
451, 4, 0, 458.762, 3002.667, 51.006, 2333.348, 26.179, 1713.182, 2240.413, 0.000, 1697.512, 0.000, 0.962, 9.057, 0.000, 
451, 4, 0, 459.975, 2926.824, 55.664, 2395.284, 26.620, 1713.312, 2235.083, 0.000, 1703.323, 0.000, 1.353, 9.137, 0.000, 
451, 4, 0, 469.062, 2893.962, 52.309, 2342.195, 24.676, 1712.991, 2326.615, 0.000, 1704.846, 0.000, 0.892, 9.217, 0.000, 
451, 4, 0, 467.109, 2974.563, 55.044, 2289.686, 25.919, 1711.799, 2319.161, 0.000, 1701.560, 0.000, 0.912, 9.659, 0.000, 
451, 4, 0, 457.260, 3010.442, 60.784, 2299.113, 27.612, 1715.196, 2255.481, 0.000, 1698.273, 0.000, 0.792, 9.097, 0.000, 
451, 4, 0, 451.729, 2913.860, 46.147, 2350.230, 26.991, 1712.911, 2242.096, 0.000, 1702.762, 0.000, 1.022, 9.498, 0.000, 
451, 4, 0, 453.873, 2882.991, 44.163, 2363.835, 26.931, 1715.496, 2316.557, 0.000, 1703.003, 0.000, 0.862, 9.097, 0.000, 
451, 4, 0, 448.684, 2940.389, 59.191, 2409.932, 24.927, 1709.625, 2245.182, 0.000, 1701.600, 0.000, 1.152, 9.858, 0.000, 
451, 4, 0, 451.880, 3025.219, 42.009, 2265.080, 25.277, 1715.836, 2222.981, 0.000, 1697.152, 0.000, 1.192, 9.698, 0.000, 
452, 4, 0, 458.081, 2963.172, 55.885, 2335.040, 25.257, 1715.145, 2138.542, 0.000, 1703.483, 0.000, 0.802, 9.739, 0.000, 
452, 4, 0, 474.012, 3033.314, 44.945, 2273.706, 26.700, 1712.780, 2180.540, 0.000, 1705.446, 0.000, 1.132, 9.938, 0.000, 
452, 4, 0, 472.088, 3148.310, 65.332, 2219.002, 27.322, 1718.342, 2112.452, 0.000, 1704.445, 0.000, 0.942, 9.698, 0.000, 
452, 4, 0, 469.313, 3181.753, 48.311, 2164.501, 26.630, 1717.399, 2218.893, 0.000, 1701.279, 0.000, 1.062, 9.818, 0.000, 
452, 4, 0, 464.393, 2984.152, 60.954, 2326.605, 25.668, 1717.340, 2257.845, 0.000, 1707.410, 0.000, 1.052, 9.698, 0.000, 
452, 4, 0, 457.280, 2951.941, 53.411, 2342.625, 25.639, 1720.987, 2245.263, 0.000, 1701.239, 0.000, 1.012, 9.778, 0.000, 
452, 4, 0, 466.968, 2906.486, 57.438, 2425.722, 25.117, 1712.730, 2329.821, 0.000, 1705.727, 0.000, 0.882, 10.179, 0.000, 
452, 4, 0, 463.221, 3074.151, 48.471, 2292.721, 25.889, 1715.747, 2298.001, 0.000, 1706.649, 0.000, 1.012, 9.057, 0.000, 
452, 4, 0, 457.701, 3001.434, 60.714, 2311.336, 25.889, 1709.455, 2321.686, 0.000, 1710.136, 0.000, 1.052, 10.059, 0.000, 
452, 4, 0, 458.262, 2940.199, 55.144, 2334.209, 25.197, 1720.605, 2299.805, 0.000, 1706.850, 0.000, 0.992, 9.097, 0.000, 
453, 4, 0, 454.124, 2989.401, 59.262, 2307.540, 25.277, 1720.425, 2256.764, 0.000, 1704.605, 0.000, 0.931, 9.057, 0.000, 
453, 4, 0, 453.723, 2990.874, 60.103, 2307.920, 25.949, 1721.337, 2128.643, 0.000, 1710.938, 0.000, 0.922, 8.896, 0.000, 
453, 4, 0, 468.080, 2961.920, 58.700, 2323.609, 26.339, 1717.069, 2237.046, 0.000, 1712.059, 0.000, 1.253, 8.817, 0.000, 
453, 4, 0, 457.009, 2995.924, 61.606, 2333.007, 26.600, 1721.387, 2298.924, 0.000, 1704.325, 0.000, 1.022, 9.779, 0.000, 
453, 4, 0, 459.003, 2951.721, 42.781, 2399.332, 25.628, 1725.094, 2344.008, 0.000, 1709.735, 0.000, 0.911, 9.177, 0.000, 
453, 4, 0, 458.081, 3063.470, 63.159, 2316.306, 26.189, 1723.511, 2232.639, 0.000, 1713.621, 0.000, 1.122, 9.618, 0.000, 
453, 4, 0, 452.722, 3076.144, 48.932, 2265.059, 25.889, 1715.346, 2222.579, 0.000, 1711.218, 0.000, 1.022, 9.939, 0.000, 
453, 4, 0, 493.969, 2984.002, 44.564, 2269.868, 26.369, 1712.630, 2173.567, 0.000, 1709.574, 0.000, 0.942, 9.177, 0.000, 
453, 4, 0, 471.687, 3000.222, 48.922, 2269.869, 24.696, 1721.647, 2251.793, 0.000, 1704.525, 0.000, 0.732, 9.778, 0.000, 
453, 4, 0, 482.458, 2992.317, 43.853, 2269.528, 25.057, 1712.751, 2242.577, 0.000, 1711.699, 0.000, 0.862, 9.778, 0.000, 
454, 4, 0, 488.999, 2975.876, 48.301, 2460.046, 25.237, 1716.267, 2342.886, 0.000, 1709.254, 0.000, 1.012, 9.217, 0.000, 
454, 4, 0, 476.146, 2981.837, 39.584, 2292.591, 25.227, 1735.033, 2270.991, 0.000, 1713.262, 0.000, 1.222, 9.258, 0.000, 
454, 4, 0, 476.847, 2969.524, 39.425, 2294.365, 25.639, 1716.047, 2242.938, 0.000, 1712.179, 0.000, 0.902, 9.819, 0.000, 
454, 4, 0, 480.364, 3005.582, 45.275, 2289.686, 28.223, 1724.152, 2675.952, 0.000, 1716.347, 0.000, 1.022, 9.138, 0.000, 
454, 4, 0, 481.416, 3031.060, 55.244, 2253.477, 26.560, 1719.684, 2244.581, 0.000, 1716.508, 0.000, 1.132, 9.939, 0.000, 
454, 4, 0, 483.198, 3351.913, 63.109, 2685.219, 30.668, 1738.269, 2631.228, 0.000, 1713.863, 0.000, 0.701, 9.899, 0.000, 
454, 4, 0, 472.288, 3084.050, 64.311, 2330.222, 25.889, 1718.402, 2144.271, 0.000, 1714.985, 0.000, 1.142, 9.137, 0.000, 
454, 4, 0, 490.432, 3176.233, 63.299, 2219.704, 26.791, 1720.646, 2701.601, 0.000, 1715.426, 0.000, 1.183, 8.777, 0.000, 
454, 4, 0, 468.150, 2982.899, 43.001, 2407.337, 25.057, 1717.720, 2331.344, 0.000, 1712.701, 0.000, 1.022, 9.137, 0.000, 
454, 4, 0, 465.766, 2970.696, 59.292, 2336.514, 25.768, 1721.918, 2213.522, 0.000, 1717.750, 0.000, 1.022, 9.858, 0.000, 
455, 4, 0, 466.147, 2979.262, 46.919, 2276.491, 26.250, 1725.114, 2264.659, 0.000, 1723.521, 0.000, 0.892, 9.097, 0.000, 
455, 4, 0, 470.084, 2941.011, 53.932, 2536.180, 25.067, 1732.748, 2223.261, 0.000, 1716.508, 0.000, 1.302, 9.298, 0.000, 
455, 4, 0, 461.989, 3035.598, 57.648, 2250.472, 25.317, 1731.676, 2254.760, 0.000, 1712.820, 0.000, 0.812, 9.297, 0.000, 
455, 4, 0, 461.548, 2974.002, 57.017, 2370.427, 25.418, 1719.975, 2170.803, 0.000, 1717.149, 0.000, 0.811, 9.818, 0.000, 
455, 4, 0, 467.229, 3006.664, 46.287, 2280.959, 27.030, 1728.620, 2145.154, 0.000, 1716.107, 0.000, 1.142, 9.658, 0.000, 
455, 4, 0, 462.039, 2954.075, 42.580, 2300.155, 25.007, 1729.623, 2247.466, 0.000, 1711.258, 0.000, 0.781, 9.138, 0.000, 
455, 4, 0, 513.235, 3187.554, 57.107, 2581.955, 26.720, 1720.986, 2355.830, 0.000, 1711.098, 0.000, 1.011, 8.856, 0.000, 
455, 4, 0, 459.444, 3050.536, 40.757, 2311.998, 24.977, 1729.232, 2250.712, 0.000, 1715.585, 0.000, 1.102, 9.457, 0.000, 
455, 4, 0, 448.253, 3036.831, 58.921, 2334.079, 26.179, 1733.038, 2284.857, 0.000, 1713.061, 0.000, 0.901, 9.658, 0.000, 
455, 4, 0, 451.509, 2993.089, 40.286, 2317.588, 24.887, 1720.315, 2290.788, 0.000, 1721.838, 0.000, 1.042, 9.097, 0.000, 
456, 4, 0, 468.882, 3040.678, 60.363, 2287.501, 26.840, 1738.028, 2207.951, 0.000, 1719.955, 0.000, 1.132, 9.899, 0.000, 
456, 4, 0, 453.473, 3109.297, 58.430, 2281.220, 26.981, 1729.412, 2259.969, 0.000, 1721.116, 0.000, 1.032, 9.618, 0.000, 
456, 4, 0, 454.165, 2958.764, 41.388, 2305.445, 26.430, 1733.340, 2243.860, 0.000, 1718.872, 0.000, 0.871, 9.057, 0.000, 
456, 4, 0, 445.538, 3074.151, 44.012, 2310.344, 26.630, 1728.430, 2223.461, 0.000, 1721.718, 0.000, 0.942, 10.099, 0.000, 
456, 4, 0, 447.401, 3103.576, 49.273, 2309.002, 25.498, 1732.558, 2235.805, 0.000, 1728.330, 0.000, 0.801, 9.778, 0.000, 
456, 4, 0, 447.401, 2925.952, 58.450, 2365.469, 25.197, 1723.952, 2231.316, 0.000, 1720.235, 0.000, 0.902, 9.217, 0.000, 
456, 4, 0, 447.402, 2957.401, 42.991, 2327.537, 24.817, 1735.323, 2156.656, 0.000, 1722.399, 0.000, 0.862, 9.097, 0.000, 
456, 4, 0, 446.300, 2986.385, 43.231, 2314.803, 26.620, 1733.560, 2212.040, 0.000, 1723.481, 0.000, 0.662, 9.778, 0.000, 
456, 4, 0, 452.451, 3040.047, 50.916, 2334.821, 26.119, 1740.112, 2163.147, 0.000, 1720.876, 0.000, 0.792, 9.217, 0.000, 
456, 4, 0, 442.442, 3069.523, 60.804, 2289.876, 26.760, 1725.004, 2146.436, 0.000, 1719.674, 0.000, 0.912, 9.258, 0.000, 
457, 4, 0, 449.475, 3111.041, 58.680, 2275.188, 26.540, 1737.428, 2138.381, 0.000, 1721.437, 0.000, 1.213, 9.538, 0.000, 
457, 4, 0, 465.185, 3043.693, 58.621, 2291.119, 25.959, 1731.917, 2211.919, 0.000, 1723.280, 0.000, 1.032, 10.019, 0.000, 
457, 4, 0, 464.754, 3134.574, 58.971, 2283.855, 25.598, 1734.201, 2165.953, 0.000, 1724.923, 0.000, 1.062, 9.177, 0.000, 
457, 4, 0, 474.012, 2925.631, 43.051, 2542.220, 26.059, 1732.007, 2263.457, 0.000, 1723.881, 0.000, 1.312, 9.779, 0.000, 
457, 4, 0, 463.552, 2950.548, 51.066, 2361.630, 26.399, 1735.744, 2238.489, 0.000, 1725.966, 0.000, 1.032, 9.819, 0.000, 
457, 4, 0, 461.949, 3003.969, 46.527, 2295.166, 26.971, 1737.137, 2176.974, 0.000, 1723.762, 0.000, 0.902, 9.818, 0.000, 
457, 4, 0, 461.628, 3018.045, 47.429, 2293.844, 24.716, 1732.307, 2250.152, 0.000, 1735.824, 0.000, 0.922, 10.259, 0.000, 
457, 4, 0, 478.931, 3179.058, 49.964, 2343.677, 25.257, 1735.603, 2164.630, 0.000, 1720.475, 0.000, 0.901, 9.217, 0.000, 
457, 4, 0, 459.274, 2968.983, 42.680, 2305.966, 25.869, 1733.149, 2169.600, 0.000, 1727.168, 0.000, 0.652, 9.137, 0.000, 
457, 4, 0, 462.109, 3032.332, 46.347, 2294.986, 26.590, 1735.503, 2180.219, 0.000, 1726.006, 0.000, 0.962, 9.578, 0.000, 
458, 4, 0, 464.824, 2989.071, 57.047, 2291.139, 26.179, 1741.034, 2217.410, 0.000, 1727.648, 0.000, 1.152, 9.218, 0.000, 
458, 4, 0, 457.000, 3066.817, 43.963, 2227.419, 25.688, 1736.135, 2198.815, 0.000, 1727.007, 0.000, 0.801, 8.977, 0.000, 
458, 4, 0, 472.839, 3086.584, 44.313, 2229.072, 25.859, 1740.974, 2235.964, 0.000, 1728.209, 0.000, 0.801, 9.017, 0.000, 
458, 4, 0, 454.965, 2989.462, 56.085, 2289.064, 25.888, 1732.397, 2229.272, 0.000, 1729.492, 0.000, 0.691, 9.017, 0.000, 
458, 4, 0, 449.436, 3088.968, 60.704, 2269.808, 26.480, 1735.954, 2224.423, 0.000, 1723.321, 0.000, 1.332, 9.097, 0.000, 
458, 4, 0, 448.904, 2990.113, 52.950, 2359.577, 24.305, 1744.781, 2207.911, 0.000, 1722.840, 0.000, 0.972, 9.257, 0.000, 
458, 4, 0, 447.591, 3041.589, 51.317, 2307.981, 24.255, 1739.481, 2262.094, 0.000, 1733.380, 0.000, 0.822, 8.897, 0.000, 
458, 4, 0, 449.475, 2990.773, 58.029, 2376.358, 24.877, 1739.391, 2257.845, 0.000, 1728.610, 0.000, 0.912, 9.177, 0.000, 
458, 4, 0, 453.162, 3334.480, 70.793, 2733.380, 26.750, 1742.015, 2710.697, 0.000, 1734.221, 0.000, 1.112, 8.977, 0.000, 
458, 4, 0, 453.513, 3053.673, 44.233, 2346.803, 26.670, 1740.042, 2233.360, 0.000, 1728.450, 0.000, 0.922, 10.260, 0.000, 
459, 4, 0, 445.497, 3040.447, 44.203, 2352.754, 26.500, 1742.407, 2198.414, 0.000, 1725.605, 0.000, 1.022, 9.097, 0.000, 
459, 4, 0, 444.697, 2975.255, 59.392, 2370.718, 25.247, 1744.851, 2250.311, 0.000, 1733.539, 0.000, 1.022, 9.738, 0.000, 
459, 4, 0, 455.717, 3041.700, 58.420, 2310.815, 25.969, 1742.256, 2241.815, 0.000, 1733.661, 0.000, 1.153, 9.939, 0.000, 
459, 4, 0, 449.535, 3060.545, 61.726, 2291.729, 25.458, 1746.094, 2215.086, 0.000, 1727.729, 0.000, 1.132, 8.896, 0.000, 
459, 4, 0, 454.225, 2984.101, 59.703, 2292.251, 23.875, 1736.586, 2236.045, 0.000, 1726.808, 0.000, 0.862, 9.177, 0.000, 
459, 4, 0, 446.820, 3095.451, 43.472, 2246.064, 27.272, 1742.727, 2184.588, 0.000, 1728.169, 0.000, 1.021, 9.097, 0.000, 
459, 4, 0, 456.699, 3016.913, 57.638, 2304.653, 25.748, 1742.006, 2238.009, 0.000, 1732.617, 0.000, 1.503, 9.699, 0.000, 
459, 4, 0, 447.371, 2953.514, 45.746, 2323.079, 26.159, 1738.980, 2279.887, 0.000, 1731.897, 0.000, 1.253, 9.017, 0.000, 
459, 4, 0, 447.772, 3015.171, 61.315, 2280.348, 25.267, 1747.606, 2236.445, 0.000, 1727.048, 0.000, 0.751, 9.898, 0.000, 
459, 4, 0, 443.624, 3006.875, 62.668, 2297.711, 26.901, 1747.246, 2585.380, 0.000, 1733.620, 0.000, 0.842, 10.259, 0.000, 
460, 4, 0, 453.192, 2931.072, 62.518, 2405.955, 25.939, 1750.171, 2265.901, 0.000, 1736.505, 0.000, 0.762, 9.738, 0.000, 
460, 4, 0, 450.767, 2989.392, 58.450, 2291.720, 27.752, 1750.572, 2203.023, 0.000, 1732.058, 0.000, 1.322, 9.738, 0.000, 
460, 4, 0, 454.164, 2939.387, 44.684, 2334.090, 26.630, 1746.174, 2220.095, 0.000, 1732.818, 0.000, 0.871, 8.977, 0.000, 
460, 4, 0, 453.643, 3035.087, 53.641, 2278.074, 26.850, 1744.300, 2159.421, 0.000, 1731.216, 0.000, 1.082, 9.659, 0.000, 
460, 4, 0, 458.352, 3060.615, 53.361, 2260.692, 25.187, 1747.025, 2196.490, 0.000, 1730.053, 0.000, 1.322, 9.699, 0.000, 
460, 4, 0, 460.266, 3056.197, 60.634, 2303.813, 25.949, 1744.320, 2226.907, 0.000, 1730.694, 0.000, 1.052, 9.057, 0.000, 
460, 4, 0, 472.759, 2986.215, 41.598, 2356.170, 26.230, 1744.992, 2203.143, 0.000, 1733.099, 0.000, 0.881, 9.017, 0.000, 
460, 4, 0, 461.478, 3068.901, 61.997, 2295.046, 31.008, 1742.898, 2171.764, 0.000, 1736.546, 0.000, 0.911, 9.057, 0.000, 
460, 4, 0, 469.633, 3126.480, 58.950, 2213.492, 25.999, 1743.509, 2165.713, 0.000, 1736.065, 0.000, 1.042, 9.618, 0.000, 
460, 4, 0, 475.554, 2993.870, 45.276, 2452.252, 26.159, 1747.326, 2254.199, 0.000, 1739.111, 0.000, 0.912, 9.017, 0.000, 
461, 4, 0, 483.279, 3040.357, 42.250, 2268.747, 28.584, 1744.991, 2177.895, 0.000, 1739.230, 0.000, 1.032, 9.137, 0.000, 
461, 4, 0, 482.838, 3017.804, 43.943, 2246.074, 27.342, 1750.151, 2146.997, 0.000, 1738.670, 0.000, 1.102, 8.856, 0.000, 
461, 4, 0, 481.185, 3026.161, 42.630, 2475.655, 25.759, 1747.076, 2155.814, 0.000, 1741.195, 0.000, 1.513, 9.138, 0.000, 
461, 4, 0, 466.197, 2965.166, 64.431, 2319.993, 26.289, 1746.173, 2184.107, 0.000, 1741.475, 0.000, 0.671, 9.017, 0.000, 
461, 4, 0, 477.058, 3080.913, 54.131, 2431.332, 25.147, 1753.878, 2211.558, 0.000, 1740.152, 0.000, 1.072, 9.618, 0.000, 
461, 4, 0, 702.170, 5488.852, 66.295, 2337.916, 31.579, 1822.837, 2159.982, 0.000, 1738.630, 0.000, 1.543, 9.017, 0.000, 
461, 4, 0, 516.762, 3291.630, 65.493, 2507.065, 25.598, 1751.844, 2159.180, 0.000, 1739.030, 0.000, 0.922, 9.097, 0.000, 
461, 4, 0, 467.610, 3132.059, 48.331, 2446.371, 25.127, 1750.852, 2264.218, 0.000, 1734.141, 0.000, 0.891, 9.778, 0.000, 
461, 4, 0, 470.776, 3001.764, 48.060, 2244.310, 24.647, 1748.588, 2748.328, 0.000, 1746.925, 0.000, 1.142, 9.138, 0.000, 
461, 4, 0, 473.239, 2960.918, 43.322, 2361.902, 25.558, 1747.496, 2221.537, 0.000, 1750.813, 0.000, 1.032, 9.177, 0.000, 
462, 4, 0, 491.143, 3098.958, 61.596, 2835.252, 27.111, 1757.284, 2222.900, 0.000, 1743.799, 0.000, 0.912, 9.699, 0.000, 
462, 4, 0, 470.665, 2976.647, 44.704, 2278.735, 31.799, 1750.181, 2194.848, 0.000, 1737.908, 0.000, 1.122, 9.698, 0.000, 
462, 4, 0, 464.243, 3114.406, 57.478, 2839.559, 26.850, 1756.824, 2334.750, 0.000, 1743.439, 0.000, 1.082, 9.178, 0.000, 
462, 4, 0, 487.507, 3140.496, 46.968, 2353.686, 25.919, 1751.995, 2153.409, 0.000, 1742.637, 0.000, 1.032, 9.257, 0.000, 
462, 4, 0, 482.778, 3169.320, 51.487, 2367.482, 27.020, 1763.546, 2183.786, 0.000, 1741.795, 0.000, 0.661, 9.138, 0.000, 
462, 4, 0, 482.518, 3154.592, 48.792, 2374.615, 26.710, 1750.131, 2183.506, 0.000, 1745.643, 0.000, 0.982, 9.778, 0.000, 
462, 4, 0, 478.099, 3044.956, 46.297, 2267.414, 27.812, 1757.735, 2139.503, 0.000, 1742.356, 0.000, 0.812, 9.698, 0.000, 
462, 4, 0, 485.433, 3176.463, 59.712, 2335.672, 26.741, 1754.089, 2731.216, 0.000, 1746.364, 0.000, 1.142, 9.137, 0.000, 
462, 4, 0, 475.204, 3031.350, 47.790, 2364.175, 27.010, 1758.055, 2158.740, 0.000, 1742.557, 0.000, 1.533, 8.937, 0.000, 
462, 4, 0, 491.414, 3043.854, 61.205, 2417.276, 25.999, 1753.086, 2193.605, 0.000, 1745.281, 0.000, 0.911, 8.896, 0.000, 
463, 4, 0, 476.626, 3033.965, 48.902, 2262.795, 27.362, 1756.994, 2655.954, 0.000, 1741.915, 0.000, 1.052, 9.338, 0.000, 
463, 4, 0, 469.643, 3040.738, 60.494, 2305.966, 43.001, 1756.423, 2258.286, 0.000, 1751.493, 0.000, 0.782, 9.057, 0.000, 
463, 4, 0, 454.054, 3000.172, 60.063, 2312.850, 26.990, 1749.580, 2239.130, 0.000, 1745.963, 0.000, 1.052, 9.337, 0.000, 
463, 4, 0, 468.090, 2988.349, 47.229, 2266.192, 26.039, 1756.754, 2187.233, 0.000, 1746.765, 0.000, 1.423, 9.618, 0.000, 
463, 4, 0, 464.974, 3074.702, 48.201, 2461.660, 25.367, 1756.893, 2243.337, 0.000, 1749.450, 0.000, 0.882, 9.177, 0.000, 
463, 4, 0, 463.832, 2984.673, 60.043, 2521.031, 25.407, 1757.064, 2215.366, 0.000, 1746.084, 0.000, 0.741, 9.177, 0.000, 
463, 4, 0, 456.769, 3084.069, 49.574, 2457.011, 24.746, 1756.553, 2241.335, 0.000, 1752.656, 0.000, 0.792, 10.099, 0.000, 
463, 4, 0, 457.901, 3007.044, 49.453, 2301.138, 25.888, 1749.901, 2168.478, 0.000, 1750.452, 0.000, 0.801, 9.337, 0.000, 
463, 4, 0, 459.013, 3010.982, 46.267, 2500.181, 26.309, 1755.090, 2198.173, 0.000, 1753.017, 0.000, 0.992, 8.736, 0.000, 
463, 4, 0, 462.981, 3018.506, 42.480, 2292.441, 26.209, 1750.853, 2146.076, 0.000, 1747.767, 0.000, 0.892, 9.819, 0.000, 
464, 4, 0, 493.969, 3196.431, 59.552, 2328.970, 29.125, 1762.795, 2178.336, 0.000, 1751.214, 0.000, 0.531, 9.578, 0.000, 
464, 4, 0, 471.046, 3034.356, 48.691, 2260.651, 27.752, 1759.699, 2761.473, 0.000, 1757.946, 0.000, 1.262, 9.538, 0.000, 
464, 4, 0, 530.798, 3328.679, 50.274, 2480.454, 26.550, 1754.460, 2310.544, 0.000, 1750.091, 0.000, 0.901, 9.177, 0.000, 
464, 4, 0, 466.227, 2987.809, 59.401, 2330.522, 27.652, 1760.641, 2229.953, 0.000, 1751.614, 0.000, 0.852, 9.057, 0.000, 
464, 4, 0, 469.433, 3025.128, 41.788, 2288.964, 25.268, 1762.003, 2170.882, 0.000, 1753.297, 0.000, 1.042, 9.137, 0.000, 
464, 4, 0, 467.399, 3108.075, 60.164, 2454.917, 24.907, 1756.052, 2179.699, 0.000, 1750.372, 0.000, 0.882, 9.698, 0.000, 
464, 4, 0, 476.916, 3077.648, 58.821, 2450.418, 25.959, 1761.653, 2668.538, 0.000, 1750.692, 0.000, 0.792, 9.618, 0.000, 
464, 4, 0, 480.964, 3184.849, 65.353, 2785.217, 26.750, 1761.553, 2279.847, 0.000, 1752.496, 0.000, 0.801, 9.177, 0.000, 
464, 4, 0, 478.750, 3205.357, 67.817, 2340.681, 29.746, 1764.719, 2769.688, 0.000, 1750.812, 0.000, 0.801, 9.298, 0.000, 
464, 4, 0, 468.020, 3052.440, 42.911, 2294.034, 26.510, 1765.540, 2771.933, 0.000, 1753.537, 0.000, 0.711, 9.017, 0.000, 
465, 4, 0, 479.301, 3103.476, 57.849, 2253.267, 27.752, 1762.234, 2709.654, 0.000, 1756.824, 0.000, 1.112, 9.137, 0.000, 
465, 4, 0, 481.926, 3041.870, 46.527, 2290.587, 26.310, 1764.599, 2160.864, 0.000, 1756.463, 0.000, 1.132, 9.739, 0.000, 
465, 4, 0, 475.854, 3157.698, 53.019, 2392.328, 28.153, 1762.755, 2143.791, 0.000, 1753.938, 0.000, 0.652, 9.138, 0.000, 
465, 4, 0, 471.797, 3107.814, 62.066, 2453.664, 26.139, 1764.218, 2182.784, 0.000, 1756.383, 0.000, 0.732, 9.618, 0.000, 
465, 4, 0, 474.392, 3063.070, 60.093, 2243.820, 28.193, 1762.374, 2728.531, 0.000, 1754.540, 0.000, 0.932, 9.698, 0.000, 
465, 4, 0, 466.236, 3043.322, 57.448, 2323.719, 28.714, 1765.570, 2212.000, 0.000, 1748.889, 0.000, 1.143, 9.017, 0.000, 
465, 4, 0, 468.130, 3035.699, 50.885, 2257.154, 26.670, 1764.658, 2734.061, 0.000, 1760.630, 0.000, 0.681, 9.057, 0.000, 
465, 4, 0, 467.729, 3080.673, 42.390, 2314.573, 27.602, 1762.053, 2162.747, 0.000, 1750.813, 0.000, 0.871, 9.658, 0.000, 
465, 4, 0, 474.382, 3127.511, 45.907, 2396.557, 27.862, 1760.651, 2183.706, 0.000, 1756.022, 0.000, 0.942, 9.498, 0.000, 
465, 4, 0, 463.161, 3160.453, 43.813, 2403.881, 29.185, 1761.022, 2241.535, 0.000, 1754.500, 0.000, 1.403, 9.017, 0.000, 
466, 4, 0, 469.002, 2996.354, 45.786, 2289.185, 26.720, 1766.402, 2683.205, 0.000, 1762.515, 0.000, 0.531, 9.939, 0.000, 
466, 4, 0, 479.292, 3114.537, 52.659, 2390.105, 27.311, 1768.786, 2268.947, 0.000, 1758.467, 0.000, 1.002, 9.698, 0.000, 
466, 4, 0, 464.002, 3028.525, 57.829, 2271.341, 25.839, 1765.340, 2158.259, 0.000, 1753.177, 0.000, 1.192, 9.137, 0.000, 
466, 4, 0, 467.920, 3110.299, 61.225, 2444.627, 25.778, 1762.344, 2194.968, 0.000, 1760.070, 0.000, 1.112, 9.819, 0.000, 
466, 4, 0, 466.718, 3033.955, 56.356, 2279.606, 24.767, 1767.394, 2157.538, 0.000, 1752.135, 0.000, 1.011, 9.498, 0.000, 
466, 4, 0, 468.612, 3168.338, 58.550, 2360.038, 28.213, 1772.173, 2158.179, 0.000, 1756.142, 0.000, 0.782, 9.218, 0.000, 
466, 4, 0, 481.626, 3066.226, 41.918, 2418.227, 30.047, 1761.933, 2185.629, 0.000, 1757.946, 0.000, 0.761, 9.698, 0.000, 
466, 4, 0, 483.760, 3074.682, 51.587, 2382.140, 26.430, 1771.000, 2161.464, 0.000, 1755.341, 0.000, 0.681, 9.738, 0.000, 
466, 4, 0, 478.159, 3086.374, 54.061, 2333.778, 27.541, 1767.754, 2155.453, 0.000, 1752.696, 0.000, 0.881, 8.977, 0.000, 
466, 4, 0, 482.948, 3181.042, 52.198, 2389.083, 27.892, 1766.772, 2179.018, 0.000, 1759.269, 0.000, 1.012, 9.298, 0.000, 
467, 4, 0, 473.009, 3101.633, 48.150, 2407.858, 24.636, 1772.834, 2786.400, 0.000, 1764.638, 0.000, 0.942, 9.858, 0.000, 
467, 4, 0, 477.177, 3067.779, 48.721, 2231.005, 25.979, 1770.870, 2692.223, 0.000, 1763.837, 0.000, 0.881, 9.017, 0.000, 
467, 4, 0, 474.082, 3179.199, 51.437, 2833.909, 29.586, 1787.602, 2151.886, 0.000, 1762.113, 0.000, 0.941, 9.017, 0.000, 
467, 4, 0, 492.517, 3072.387, 47.198, 2844.308, 27.863, 1768.837, 2336.955, 0.000, 1759.989, 0.000, 0.641, 10.059, 0.000, 
467, 4, 0, 462.680, 3020.550, 40.937, 2324.020, 26.490, 1771.241, 2197.611, 0.000, 1758.668, 0.000, 0.761, 9.377, 0.000, 
467, 4, 0, 469.392, 3048.162, 57.188, 2489.261, 26.089, 1768.706, 2218.732, 0.000, 1763.396, 0.000, 1.162, 9.498, 0.000, 
467, 4, 0, 475.745, 3084.029, 46.909, 2413.459, 26.249, 1776.190, 2206.389, 0.000, 1759.228, 0.000, 0.892, 9.898, 0.000, 
467, 4, 0, 473.751, 3049.104, 61.115, 2468.482, 28.834, 1768.766, 2211.799, 0.000, 1757.906, 0.000, 0.701, 9.017, 0.000, 
467, 4, 0, 476.155, 3063.311, 57.639, 2373.604, 25.869, 1772.493, 2781.431, 0.000, 1759.949, 0.000, 1.272, 9.057, 0.000, 
467, 4, 0, 478.400, 3094.840, 63.199, 2806.578, 26.921, 1770.179, 2300.726, 0.000, 1763.035, 0.000, 1.172, 8.857, 0.000, 
468, 4, 0, 465.044, 3150.805, 44.854, 2254.800, 26.770, 1774.366, 2747.447, 0.000, 1770.209, 0.000, 0.902, 9.137, 0.000, 
468, 4, 0, 474.913, 3109.257, 46.587, 2231.436, 25.518, 1772.954, 2723.041, 0.000, 1766.401, 0.000, 0.992, 8.737, 0.000, 
468, 4, 0, 539.915, 3345.061, 50.224, 2313.080, 26.900, 1778.785, 2578.568, 0.000, 1766.121, 0.000, 0.901, 9.137, 0.000, 
468, 4, 0, 483.149, 3167.476, 63.790, 2358.015, 28.573, 1779.185, 2189.797, 0.000, 1760.350, 0.000, 0.612, 10.259, 0.000, 
468, 4, 0, 478.229, 3049.815, 45.967, 2408.700, 26.139, 1773.194, 2219.935, 0.000, 1761.753, 0.000, 0.902, 9.097, 0.000, 
468, 4, 0, 472.819, 3085.202, 42.220, 2431.613, 25.858, 1780.107, 2764.158, 0.000, 1763.757, 0.000, 0.962, 9.939, 0.000, 
468, 4, 0, 477.217, 3068.591, 59.422, 2281.841, 26.781, 1769.217, 2725.285, 0.000, 1769.367, 0.000, 1.202, 9.738, 0.000, 
468, 4, 0, 477.999, 3070.554, 55.645, 2249.580, 26.429, 1772.793, 2696.030, 0.000, 1768.325, 0.000, 0.771, 8.977, 0.000, 
468, 4, 0, 484.210, 3080.173, 45.936, 2853.265, 26.059, 1777.252, 2288.944, 0.000, 1761.513, 0.000, 1.022, 9.017, 0.000, 
468, 4, 0, 477.078, 3125.407, 59.943, 2802.911, 26.039, 1768.566, 2321.205, 0.000, 1768.326, 0.000, 1.002, 9.137, 0.000, 
469, 4, 0, 487.196, 3132.000, 62.417, 2366.260, 26.430, 1772.894, 2736.545, 0.000, 1768.887, 0.000, 0.902, 9.217, 0.000, 
469, 4, 0, 476.195, 3073.490, 46.578, 2857.514, 25.057, 1781.329, 2299.925, 0.000, 1771.251, 0.000, 0.651, 9.177, 0.000, 
469, 4, 0, 482.066, 3180.601, 48.511, 2354.267, 26.170, 1779.327, 2678.878, 0.000, 1769.968, 0.000, 0.821, 8.977, 0.000, 
469, 4, 0, 468.351, 3136.508, 40.777, 2246.264, 25.809, 1772.043, 2687.414, 0.000, 1763.917, 0.000, 0.982, 9.217, 0.000, 
469, 4, 0, 481.766, 3120.679, 56.887, 2821.505, 26.650, 1783.615, 2275.198, 0.000, 1771.170, 0.000, 0.852, 9.257, 0.000, 
469, 4, 0, 476.345, 3194.518, 48.451, 2352.544, 26.019, 1777.282, 2745.162, 0.000, 1770.850, 0.000, 0.821, 9.618, 0.000, 
469, 4, 0, 474.002, 3127.651, 40.957, 2258.638, 27.521, 1786.710, 2715.306, 0.000, 1771.852, 0.000, 1.011, 9.057, 0.000, 
469, 4, 0, 477.548, 3205.648, 46.587, 2732.338, 25.768, 1780.358, 2290.507, 0.000, 1768.125, 0.000, 0.952, 9.698, 0.000, 
469, 4, 0, 480.042, 3202.883, 40.577, 2245.172, 25.949, 1788.404, 2683.525, 0.000, 1770.249, 0.000, 0.881, 9.899, 0.000, 
469, 4, 0, 471.506, 3147.068, 41.498, 2766.873, 25.328, 1778.735, 2232.598, 0.000, 1774.417, 0.000, 1.032, 9.418, 0.000, 
470, 4, 0, 468.722, 3104.498, 56.336, 2410.152, 26.490, 1780.057, 2749.571, 0.000, 1772.734, 0.000, 1.182, 9.618, 0.000, 
470, 4, 0, 477.839, 3130.597, 60.924, 2821.385, 26.960, 1792.661, 2263.977, 0.000, 1770.610, 0.000, 1.232, 9.979, 0.000, 
470, 4, 0, 465.866, 3243.820, 44.123, 2352.283, 26.590, 1788.193, 2709.895, 0.000, 1779.226, 0.000, 1.122, 9.257, 0.000, 
470, 4, 0, 475.634, 3131.048, 43.482, 2773.215, 26.119, 1785.016, 2299.244, 0.000, 1775.138, 0.000, 1.152, 11.221, 0.000, 
470, 4, 0, 517.704, 3181.873, 61.726, 2841.985, 26.580, 1790.096, 2232.438, 0.000, 1779.146, 0.000, 0.891, 9.217, 0.000, 
470, 4, 0, 494.390, 3256.724, 55.014, 2233.009, 26.901, 1781.500, 2609.547, 0.000, 1767.644, 0.000, 1.202, 9.057, 0.000, 
470, 4, 0, 482.196, 3159.702, 53.200, 2355.319, 26.770, 1784.415, 2725.484, 0.000, 1769.247, 0.000, 1.292, 9.097, 0.000, 
470, 4, 0, 479.041, 3250.773, 59.972, 2742.958, 27.311, 1791.068, 2242.697, 0.000, 1775.980, 0.000, 0.891, 9.377, 0.000, 
470, 4, 0, 483.970, 3233.271, 59.271, 2316.506, 26.380, 1779.847, 2716.027, 0.000, 1774.777, 0.000, 0.972, 9.618, 0.000, 
470, 4, 0, 483.820, 3164.481, 42.971, 2768.817, 26.059, 1784.686, 2297.721, 0.000, 1774.898, 0.000, 1.142, 9.177, 0.000, 
471, 4, 0, 481.376, 3100.210, 60.524, 2402.918, 27.181, 1792.331, 2756.023, 0.000, 1778.744, 0.000, 0.611, 9.939, 0.000, 
471, 4, 0, 480.714, 3152.148, 49.112, 2809.844, 26.950, 1788.463, 2270.951, 0.000, 1777.342, 0.000, 0.742, 8.816, 0.000, 
471, 4, 0, 482.236, 3186.633, 59.452, 2300.436, 26.600, 1793.703, 2738.910, 0.000, 1777.823, 0.000, 1.001, 9.137, 0.000, 
471, 4, 0, 482.447, 3062.299, 54.513, 2864.927, 26.149, 1779.887, 2170.521, 0.000, 1791.408, 0.000, 0.791, 8.897, 0.000, 
471, 4, 0, 511.161, 3193.976, 48.281, 2793.574, 26.139, 1787.251, 2313.670, 0.000, 1776.541, 0.000, 0.892, 9.578, 0.000, 
471, 4, 0, 460.706, 3166.805, 46.778, 2805.356, 25.848, 1786.590, 2339.159, 0.000, 1773.936, 0.000, 1.042, 9.738, 0.000, 
471, 4, 0, 472.258, 3099.539, 56.817, 2852.043, 26.731, 1784.937, 2320.203, 0.000, 1774.096, 0.000, 0.962, 9.698, 0.000, 
471, 4, 0, 474.562, 3102.795, 43.402, 2366.420, 25.889, 1788.153, 2789.445, 0.000, 1777.141, 0.000, 1.072, 10.139, 0.000, 
471, 4, 0, 469.212, 3055.286, 47.700, 2274.978, 27.432, 1789.556, 2776.781, 0.000, 1777.382, 0.000, 0.791, 9.177, 0.000, 
471, 4, 0, 467.629, 3106.973, 60.905, 2838.428, 27.101, 1783.263, 2372.902, 0.000, 1778.585, 0.000, 1.172, 9.178, 0.000, 
472, 4, 0, 485.273, 3064.452, 43.202, 2345.641, 24.055, 1786.088, 2780.148, 0.000, 1782.472, 0.000, 1.062, 9.778, 0.000, 
472, 4, 0, 463.952, 3041.139, 43.802, 2282.052, 25.408, 1790.938, 2651.146, 0.000, 1784.476, 0.000, 1.112, 9.418, 0.000, 
472, 4, 0, 488.488, 3102.685, 54.512, 2704.075, 25.759, 1794.234, 2282.732, 0.000, 1782.632, 0.000, 0.901, 9.258, 0.000, 
472, 4, 0, 546.517, 3334.020, 55.194, 2527.333, 27.051, 1795.346, 2217.490, 0.000, 1780.468, 0.000, 0.922, 9.057, 0.000, 
472, 4, 0, 465.224, 3064.764, 40.095, 2477.298, 25.689, 1795.898, 2248.789, 0.000, 1775.819, 0.000, 0.872, 9.698, 0.000, 
472, 4, 0, 479.942, 3130.126, 45.385, 2348.536, 27.181, 1790.608, 2192.603, 0.000, 1780.308, 0.000, 1.002, 9.097, 0.000, 
472, 4, 0, 474.082, 3159.882, 48.772, 2351.903, 27.231, 1788.914, 2765.280, 0.000, 1781.550, 0.000, 0.772, 9.097, 0.000, 
472, 4, 0, 478.009, 3100.951, 58.971, 2843.528, 24.987, 1790.918, 2335.151, 0.000, 1777.542, 0.000, 1.312, 9.177, 0.000, 
472, 4, 0, 468.861, 3170.172, 42.199, 2794.395, 26.330, 1792.751, 2298.442, 0.000, 1781.590, 0.000, 1.142, 9.017, 0.000, 
472, 4, 0, 476.837, 3133.653, 55.555, 2405.915, 25.278, 1788.042, 2695.228, 0.000, 1784.356, 0.000, 1.142, 8.897, 0.000, 
473, 4, 0, 491.264, 3062.058, 57.078, 2858.586, 25.468, 1795.616, 2327.816, 0.000, 1783.594, 0.000, 1.012, 9.618, 0.000, 
473, 4, 0, 513.225, 3225.546, 66.615, 2836.494, 26.430, 1795.817, 2227.830, 0.000, 1783.314, 0.000, 0.871, 8.977, 0.000, 
473, 4, 0, 504.979, 3132.320, 48.401, 2268.416, 26.470, 1795.467, 2717.189, 0.000, 1792.250, 0.000, 0.821, 9.097, 0.000, 
473, 4, 0, 512.654, 3112.503, 59.823, 2758.327, 26.891, 1794.034, 2250.432, 0.000, 1784.917, 0.000, 0.881, 9.578, 0.000, 
473, 4, 0, 511.331, 3132.952, 62.968, 2333.458, 25.688, 1792.611, 2638.922, 0.000, 1779.185, 0.000, 0.752, 9.739, 0.000, 
473, 4, 0, 513.155, 3194.948, 68.409, 2329.882, 26.470, 1794.665, 2608.064, 0.000, 1785.557, 0.000, 1.402, 9.978, 0.000, 
473, 4, 0, 507.394, 3125.758, 54.933, 2405.303, 25.138, 1788.083, 2744.441, 0.000, 1780.388, 0.000, 0.661, 9.818, 0.000, 
473, 4, 0, 517.102, 3147.709, 64.101, 2752.005, 26.289, 1795.286, 2267.224, 0.000, 1783.634, 0.000, 1.092, 9.137, 0.000, 
473, 4, 0, 488.909, 3081.234, 46.057, 2367.653, 25.949, 1798.292, 2736.866, 0.000, 1786.199, 0.000, 1.132, 9.258, 0.000, 
473, 4, 0, 484.401, 3102.484, 46.648, 2837.967, 27.872, 1800.636, 2230.234, 0.000, 1784.516, 0.000, 1.193, 9.779, 0.000, 
474, 4, 0, 490.622, 3127.341, 58.691, 2364.888, 26.259, 1803.191, 2682.684, 0.000, 1783.353, 0.000, 0.822, 9.297, 0.000, 
474, 4, 0, 485.072, 3110.099, 44.283, 2807.970, 26.549, 1798.742, 2283.133, 0.000, 1788.042, 0.000, 0.962, 9.258, 0.000, 
474, 4, 0, 485.563, 3157.768, 42.700, 2302.159, 25.628, 1796.077, 2657.637, 0.000, 1791.408, 0.000, 0.852, 9.578, 0.000, 
474, 4, 0, 495.261, 3091.313, 46.607, 2789.465, 26.019, 1793.643, 2801.348, 0.000, 1790.647, 0.000, 0.811, 9.057, 0.000, 
474, 4, 0, 485.263, 3060.455, 45.736, 2262.695, 26.079, 1795.867, 2765.000, 0.000, 1787.842, 0.000, 0.682, 9.137, 0.000, 
474, 4, 0, 479.321, 3079.732, 45.796, 2263.136, 25.097, 1800.415, 2466.678, 0.000, 1790.847, 0.000, 0.621, 9.819, 0.000, 
474, 4, 0, 492.787, 3109.307, 59.192, 2335.813, 25.618, 1801.046, 2668.257, 0.000, 1785.478, 0.000, 1.042, 9.618, 0.000, 
474, 4, 0, 526.851, 3057.028, 42.990, 2848.115, 25.669, 1800.326, 2232.598, 0.000, 1788.042, 0.000, 1.032, 9.298, 0.000, 
474, 4, 0, 490.552, 3185.561, 66.906, 2345.811, 26.961, 1799.695, 2686.331, 0.000, 1783.354, 0.000, 1.092, 10.219, 0.000, 
474, 4, 0, 493.909, 3238.220, 56.295, 2680.230, 28.353, 1802.209, 2235.484, 0.000, 1789.205, 0.000, 1.372, 9.738, 0.000, 
475, 4, 0, 490.773, 3103.667, 57.538, 2374.485, 25.929, 1799.945, 2761.834, 0.000, 1792.851, 0.000, 1.202, 9.538, 0.000, 
475, 4, 0, 495.602, 3082.567, 55.134, 2764.349, 26.870, 1803.561, 2257.365, 0.000, 1793.372, 0.000, 0.952, 9.818, 0.000, 
475, 4, 0, 477.278, 3138.982, 50.455, 2404.762, 25.778, 1795.396, 2743.760, 0.000, 1793.292, 0.000, 1.303, 9.177, 0.000, 
475, 4, 0, 499.750, 3099.378, 45.986, 2806.126, 26.160, 1800.607, 2234.722, 0.000, 1787.361, 0.000, 0.811, 9.057, 0.000, 
475, 4, 0, 482.427, 3141.557, 43.803, 2291.950, 26.600, 1801.749, 2240.773, 0.000, 1789.445, 0.000, 1.272, 9.978, 0.000, 
475, 4, 0, 498.267, 3138.862, 53.009, 2293.042, 26.289, 1800.846, 2768.086, 0.000, 1792.290, 0.000, 0.931, 8.937, 0.000, 
475, 4, 0, 482.237, 3074.061, 51.386, 2255.401, 29.646, 1796.639, 2729.814, 0.000, 1786.480, 0.000, 1.122, 8.937, 0.000, 
475, 4, 0, 484.912, 3097.364, 43.202, 2828.209, 26.510, 1802.450, 2319.161, 0.000, 1793.052, 0.000, 0.911, 9.097, 0.000, 
475, 4, 0, 490.272, 3203.374, 51.988, 2281.671, 25.939, 1795.466, 2671.023, 0.000, 1794.133, 0.000, 0.801, 9.738, 0.000, 
475, 4, 0, 485.072, 3086.564, 51.557, 2859.327, 25.988, 1802.930, 2246.665, 0.000, 1794.054, 0.000, 0.862, 9.017, 0.000, 
476, 4, 0, 481.105, 3103.676, 50.795, 2374.284, 25.327, 1802.950, 2758.747, 0.000, 1795.657, 0.000, 1.172, 9.739, 0.000, 
476, 4, 0, 490.022, 3066.206, 46.267, 2843.858, 25.518, 1805.596, 2209.034, 0.000, 1797.901, 0.000, 1.092, 9.658, 0.000, 
476, 4, 0, 481.125, 3188.997, 42.410, 2328.068, 26.810, 1805.565, 2680.720, 0.000, 1797.540, 0.000, 1.012, 9.418, 0.000, 
476, 4, 0, 495.802, 3137.099, 67.356, 2358.344, 25.297, 1802.149, 2703.444, 0.000, 1806.557, 0.000, 1.072, 9.017, 0.000, 
476, 4, 0, 527.131, 3438.055, 44.394, 2516.913, 25.708, 1802.660, 2193.966, 0.000, 1789.645, 0.000, 0.952, 9.097, 0.000, 
476, 4, 0, 488.589, 3128.323, 51.928, 2385.226, 26.820, 1801.658, 2691.822, 0.000, 1792.611, 0.000, 1.052, 9.217, 0.000, 
476, 4, 0, 502.405, 3171.665, 47.810, 2732.067, 25.578, 1803.412, 2256.202, 0.000, 1791.169, 0.000, 0.772, 10.019, 0.000, 
476, 4, 0, 477.277, 3152.739, 60.814, 2355.229, 26.580, 1807.379, 2729.132, 0.000, 1795.737, 0.000, 0.982, 9.177, 0.000, 
476, 4, 0, 486.295, 3272.043, 48.271, 2697.693, 28.684, 1811.898, 2262.013, 0.000, 1794.575, 0.000, 0.901, 9.178, 0.000, 
476, 4, 0, 483.780, 3220.405, 46.778, 2855.660, 26.079, 1803.722, 2325.253, 0.000, 1794.936, 0.000, 0.781, 9.057, 0.000, 
477, 4, 0, 480.784, 3168.197, 60.443, 2351.802, 26.019, 1807.109, 2727.929, 0.000, 1802.069, 0.000, 1.002, 9.257, 0.000, 
477, 4, 0, 475.044, 3116.851, 40.546, 2846.333, 25.308, 1810.134, 2324.050, 0.000, 1801.708, 0.000, 0.802, 9.658, 0.000, 
477, 4, 0, 479.762, 3135.285, 58.110, 2356.512, 25.779, 1803.983, 2718.192, 0.000, 1796.337, 0.000, 1.112, 9.217, 0.000, 
477, 4, 0, 470.404, 3155.324, 56.246, 2808.933, 25.708, 1808.381, 2234.923, 0.000, 1797.380, 0.000, 1.052, 10.220, 0.000, 
477, 4, 0, 479.933, 3177.175, 58.680, 2276.581, 27.041, 1809.693, 2665.733, 0.000, 1800.546, 0.000, 0.902, 9.658, 0.000, 
477, 4, 0, 485.082, 3209.887, 51.316, 2756.463, 27.031, 1811.096, 2802.390, 0.000, 1794.735, 0.000, 0.822, 9.698, 0.000, 
477, 4, 0, 471.357, 3149.783, 41.148, 2847.765, 27.461, 1810.644, 2311.186, 0.000, 1800.466, 0.000, 0.912, 10.259, 0.000, 
477, 4, 0, 501.203, 3235.474, 51.837, 2854.066, 25.428, 1808.380, 2318.239, 0.000, 1791.850, 0.000, 0.781, 10.139, 0.000, 
477, 4, 0, 489.030, 3268.616, 62.798, 2357.413, 26.220, 1807.399, 2562.859, 0.000, 1799.584, 0.000, 0.801, 9.618, 0.000, 
477, 4, 0, 500.171, 3164.471, 54.262, 2313.220, 26.710, 1808.872, 2692.303, 0.000, 1805.155, 0.000, 0.761, 9.738, 0.000, 
478, 4, 0, 507.935, 3203.594, 50.054, 2731.706, 29.957, 1816.256, 2701.240, 0.000, 1804.594, 0.000, 1.122, 9.177, 0.000, 
478, 4, 0, 498.377, 3203.805, 58.049, 2385.276, 26.199, 1805.886, 2681.002, 0.000, 1805.916, 0.000, 0.982, 9.057, 0.000, 
478, 4, 0, 489.661, 3171.484, 42.510, 2322.177, 27.341, 1814.893, 2724.403, 0.000, 1802.590, 0.000, 1.032, 9.057, 0.000, 
478, 4, 0, 490.012, 3117.762, 55.475, 2812.710, 26.239, 1813.691, 2254.199, 0.000, 1800.706, 0.000, 0.831, 10.139, 0.000, 
478, 4, 0, 481.295, 3156.245, 46.086, 2328.488, 28.153, 1805.926, 2698.154, 0.000, 1804.032, 0.000, 1.293, 9.097, 0.000, 
478, 4, 0, 481.305, 3117.142, 55.134, 2876.810, 25.418, 1809.683, 2200.538, 0.000, 1800.626, 0.000, 1.132, 9.738, 0.000, 
478, 4, 0, 480.653, 3149.182, 56.546, 2403.239, 30.197, 1808.210, 2719.753, 0.000, 1803.912, 0.000, 1.352, 9.257, 0.000, 
478, 4, 0, 493.117, 3337.957, 53.621, 2654.712, 26.489, 1810.093, 2762.395, 0.000, 1803.311, 0.000, 13.175, 9.137, 0.000, 
478, 4, 0, 512.233, 3155.254, 43.452, 2752.215, 26.209, 1818.990, 2207.912, 0.000, 1805.515, 0.000, 1.143, 9.017, 0.000, 
478, 4, 0, 485.743, 3214.956, 48.651, 2273.114, 26.850, 1809.071, 2668.579, 0.000, 1806.116, 0.000, 0.761, 10.380, 0.000, 
479, 4, 0, 481.846, 3139.754, 51.427, 2826.756, 29.125, 1820.583, 2824.110, 0.000, 1808.681, 0.000, 0.922, 9.578, 0.000, 
479, 4, 0, 492.636, 3129.886, 58.480, 2823.329, 27.472, 1817.428, 2213.884, 0.000, 1810.044, 0.000, 1.262, 9.698, 0.000, 
479, 4, 0, 490.162, 3140.306, 42.750, 2340.321, 26.340, 1810.064, 2672.946, 0.000, 1806.397, 0.000, 1.813, 9.137, 0.000, 
479, 4, 0, 489.400, 3210.478, 50.545, 2750.662, 27.742, 1819.742, 2215.807, 0.000, 1806.878, 0.000, 0.812, 9.057, 0.000, 
479, 4, 0, 524.706, 3232.428, 51.907, 2857.573, 25.969, 1822.267, 2226.826, 0.000, 1808.201, 0.000, 0.802, 9.377, 0.000, 
479, 4, 0, 571.695, 3641.017, 66.265, 2382.441, 27.261, 1812.799, 2605.820, 0.000, 1803.351, 0.000, 1.062, 9.939, 0.000, 
479, 4, 0, 478.790, 3149.202, 56.006, 2401.707, 25.638, 1811.406, 2697.993, 0.000, 1806.757, 0.000, 0.440, 9.658, 0.000, 
479, 4, 0, 478.880, 3143.411, 57.909, 2835.382, 29.195, 1814.742, 2257.766, 0.000, 1808.481, 0.000, 0.832, 9.137, 0.000, 
479, 4, 0, 517.333, 3132.451, 47.730, 2752.817, 25.287, 1824.230, 2208.112, 0.000, 1808.601, 0.000, 0.892, 9.658, 0.000, 
479, 4, 0, 469.202, 3184.429, 57.137, 2415.783, 26.740, 1809.683, 2689.819, 0.000, 1807.439, 0.000, 0.851, 9.819, 0.000, 
480, 4, 0, 504.408, 3158.961, 61.786, 2803.071, 27.001, 1821.355, 2822.548, 0.000, 1810.124, 0.000, 1.342, 9.578, 0.000, 
480, 4, 0, 474.813, 3165.974, 48.672, 2784.206, 26.680, 1816.586, 2260.331, 0.000, 1811.607, 0.000, 1.202, 9.017, 0.000, 
480, 4, 0, 471.427, 3161.374, 47.850, 2353.847, 27.131, 1823.178, 2654.992, 0.000, 1810.926, 0.000, 1.062, 9.538, 0.000, 
480, 4, 0, 480.293, 3154.472, 60.474, 2390.776, 32.932, 1818.129, 2574.201, 0.000, 1813.650, 0.000, 1.172, 9.458, 0.000, 
480, 4, 0, 475.855, 3256.123, 48.582, 2342.094, 27.041, 1820.193, 2692.623, 0.000, 1812.167, 0.000, 0.932, 9.058, 0.000, 
480, 4, 0, 482.628, 3170.813, 46.467, 2299.043, 25.929, 1820.544, 2627.541, 0.000, 1808.161, 0.000, 0.862, 9.017, 0.000, 
480, 4, 0, 480.503, 3246.846, 44.213, 2773.035, 29.275, 1819.211, 2237.528, 0.000, 1804.112, 0.000, 0.831, 9.017, 0.000, 
480, 4, 0, 483.709, 3175.512, 57.648, 2324.651, 26.710, 1820.613, 2713.903, 0.000, 1811.567, 0.000, 1.263, 9.298, 0.000, 
480, 4, 0, 486.795, 3136.609, 39.835, 2356.441, 26.119, 1816.586, 2769.729, 0.000, 1809.763, 0.000, 0.942, 9.538, 0.000, 
480, 4, 0, 481.786, 3487.308, 73.258, 2611.621, 28.363, 1820.593, 2652.508, 0.000, 1809.804, 0.000, 1.092, 9.137, 0.000, 
481, 4, 0, 487.697, 3201.701, 47.038, 2346.583, 26.740, 1828.859, 2651.906, 0.000, 1813.210, 0.000, 0.992, 9.858, 0.000, 
481, 4, 0, 486.545, 3174.871, 55.033, 2796.939, 25.618, 1822.707, 2811.207, 0.000, 1814.292, 0.000, 1.122, 9.619, 0.000, 
481, 4, 0, 483.700, 3235.123, 45.636, 2764.078, 28.855, 1824.662, 2776.100, 0.000, 1815.334, 0.000, 0.892, 8.977, 0.000, 
481, 4, 0, 482.658, 3141.557, 47.850, 2383.412, 25.468, 1817.658, 2683.005, 0.000, 1814.251, 0.000, 0.912, 9.097, 0.000, 
481, 4, 0, 485.273, 3142.319, 57.549, 2387.831, 27.171, 1822.076, 2759.629, 0.000, 1815.454, 0.000, 1.172, 9.779, 0.000, 
481, 4, 0, 478.149, 3179.739, 58.770, 2405.464, 25.097, 1821.415, 2626.379, 0.000, 1809.883, 0.000, 0.931, 9.217, 0.000, 
481, 4, 0, 478.470, 3138.311, 58.390, 2420.823, 25.498, 1816.285, 2720.876, 0.000, 1813.891, 0.000, 0.992, 10.059, 0.000, 
481, 4, 0, 478.620, 3140.767, 54.583, 2826.635, 27.040, 1830.041, 2262.415, 0.000, 1816.616, 0.000, 0.681, 10.179, 0.000, 
481, 4, 0, 466.117, 3204.466, 52.609, 2398.169, 26.289, 1825.623, 2733.019, 0.000, 1814.251, 0.000, 1.162, 9.218, 0.000, 
481, 4, 0, 483.008, 3214.785, 44.684, 2753.267, 26.780, 1827.446, 2310.985, 0.000, 1830.522, 0.000, 1.051, 9.217, 0.000, 
482, 4, 0, 520.219, 3729.052, 70.583, 2447.673, 32.271, 1876.148, 2381.198, 0.000, 1811.767, 0.000, 1.083, 9.979, 0.000, 
482, 4, 0, 474.752, 3222.310, 45.105, 2309.263, 26.309, 1829.320, 2626.740, 0.000, 1815.253, 0.000, 0.781, 9.659, 0.000, 
482, 4, 0, 457.099, 3181.753, 45.776, 2874.475, 28.443, 1831.844, 2250.873, 0.000, 1820.183, 0.000, 0.992, 9.177, 0.000, 
482, 4, 0, 479.241, 3284.837, 46.347, 2280.097, 25.928, 1821.735, 2641.407, 0.000, 1814.052, 0.000, 0.902, 9.939, 0.000, 
482, 4, 0, 466.327, 3160.784, 62.979, 2428.517, 27.592, 1826.896, 2483.430, 0.000, 1820.143, 0.000, 1.032, 9.137, 0.000, 
482, 4, 0, 497.476, 3269.869, 62.027, 2820.554, 26.299, 1834.399, 2298.081, 0.000, 1814.612, 0.000, 0.832, 11.020, 0.000, 
482, 4, 0, 466.297, 3093.938, 43.732, 2476.838, 26.961, 1822.697, 2211.438, 0.000, 1814.252, 0.000, 0.972, 10.059, 0.000, 
482, 4, 0, 477.107, 3046.960, 60.624, 2418.849, 26.850, 1821.295, 2816.457, 0.000, 1817.578, 0.000, 0.922, 9.217, 0.000, 
482, 4, 0, 491.604, 3035.218, 49.443, 2298.553, 25.979, 1828.759, 2647.939, 0.000, 1819.742, 0.000, 0.722, 9.137, 0.000, 
482, 4, 0, 508.096, 3091.093, 52.359, 2840.922, 28.895, 1828.709, 2331.464, 0.000, 1818.299, 0.000, 0.951, 9.097, 0.000, 
483, 4, 0, 481.847, 3128.914, 59.732, 2424.088, 26.520, 1833.408, 2774.657, 0.000, 1822.106, 0.000, 0.671, 9.057, 0.000, 
483, 4, 0, 499.981, 3060.906, 55.023, 2861.761, 25.538, 1830.712, 2348.776, 0.000, 1821.305, 0.000, 1.062, 9.017, 0.000, 
483, 4, 0, 492.776, 3004.921, 45.535, 2459.375, 25.187, 1829.831, 2852.685, 0.000, 1821.866, 0.000, 0.581, 9.097, 0.000, 
483, 4, 0, 482.958, 3028.535, 42.169, 2284.996, 26.881, 1829.391, 2787.201, 0.000, 1823.028, 0.000, 0.871, 9.699, 0.000, 
483, 4, 0, 481.666, 3044.555, 41.608, 2289.085, 26.961, 1833.197, 2664.611, 0.000, 1826.876, 0.000, 1.032, 9.017, 0.000, 
483, 4, 0, 495.282, 3347.605, 65.353, 2696.180, 28.594, 1830.753, 2321.245, 0.000, 1824.111, 0.000, 0.911, 9.618, 0.000, 
483, 4, 0, 496.553, 3206.881, 60.323, 2834.640, 27.271, 1832.506, 2296.759, 0.000, 1823.669, 0.000, 0.962, 9.498, 0.000, 
483, 4, 0, 469.673, 3278.065, 52.168, 2341.513, 25.378, 1828.759, 2647.058, 0.000, 1822.146, 0.000, 0.782, 9.137, 0.000, 
483, 4, 0, 482.657, 3162.377, 47.460, 2367.903, 27.262, 1830.342, 2680.040, 0.000, 1821.746, 0.000, 0.872, 9.017, 0.000, 
483, 4, 0, 482.217, 3227.129, 60.804, 2355.580, 26.950, 1831.955, 2613.553, 0.000, 1822.788, 0.000, 0.902, 9.097, 0.000, 
484, 4, 0, 479.692, 3136.559, 42.670, 2396.346, 26.480, 1833.939, 2651.426, 0.000, 1820.023, 0.000, 1.263, 9.378, 0.000, 
484, 4, 0, 491.926, 3198.514, 52.488, 2323.268, 30.126, 1846.312, 2643.851, 0.000, 1826.716, 0.000, 0.672, 10.099, 0.000, 
484, 4, 0, 487.036, 3242.367, 60.424, 2331.264, 26.350, 1835.191, 2653.390, 0.000, 1825.793, 0.000, 0.942, 9.418, 0.000, 
484, 4, 0, 489.961, 3189.768, 60.323, 2341.313, 26.389, 1839.840, 2733.020, 0.000, 1822.147, 0.000, 1.022, 9.258, 0.000, 
484, 4, 0, 491.464, 3163.168, 48.481, 2342.745, 26.279, 1835.722, 2656.996, 0.000, 1825.353, 0.000, 1.032, 9.418, 0.000, 
484, 4, 0, 494.099, 3286.821, 52.248, 2906.796, 29.816, 1834.209, 2539.976, 0.000, 1819.822, 0.000, 1.112, 9.618, 0.000, 
484, 4, 0, 496.944, 3196.330, 45.917, 2893.902, 27.722, 1837.815, 2294.154, 0.000, 1826.274, 0.000, 0.831, 9.097, 0.000, 
484, 4, 0, 482.628, 3333.008, 58.830, 2848.696, 27.040, 1836.513, 2822.347, 0.000, 1825.472, 0.000, 0.882, 9.417, 0.000, 
484, 4, 0, 487.367, 3200.498, 57.788, 2769.738, 26.670, 1831.114, 2836.935, 0.000, 1826.194, 0.000, 0.972, 9.819, 0.000, 
484, 4, 0, 488.469, 3183.166, 41.909, 2325.663, 26.380, 1838.868, 2669.860, 0.000, 1826.635, 0.000, 1.012, 9.138, 0.000, 
485, 4, 0, 484.040, 3348.126, 59.592, 2891.989, 26.269, 1837.946, 2762.635, 0.000, 1824.190, 0.000, 1.163, 9.698, 0.000, 
485, 4, 0, 490.903, 3196.411, 49.242, 2359.927, 26.409, 1840.861, 2623.734, 0.000, 1824.631, 0.000, 1.142, 9.778, 0.000, 
485, 4, 0, 487.006, 3168.518, 47.700, 2907.618, 27.742, 1837.405, 2804.554, 0.000, 1828.078, 0.000, 1.513, 8.937, 0.000, 
485, 4, 0, 506.864, 3242.908, 54.132, 2896.737, 26.760, 1837.566, 2275.760, 0.000, 1827.196, 0.000, 1.012, 9.058, 0.000, 
485, 4, 0, 490.041, 3229.643, 61.987, 2874.296, 29.365, 1840.100, 2238.730, 0.000, 1829.841, 0.000, 0.932, 9.739, 0.000, 
485, 4, 0, 512.063, 3160.663, 58.230, 2881.178, 27.031, 1841.513, 2260.571, 0.000, 1823.550, 0.000, 0.772, 9.017, 0.000, 
485, 4, 0, 516.281, 3195.499, 50.595, 2821.105, 24.607, 1833.608, 2748.568, 0.000, 1830.281, 0.000, 1.062, 9.097, 0.000, 
485, 4, 0, 511.983, 3223.311, 42.239, 2318.419, 27.011, 1837.716, 2622.812, 0.000, 1825.392, 0.000, 1.022, 8.977, 0.000, 
485, 4, 0, 506.873, 3375.548, 52.569, 2813.070, 27.893, 1842.465, 2807.399, 0.000, 1828.398, 0.000, 0.801, 9.659, 0.000, 
485, 4, 0, 505.440, 3165.553, 44.884, 2361.971, 25.749, 1833.939, 2730.054, 0.000, 1831.123, 0.000, 0.962, 9.298, 0.000, 
486, 4, 0, 506.723, 3129.465, 55.274, 2388.512, 26.389, 1836.644, 2597.885, 0.000, 1828.719, 0.000, 1.002, 9.819, 0.000, 
486, 4, 0, 504.318, 3237.468, 61.135, 2905.735, 28.083, 1843.276, 2738.189, 0.000, 1832.726, 0.000, 1.032, 9.618, 0.000, 
486, 4, 0, 478.911, 3196.190, 46.428, 2367.683, 24.666, 1837.084, 2649.182, 0.000, 1832.726, 0.000, 1.412, 9.178, 0.000, 
486, 4, 0, 487.888, 3179.849, 59.642, 2374.545, 26.009, 1843.567, 2461.148, 0.000, 1836.173, 0.000, 1.523, 9.297, 0.000, 
486, 4, 0, 483.018, 3187.073, 56.266, 2359.337, 27.031, 1836.534, 2638.642, 0.000, 1827.958, 0.000, 1.132, 9.738, 0.000, 
486, 4, 0, 479.582, 3245.113, 47.640, 2923.788, 26.500, 1841.934, 2285.418, 0.000, 1830.162, 0.000, 0.731, 9.177, 0.000, 
486, 4, 0, 495.472, 3180.621, 47.640, 2929.138, 26.350, 1836.043, 2252.476, 0.000, 1828.118, 0.000, 1.333, 9.258, 0.000, 
486, 4, 0, 477.568, 3210.488, 57.027, 2894.914, 27.101, 1845.320, 2785.477, 0.000, 1838.578, 0.000, 0.791, 9.938, 0.000, 
486, 4, 0, 491.043, 3210.397, 47.820, 2344.048, 28.063, 1838.657, 2580.854, 0.000, 1830.122, 0.000, 0.842, 9.177, 0.000, 
486, 4, 0, 489.591, 3278.265, 60.714, 2879.916, 27.070, 1836.052, 2808.361, 0.000, 1829.360, 0.000, 0.962, 9.137, 0.000, 
487, 4, 0, 494.921, 3194.317, 46.848, 2331.033, 25.928, 1840.200, 2684.848, 0.000, 1836.934, 0.000, 0.701, 11.221, 0.000, 
487, 4, 0, 498.808, 3209.204, 61.316, 2903.340, 25.588, 1849.388, 2238.049, 0.000, 1836.694, 0.000, 0.822, 9.699, 0.000, 
487, 4, 0, 486.084, 3184.749, 59.131, 2908.530, 26.560, 1853.055, 2776.220, 0.000, 1840.942, 0.000, 1.072, 9.258, 0.000, 
487, 4, 0, 485.924, 3165.302, 55.935, 2387.921, 26.089, 1841.012, 2674.630, 0.000, 1839.620, 0.000, 0.541, 9.338, 0.000, 
487, 4, 0, 491.845, 3284.286, 58.820, 2913.649, 24.887, 1846.923, 2532.762, 0.000, 1860.699, 0.000, 1.132, 9.338, 0.000, 
487, 4, 0, 525.388, 3389.354, 46.467, 2626.118, 28.043, 1847.494, 2820.584, 0.000, 1835.251, 0.000, 0.912, 9.658, 0.000, 
487, 4, 0, 503.988, 3405.474, 53.991, 2638.742, 27.562, 1842.515, 2762.275, 0.000, 1838.778, 0.000, 1.192, 9.938, 0.000, 
487, 4, 0, 476.256, 3066.366, 62.327, 2487.007, 27.171, 1843.406, 2799.103, 0.000, 1836.854, 0.000, 0.882, 9.137, 0.000, 
487, 4, 0, 476.506, 3099.198, 45.746, 2893.171, 28.233, 1844.929, 2284.696, 0.000, 1839.660, 0.000, 1.002, 9.178, 0.000, 
487, 4, 0, 484.491, 3124.225, 51.938, 2346.203, 25.808, 1842.324, 2675.431, 0.000, 1835.813, 0.000, 0.741, 9.659, 0.000, 
488, 4, 0, 479.241, 3255.933, 61.276, 2776.942, 25.277, 1849.097, 2827.035, 0.000, 1841.302, 0.000, 0.601, 9.057, 0.000, 
488, 4, 0, 478.209, 3169.630, 48.602, 2860.439, 27.241, 1846.362, 2853.286, 0.000, 1841.623, 0.000, 1.202, 8.656, 0.000, 
488, 4, 0, 496.564, 3203.484, 50.675, 2928.286, 26.330, 1854.247, 2800.867, 0.000, 1837.456, 0.000, 1.243, 9.137, 0.000, 
488, 4, 0, 490.663, 3215.426, 55.163, 2915.191, 26.269, 1847.254, 2849.438, 0.000, 1842.785, 0.000, 0.832, 8.897, 0.000, 
488, 4, 0, 496.724, 3300.025, 49.684, 2829.632, 25.848, 1852.143, 2810.364, 0.000, 1843.747, 0.000, 0.901, 9.177, 0.000, 
488, 4, 0, 521.270, 3414.601, 48.862, 2624.636, 27.792, 1845.350, 2792.571, 0.000, 1845.429, 0.000, 0.781, 9.819, 0.000, 
488, 4, 0, 482.337, 3195.489, 52.749, 2395.064, 25.107, 1848.376, 2679.479, 0.000, 1845.070, 0.000, 0.861, 9.898, 0.000, 
488, 4, 0, 490.522, 3201.611, 55.765, 2877.711, 28.223, 1851.001, 2806.518, 0.000, 1840.621, 0.000, 1.382, 9.217, 0.000, 
488, 4, 0, 487.557, 3226.978, 48.672, 2311.527, 25.829, 1851.863, 2613.835, 0.000, 1835.371, 0.000, 0.762, 9.538, 0.000, 
488, 4, 0, 495.872, 3220.436, 60.083, 2883.773, 27.803, 1844.128, 2769.007, 0.000, 1839.620, 0.000, 1.092, 9.658, 0.000, 
489, 4, 0, 489.139, 3217.480, 45.486, 2344.950, 26.851, 1852.694, 2652.749, 0.000, 1840.621, 0.000, 0.982, 9.217, 0.000, 
489, 4, 0, 516.110, 3271.002, 51.356, 2834.961, 25.438, 1860.058, 2786.921, 0.000, 1843.787, 0.000, 0.822, 9.698, 0.000, 
489, 4, 0, 492.436, 3204.536, 58.981, 2936.532, 25.778, 1851.271, 2828.519, 0.000, 1846.512, 0.000, 0.751, 9.899, 0.000, 
489, 4, 0, 492.957, 3226.948, 56.957, 2918.899, 26.630, 1852.613, 2848.837, 0.000, 1845.991, 0.000, 1.282, 9.137, 0.000, 
489, 4, 0, 492.265, 3242.658, 56.016, 2317.138, 27.011, 1859.406, 2597.684, 0.000, 1847.794, 0.000, 0.661, 9.178, 0.000, 
489, 4, 0, 494.520, 3216.599, 61.345, 2900.224, 25.989, 1860.569, 2808.441, 0.000, 1845.030, 0.000, 1.012, 9.738, 0.000, 
489, 4, 0, 496.033, 3226.096, 60.113, 2917.135, 24.967, 1852.874, 2853.286, 0.000, 1844.108, 0.000, 0.821, 9.698, 0.000, 
489, 4, 0, 489.611, 3223.241, 54.893, 2929.599, 26.900, 1848.696, 2757.466, 0.000, 1845.230, 0.000, 1.152, 9.177, 0.000, 
489, 4, 0, 492.245, 3221.047, 44.574, 2349.028, 26.500, 1847.163, 2621.770, 0.000, 1843.226, 0.000, 1.012, 9.738, 0.000, 
489, 4, 0, 497.075, 3180.250, 48.361, 2342.746, 26.169, 1857.303, 2605.941, 0.000, 1845.791, 0.000, 1.102, 9.138, 0.000, 
490, 4, 0, 493.427, 3243.609, 64.882, 2920.853, 27.041, 1858.625, 2854.247, 0.000, 1849.398, 0.000, 0.902, 9.338, 0.000, 
490, 4, 0, 493.168, 3299.244, 46.708, 2882.420, 26.559, 1857.683, 2844.990, 0.000, 1851.361, 0.000, 0.671, 9.778, 0.000, 
490, 4, 0, 489.991, 3197.884, 74.060, 2944.337, 25.879, 1853.295, 2732.017, 0.000, 1844.789, 0.000, 0.842, 9.257, 0.000, 
490, 4, 0, 494.490, 3284.667, 47.068, 2878.753, 27.531, 1856.420, 2775.339, 0.000, 1849.197, 0.000, 1.062, 8.977, 0.000, 
490, 4, 0, 500.010, 3351.493, 60.735, 2832.507, 26.810, 1858.174, 2809.484, 0.000, 1845.871, 0.000, 0.671, 9.698, 0.000, 
490, 4, 0, 497.365, 3250.382, 60.073, 2914.521, 26.419, 1862.322, 2866.390, 0.000, 1849.597, 0.000, 0.922, 9.177, 0.000, 
490, 4, 0, 501.803, 3259.339, 57.608, 2903.740, 27.312, 1857.062, 2726.567, 0.000, 1847.755, 0.000, 1.072, 8.897, 0.000, 
490, 4, 0, 488.579, 3217.731, 42.240, 2874.175, 27.261, 1855.740, 2769.849, 0.000, 1843.827, 0.000, 0.642, 9.057, 0.000, 
490, 4, 0, 481.605, 3205.798, 41.398, 2368.955, 26.930, 1856.050, 2608.305, 0.000, 1847.514, 0.000, 0.972, 9.698, 0.000, 
490, 4, 0, 473.671, 3229.513, 47.319, 2378.763, 26.380, 1862.262, 2526.391, 0.000, 1847.595, 0.000, 1.042, 9.218, 0.000, 
491, 4, 0, 481.155, 3280.529, 45.045, 2877.712, 26.469, 1862.011, 2801.869, 0.000, 1849.798, 0.000, 0.822, 9.899, 0.000, 
491, 4, 0, 492.586, 3226.367, 58.580, 2943.836, 25.398, 1868.875, 2862.983, 0.000, 1856.571, 0.000, 1.152, 9.818, 0.000, 
491, 4, 0, 482.237, 3223.722, 57.749, 2939.157, 26.160, 1864.497, 2806.718, 0.000, 1849.958, 0.000, 1.022, 9.137, 0.000, 
491, 4, 0, 483.079, 3219.414, 43.181, 2372.451, 26.049, 1863.184, 2583.458, 0.000, 1852.243, 0.000, 1.062, 9.137, 0.000, 
491, 4, 0, 556.647, 4052.150, 79.730, 2635.095, 32.451, 1857.463, 2467.881, 0.000, 1846.352, 0.000, 1.012, 9.177, 0.000, 
491, 4, 0, 500.081, 3323.409, 55.895, 2686.411, 27.591, 1866.600, 2728.971, 0.000, 1849.638, 0.000, 0.701, 9.257, 0.000, 
491, 4, 0, 485.664, 3372.853, 64.190, 2816.506, 26.851, 1862.763, 2696.751, 0.000, 1858.976, 0.000, 1.243, 10.059, 0.000, 
491, 4, 0, 482.968, 3255.442, 61.285, 2941.281, 27.402, 1865.769, 2842.785, 0.000, 1855.169, 0.000, 1.001, 9.819, 0.000, 
491, 4, 0, 482.858, 3370.147, 50.114, 2873.513, 27.232, 1861.401, 2808.641, 0.000, 1851.041, 0.000, 0.772, 9.177, 0.000, 
491, 4, 0, 483.329, 3289.936, 64.300, 2936.201, 25.248, 1862.302, 2787.722, 0.000, 1854.247, 0.000, 1.102, 9.177, 0.000, 
492, 4, 0, 491.033, 3316.416, 58.210, 2816.256, 26.550, 1860.920, 2726.006, 0.000, 1852.202, 0.000, 1.183, 9.738, 0.000, 
492, 4, 0, 489.230, 3256.023, 49.453, 2864.026, 28.173, 1865.769, 2803.151, 0.000, 1855.129, 0.000, 1.132, 9.698, 0.000, 
492, 4, 0, 486.314, 3278.185, 44.243, 2889.053, 27.512, 1860.158, 2837.897, 0.000, 1852.363, 0.000, 0.892, 9.137, 0.000, 
492, 4, 0, 489.661, 3265.440, 64.912, 2927.425, 25.719, 1866.741, 2737.949, 0.000, 1852.684, 0.000, 1.132, 10.220, 0.000, 
492, 4, 0, 527.793, 3502.095, 59.432, 2443.665, 27.252, 1863.565, 2637.119, 0.000, 1855.289, 0.000, 1.282, 9.779, 0.000, 
492, 4, 0, 470.675, 3236.767, 61.325, 2943.976, 28.143, 1862.743, 2731.377, 0.000, 1850.199, 0.000, 1.112, 9.017, 0.000, 
492, 4, 0, 476.136, 3225.405, 60.444, 2928.057, 27.411, 1863.694, 2846.313, 0.000, 1850.921, 0.000, 0.832, 9.738, 0.000, 
492, 4, 0, 477.699, 3381.549, 66.014, 2847.905, 26.860, 1858.745, 2727.249, 0.000, 1853.405, 0.000, 1.042, 9.218, 0.000, 
492, 4, 0, 480.694, 3314.874, 53.310, 2894.934, 25.678, 1862.442, 2849.679, 0.000, 1852.764, 0.000, 1.193, 9.898, 0.000, 
492, 4, 0, 495.061, 3217.320, 45.746, 2908.790, 25.959, 1859.507, 2860.058, 0.000, 1851.481, 0.000, 0.962, 9.659, 0.000, 
493, 4, 0, 485.754, 3218.222, 65.683, 2973.501, 27.542, 1873.112, 2806.838, 0.000, 1856.851, 0.000, 0.861, 9.057, 0.000, 
493, 4, 0, 486.155, 3268.887, 64.441, 2941.581, 27.341, 1871.288, 2742.277, 0.000, 1862.222, 0.000, 0.782, 9.017, 0.000, 
493, 4, 0, 483.308, 3284.817, 43.692, 2907.146, 26.550, 1870.468, 2822.548, 0.000, 1863.624, 0.000, 1.022, 9.217, 0.000, 
493, 4, 0, 505.420, 3291.680, 63.039, 2846.824, 25.768, 1863.214, 2761.232, 0.000, 1855.529, 0.000, 0.801, 9.098, 0.000, 
493, 4, 0, 501.453, 3251.023, 50.294, 2905.964, 25.999, 1866.901, 2672.065, 0.000, 1859.938, 0.000, 0.792, 8.857, 0.000, 
493, 4, 0, 479.833, 3229.503, 52.759, 2343.216, 26.600, 1873.383, 2580.333, 0.000, 1861.219, 0.000, 0.892, 9.778, 0.000, 
493, 4, 0, 478.691, 3238.129, 51.878, 2929.389, 27.562, 1873.072, 2848.236, 0.000, 1860.939, 0.000, 0.842, 9.017, 0.000, 
493, 4, 0, 503.416, 3240.463, 58.931, 2350.440, 25.828, 1870.216, 2570.073, 0.000, 1859.377, 0.000, 0.751, 9.177, 0.000, 
493, 4, 0, 511.221, 3219.584, 49.493, 2900.114, 27.191, 1866.750, 2818.340, 0.000, 1857.252, 0.000, 0.661, 9.097, 0.000, 
493, 4, 0, 485.072, 3404.402, 49.383, 2800.566, 25.368, 1865.017, 2769.488, 0.000, 1855.529, 0.000, 0.791, 9.738, 0.000, 
494, 4, 0, 478.229, 3207.592, 56.697, 2357.243, 27.111, 1876.258, 2628.222, 0.000, 1862.461, 0.000, 0.891, 9.177, 0.000, 
494, 4, 0, 478.059, 3280.168, 62.227, 2950.368, 26.710, 1870.417, 2820.624, 0.000, 1858.855, 0.000, 0.812, 9.658, 0.000, 
494, 4, 0, 490.462, 3226.106, 53.570, 2930.601, 28.874, 1873.904, 2735.904, 0.000, 1863.344, 0.000, 1.172, 9.618, 0.000, 
494, 4, 0, 490.913, 3482.298, 50.424, 2714.414, 27.281, 1873.142, 2608.987, 0.000, 1862.943, 0.000, 1.133, 9.418, 0.000, 
494, 4, 0, 488.709, 3247.126, 60.805, 2952.172, 27.241, 1871.599, 2761.192, 0.000, 1865.307, 0.000, 0.682, 9.057, 0.000, 
494, 4, 0, 487.317, 3298.873, 48.381, 2893.562, 27.812, 1870.116, 2700.398, 0.000, 1860.939, 0.000, 1.122, 9.217, 0.000, 
494, 4, 0, 486.255, 3414.781, 48.151, 2818.841, 27.572, 1868.875, 2738.229, 0.000, 1864.626, 0.000, 1.042, 9.538, 0.000, 
494, 4, 0, 487.397, 3325.373, 59.902, 2857.193, 26.870, 1872.691, 2788.123, 0.000, 1862.102, 0.000, 1.192, 9.177, 0.000, 
494, 4, 0, 492.276, 3266.062, 50.154, 2882.370, 27.802, 1870.938, 2778.666, 0.000, 1866.150, 0.000, 1.142, 9.819, 0.000, 
494, 4, 0, 480.764, 3203.464, 61.987, 2960.287, 27.532, 1872.391, 2803.672, 0.000, 1860.138, 0.000, 1.012, 9.137, 0.000, 
495, 4, 0, 479.201, 3299.014, 45.986, 2918.117, 26.731, 1882.280, 2748.087, 0.000, 1864.785, 0.000, 0.902, 9.698, 0.000, 
495, 4, 0, 498.237, 3265.761, 50.044, 2915.352, 27.282, 1872.001, 2803.793, 0.000, 1868.233, 0.000, 0.782, 9.658, 0.000, 
495, 4, 0, 501.744, 3162.216, 57.418, 2358.064, 30.007, 1875.297, 2765.801, 0.000, 1868.153, 0.000, 0.712, 9.418, 0.000, 
495, 4, 0, 520.519, 3264.980, 50.304, 2792.271, 27.972, 1883.492, 2810.645, 0.000, 1867.833, 0.000, 0.681, 9.658, 0.000, 
495, 4, 0, 508.005, 3295.037, 61.576, 2886.939, 26.469, 1871.409, 2702.161, 0.000, 1866.991, 0.000, 1.032, 9.658, 0.000, 
495, 4, 0, 507.084, 3195.649, 56.326, 2957.661, 26.840, 1875.877, 2269.588, 0.000, 1870.236, 0.000, 1.072, 9.017, 0.000, 
495, 4, 0, 502.655, 3188.085, 48.401, 2911.886, 26.169, 1870.438, 2732.017, 0.000, 1862.743, 0.000, 1.362, 9.017, 0.000, 
495, 4, 0, 511.152, 3374.846, 55.765, 2730.445, 26.169, 1877.781, 2703.805, 0.000, 1867.432, 0.000, 1.252, 8.977, 0.000, 
495, 4, 0, 499.158, 3308.552, 46.067, 2836.965, 26.791, 1877.992, 2665.332, 0.000, 1870.437, 0.000, 0.942, 9.378, 0.000, 
495, 4, 0, 512.524, 3269.028, 58.430, 2775.038, 26.330, 1870.307, 2732.379, 0.000, 1866.630, 0.000, 1.453, 9.137, 0.000, 
496, 4, 0, 521.771, 3417.908, 51.327, 2801.719, 26.760, 1884.283, 2744.160, 0.000, 1869.354, 0.000, 0.752, 9.699, 0.000, 
496, 4, 0, 510.931, 3385.195, 65.063, 2769.188, 25.788, 1878.502, 2694.868, 0.000, 1875.046, 0.000, 0.911, 9.618, 0.000, 
496, 4, 0, 509.818, 3443.947, 65.644, 2767.635, 27.141, 1876.258, 2650.103, 0.000, 1872.281, 0.000, 1.122, 8.977, 0.000, 
496, 4, 0, 526.681, 3295.297, 59.081, 2677.875, 27.051, 1881.017, 2676.874, 0.000, 1872.761, 0.000, 0.922, 9.057, 0.000, 
496, 4, 0, 512.984, 3367.672, 52.238, 2737.267, 28.273, 1885.796, 2672.826, 0.000, 1871.760, 0.000, 0.802, 9.698, 0.000, 
496, 4, 0, 519.827, 3310.876, 64.621, 2777.974, 27.953, 1885.976, 2704.566, 0.000, 1872.120, 0.000, 0.801, 9.258, 0.000, 
496, 4, 0, 514.067, 3399.182, 55.784, 2742.236, 26.771, 1883.001, 2700.317, 0.000, 1872.442, 0.000, 1.042, 9.057, 0.000, 
496, 4, 0, 531.299, 3307.159, 49.583, 2801.208, 27.822, 1880.967, 2633.272, 0.000, 1877.451, 0.000, 1.303, 9.899, 0.000, 
496, 4, 0, 531.059, 3294.084, 60.384, 2785.258, 27.011, 1887.770, 2632.591, 0.000, 1871.760, 0.000, 0.661, 9.178, 0.000, 
496, 4, 0, 507.173, 3435.731, 71.294, 2783.515, 27.912, 1884.934, 2678.877, 0.000, 1871.199, 0.000, 1.072, 9.017, 0.000, 
497, 4, 0, 537.611, 3320.293, 61.656, 2780.979, 26.160, 1882.641, 2628.303, 0.000, 1872.039, 0.000, 0.942, 9.698, 0.000, 
497, 4, 0, 517.163, 3168.818, 55.123, 2902.688, 26.971, 1885.656, 2680.761, 0.000, 1875.086, 0.000, 1.132, 9.017, 0.000, 
497, 4, 0, 508.526, 3256.393, 66.175, 2794.195, 25.869, 1880.416, 2716.428, 0.000, 1873.924, 0.000, 0.922, 9.218, 0.000, 
497, 4, 0, 511.983, 3326.476, 51.527, 2811.837, 27.602, 1885.857, 2762.194, 0.000, 1874.565, 0.000, 0.831, 9.257, 0.000, 
497, 4, 0, 502.885, 3258.488, 41.929, 2927.876, 25.648, 1878.071, 2783.995, 0.000, 1873.162, 0.000, 0.781, 9.939, 0.000, 
497, 4, 0, 516.841, 3345.361, 50.415, 2755.412, 27.522, 1882.991, 2692.824, 0.000, 1868.153, 0.000, 0.892, 9.137, 0.000, 
497, 4, 0, 516.742, 3315.013, 62.627, 2780.158, 27.361, 1885.345, 2688.656, 0.000, 1871.519, 0.000, 0.962, 9.177, 0.000, 
497, 4, 0, 515.158, 3371.601, 44.614, 2740.433, 26.630, 1886.458, 2664.490, 0.000, 1868.874, 0.000, 0.651, 9.898, 0.000, 
497, 4, 0, 505.961, 3332.868, 64.882, 2794.384, 29.966, 1887.008, 2559.573, 0.000, 1874.565, 0.000, 0.881, 9.618, 0.000, 
497, 4, 0, 512.324, 3336.013, 57.198, 2815.495, 26.650, 1885.977, 2717.590, 0.000, 1874.325, 0.000, 1.102, 9.698, 0.000, 
498, 4, 0, 514.006, 3376.379, 62.278, 2788.614, 27.391, 1889.192, 2710.977, 0.000, 1882.860, 0.000, 1.072, 8.937, 0.000, 
498, 4, 0, 511.823, 3501.665, 53.020, 2613.524, 27.622, 1889.703, 2543.943, 0.000, 1878.893, 0.000, 0.682, 9.097, 0.000, 
498, 4, 0, 522.071, 3365.118, 45.296, 2738.490, 26.701, 1889.253, 2632.230, 0.000, 1873.282, 0.000, 1.172, 9.097, 0.000, 
498, 4, 0, 517.874, 3351.412, 61.446, 2779.227, 27.161, 1887.198, 2668.939, 0.000, 1873.443, 0.000, 1.082, 9.658, 0.000, 
498, 4, 0, 522.452, 3367.813, 50.174, 2724.654, 26.229, 1888.120, 2713.663, 0.000, 1879.374, 0.000, 0.591, 9.097, 0.000, 
498, 4, 0, 521.731, 3376.880, 60.153, 2709.956, 27.461, 1883.672, 2568.029, 0.000, 1884.663, 0.000, 0.661, 9.819, 0.000, 
498, 4, 0, 515.008, 3324.462, 61.355, 2778.234, 27.672, 1887.299, 2672.906, 0.000, 1874.605, 0.000, 1.102, 9.618, 0.000, 
498, 4, 0, 516.100, 3347.716, 50.956, 2759.840, 27.111, 1890.695, 2562.138, 0.000, 1880.216, 0.000, 0.521, 9.178, 0.000, 
498, 4, 0, 518.555, 3314.934, 44.234, 2768.346, 25.578, 1890.475, 2644.493, 0.000, 1879.575, 0.000, 0.892, 9.097, 0.000, 
498, 4, 0, 515.890, 3356.562, 59.822, 2709.405, 27.922, 1888.902, 2555.205, 0.000, 1879.575, 0.000, 0.811, 9.778, 0.000, 
499, 4, 0, 543.091, 3352.695, 45.546, 2637.891, 27.011, 1893.751, 2584.580, 0.000, 1885.665, 0.000, 1.302, 9.819, 0.000, 
499, 4, 0, 537.972, 3306.127, 57.338, 2575.634, 27.752, 1896.055, 2632.350, 0.000, 1882.981, 0.000, 0.951, 9.057, 0.000, 
499, 4, 0, 535.246, 3320.515, 61.365, 2714.865, 27.642, 1885.366, 2487.478, 0.000, 1880.817, 0.000, 0.832, 9.177, 0.000, 
499, 4, 0, 557.819, 3258.909, 57.718, 2727.759, 27.622, 1890.045, 2736.426, 0.000, 1881.939, 0.000, 1.263, 9.097, 0.000, 
499, 4, 0, 532.671, 3223.101, 51.056, 2846.573, 26.600, 1890.225, 2696.551, 0.000, 1879.655, 0.000, 1.232, 9.818, 0.000, 
499, 4, 0, 529.916, 3228.992, 60.454, 2819.472, 28.413, 1894.532, 2723.000, 0.000, 1876.368, 0.000, 1.102, 9.297, 0.000, 
499, 4, 0, 524.366, 3223.341, 49.694, 2855.680, 26.901, 1894.904, 2739.432, 0.000, 1882.500, 0.000, 0.792, 8.897, 0.000, 
499, 4, 0, 535.176, 3372.181, 46.527, 2753.377, 27.322, 1889.744, 2652.789, 0.000, 1881.739, 0.000, 1.242, 9.178, 0.000, 
499, 4, 0, 531.449, 3351.653, 60.444, 2726.738, 27.942, 1888.671, 2606.702, 0.000, 1881.818, 0.000, 1.173, 10.099, 0.000, 
499, 4, 0, 526.851, 3284.957, 62.778, 2795.446, 27.161, 1890.695, 2579.009, 0.000, 1895.364, 0.000, 0.881, 9.859, 0.000, 
500, 4, 0, 554.613, 3530.479, 69.241, 2607.193, 27.832, 1892.239, 2508.196, 0.000, 1885.025, 0.000, 0.802, 9.017, 0.000, 
500, 4, 0, 530.467, 3388.462, 73.829, 2705.327, 28.454, 1894.713, 2589.630, 0.000, 1884.504, 0.000, 1.082, 9.739, 0.000, 
500, 4, 0, 550.646, 3317.579, 50.906, 2746.815, 27.342, 1890.295, 2608.626, 0.000, 1885.426, 0.000, 1.152, 9.137, 0.000, 
500, 4, 0, 526.290, 3281.992, 62.197, 2737.738, 26.330, 1900.915, 2581.294, 0.000, 1885.505, 0.000, 1.022, 9.858, 0.000, 
500, 4, 0, 525.809, 3272.284, 43.392, 2781.992, 27.271, 1890.064, 2623.093, 0.000, 1884.704, 0.000, 1.042, 9.738, 0.000, 
500, 4, 0, 537.000, 3361.512, 56.085, 2757.485, 28.524, 1893.290, 2556.768, 0.000, 1880.014, 0.000, 1.082, 9.057, 0.000, 
500, 4, 0, 557.879, 3358.937, 63.960, 2715.436, 26.300, 1898.119, 2560.816, 0.000, 1885.826, 0.000, 0.952, 9.378, 0.000, 
500, 4, 0, 539.344, 3276.231, 58.680, 2720.335, 28.323, 1893.100, 2638.000, 0.000, 1885.305, 0.000, 1.162, 9.137, 0.000, 
500, 4, 0, 525.939, 3328.880, 42.109, 2766.512, 28.153, 1895.294, 2574.481, 0.000, 1880.777, 0.000, 0.751, 9.698, 0.000, 
500, 4, 0, 528.864, 3363.395, 58.890, 2691.731, 27.191, 1894.523, 2564.502, 0.000, 1885.706, 0.000, 0.721, 9.177, 0.000, 

